title,type,genre_ids,overview,release_date,popularity,vote_average,poster_path,genre_names
Spider-Man: Brand New Day,movie,"[878, 28, 12]",Fighting crime full-time as Spider-Man in a world that doesn't remember him—and the pressure of seeing his old friends move on without him—sparks a change in Peter Parker he may not have the power to control. But that transformation might also be the only thing that can stop a shocking new threat to the city and those he loves - a powerful villain no one can even see.,2026-07-29,952.532,7.873,/bjiS5ipwxb9JFy3XRRN4OAilSeX.jpg,"Science Fiction, Action, Adventure"
The Odyssey,movie,"[12, 28, 14]","Odysseus, the legendary King of Ithaca, embarks on a long and perilous journey home following the Trojan War. Throughout his voyage, he is forced to confront the whims of gods, mythological monsters, and trials that stretch both his cunning and his humanity to the breaking point.",2026-07-15,544.3226,7.99,/5rhTDKUhPYvpdQIijFIs5VoWsON.jpg,"Adventure, Action, Fantasy"
Mutiny,movie,"[28, 53]","After witnessing his billionaire boss' murder and being framed for the crime, Cole Reed boards a cargo ship on a one-man crusade to avenge his boss' death only to discover an international conspiracy.",2026-08-19,412.2288,6.36,/pu2VxGlpGwffOx292w18b1tv96j.jpg,"Action, Thriller"
The Last Sunrise,movie,"[10749, 18]","Ry, a college student with a chronic illness, escapes to Mallorca for the summer with her mother, where she unexpectedly falls for a local and begins to embrace living in the moment. But as her condition worsens and long-hidden family secrets come to light, everything she has found before summer's end is threatened.",2026-08-26,318.6222,6.6,/3PWJqDfygN0YNNjWsDUOXclCp3h.jpg,"Romance, Drama"
Facing El Chapo,movie,"[80, 28, 53]",Two Mexican officers must survive the final hours of their shift after crossing a ruthless cartel boss.,2026-08-21,275.713,8.867,/z8eF0ACFFKtIZ4pUeo02PCzxRVO.jpg,"Crime, Action, Thriller"
Toxic: A Fairy Tale for Grown-ups,movie,"[28, 80, 18]","A powerful drug cartel pulls the strings behind a facade of sun-soaked beaches as a gritty, violent underworld power struggle emerges during the crumbling of Portuguese colonial rule.",2026-08-26,260.8412,7.3,/oiIPU4lvnI0Ag2K9cyAi44eCaoE.jpg,"Action, Crime, Drama"
Coyote vs. Acme,movie,"[35, 12, 10751]","After Acme products fail him one too many times in his dogged pursuit of the Roadrunner, Wile E. Coyote decides to hire a billboard lawyer to sue the Acme Corporation.",2026-08-20,246.8996,7.829,/vhv7lBWYM0DUuNU2a0V7Rhq21dD.jpg,"Comedy, Adventure, Family"
Obsession,movie,"[27, 53]","After breaking the mysterious ""One Wish Willow"" to win his crush's heart, a hopeless romantic finds himself getting exactly what he asked for but soon discovers that some desires come at a dark, sinister price.",2026-05-13,218.7101,8.205,/bRwnj8WEKBCvmfeUNOukJPwB43K.jpg,"Horror, Thriller"
Pinocchio: Unstrung,movie,"[27, 14, 9648]","Influenced by a sinister Cricket and created by Geppetto, Pinocchio launches a violent crusade to carve himself into a real boy like his brother James, one piece at a time.",2026-07-22,230.3675,6.688,/eUJXk3bTvLBi5Zcb0BCedZU7lVL.jpg,"Horror, Fantasy, Mystery"
Shape of My Heart,movie,[10749],"A romance about a man and a woman who, due to an unexpected event, end up switching bodies. Despite coming from completely different backgrounds and environments, the two try to overcome the various difficulties that arise from their body swap.",2024-07-06,270.7527,5.2,/3r0O6BW9USoZ9mteCVyNKMQriRL.jpg,Romance
The Whisper Man,movie,"[80, 18, 53]","When his young son vanishes, a widower enlists help from his estranged father, a retired detective who put away the serial killer now linked to the case.",2026-08-27,233.5012,6.377,/6UqflU8Qqkz7Dq4swJPqs0ZJjY4.jpg,"Crime, Drama, Thriller"
Rage of Stars,movie,"[28, 878, 53]","A story about a woman from the International Special Forces Unit, who has a premonition about the impending end of humanity.",2026-08-06,198.3525,5.554,/oLld47ZT1I3iecM3OWhIphohQUJ.jpg,"Action, Science Fiction, Thriller"
Toy Story 5,movie,"[16, 10751, 35, 12]","When Bonnie receives a Lilypad tablet as a gift and becomes obsessed, Buzz, Woody, Jessie and the rest of the gang's jobs become exponentially harder when they have to go head to head with the all-new threat to playtime.",2026-06-17,205.144,8.31,/sfQtVlIHljToOwYjhe21KPGzZWK.jpg,"Animation, Family, Comedy, Adventure"
Colony,movie,"[28, 27, 878]","Professor Se-jeong is thrust into a bloody nightmare when a rapidly mutating virus is released during a biotech conference causing authorities to seal the facility. Trapped inside with no escape, Se-jeong along with a small group of survivors must fight to stay alive while the infected undergo horrific transformations.",2026-05-21,177.3214,8.093,/tN799oUR0f1gUKDYdMNrDaY7I51.jpg,"Action, Horror, Science Fiction"
Moana,movie,"[10751, 14, 35, 12]","Teenage Moana answers the Ocean's call and, for the first time, voyages beyond the reef of her island of Motunui with infamous demigod Maui on an unforgettable journey to restore prosperity to her people.",2026-07-08,174.0445,6.139,/zKVgiv5qHCvCLT4A2ymJi5QeXDH.jpg,"Family, Fantasy, Comedy, Adventure"
Minions & Monsters,movie,"[12, 16, 35, 10751, 14]","This is the rambunctious, ridiculous and totally true story of how the Minions conquered Hollywood, became movie stars, lost everything, unleashed monsters onto the world and then banded together to try and save the planet from the mayhem they had just created.",2026-06-24,183.0322,7.593,/4LwvU9SZc8QQzW1X1FAPhNbXnEU.jpg,"Adventure, Animation, Comedy, Family, Fantasy"
Batman: Knightfall Part 1: Knightfall,movie,"[16, 28, 12, 878, 80, 18]","Arkham Asylum has been destroyed, and all its inmates have been unleashed upon Gotham City. As Batman races to round up some of his greatest enemies, he is pushed to his physical and mental limits and into a final confrontation with a new threat: the man called Bane!",2026-06-23,164.715,9.0,/360qdtu2hLnqMu8SVHMywn420w1.jpg,"Animation, Action, Adventure, Science Fiction, Crime, Drama"
Ghost in the Cell,movie,"[27, 35, 53]","In a notorious prison, an invisible force begins killing inmates brutally, compelling enemy gangs and corrupt guards to work together as they try to survive the mounting bloodshed.",2026-04-16,159.9308,7.0,/zxcMdx0w5Zmg8yZuuiS7CJ8vOea.jpg,"Horror, Comedy, Thriller"
Above & Below,movie,"[28, 53, 27, 80]",A group of friends set off for an unforgettable vacation. What begins as an adventure of partying and diving quickly turns into a nightmare when they are attacked by criminals in open waters.,2026-07-29,148.3248,6.2,/7bOuu1SRALGwsG2fLCTvRkCmQBj.jpg,"Action, Thriller, Horror, Crime"
Spider-Man: No Way Home,movie,"[28, 12, 878]","Peter Parker is unmasked and no longer able to separate his normal life from the high-stakes of being a super-hero. When he asks for help from Doctor Strange the stakes become even more dangerous, forcing him to discover what it truly means to be Spider-Man.",2021-12-15,131.4164,7.945,/1g0dhYtq4irTY1GPXvft6k4YLjm.jpg,"Action, Adventure, Science Fiction"
Rosebush Pruning,movie,"[35, 18, 53]","In a Spanish villa, American siblings Jack, Ed, Anna and Robert wallow in isolation and their inherited fortune. When Jack wants to move in with his girlfriend and Ed uncovers the truth about their mother’s death, the fabric of the family begins to unravel.",2026-04-23,127.5928,6.0,/rsHEVjzxU8cxz1sm3vboj99daNv.jpg,"Comedy, Drama, Thriller"
Backrooms,movie,"[27, 9648, 878]",A strange doorway appears in the basement of a furniture showroom.,2026-05-27,122.1488,7.064,/rhGx6E3qRNMgj3i5su2oukNHwIQ.jpg,"Horror, Mystery, Science Fiction"
Disclosure Day,movie,"[878, 53]","A cybersecurity expert becomes a whistleblower after uncovering secrets about aliens, putting him on the run from a corporation. Meanwhile, a meteorologist experiencing strange phenomena joins forces with him to prove there's life beyond our understanding.",2026-06-10,109.1435,7.48,/AnJ8IQJI23hNpYXVNaythu061Ru.jpg,"Science Fiction, Thriller"
The Dog Stars,movie,"[878, 12, 53]","After the world's population has been ravaged by a pandemic, a man lives a lonesome existence in a Colorado airplane hangar with his dog and a dour gunman he has befriended. When a mysterious transmission comes through on the radio while he’s flying his old Cessna, it sparks a hunt for the provenance of the sound.",2026-08-26,117.1592,6.704,/5O616X9vmRzQdB68PHzBewPittd.jpg,"Science Fiction, Adventure, Thriller"
Hotel Desire,movie,"[18, 10749]","Antonia is a single mother who works as a hotel maid in Berlin. A normal hot summer day takes a dramatic turn when she crosses paths with a particular guest of the hotel, famous blind portrait painter Julius Pass.",2011-12-07,96.3054,6.16,/47XRWH95ATv4szxdWHl723guWXP.jpg,"Drama, Romance"
The Death of Robin Hood,movie,"[12, 18, 28]","Grappling with his past after a life of crime and murder, Robin Hood finds himself gravely injured after a battle he thought would be his last. In the hands of a mysterious woman, he is offered a chance at salvation.",2026-06-18,119.3583,6.275,/13MmRwmG5NmaMfU8qNrtgGXisiD.jpg,"Adventure, Drama, Action"
Motor City,movie,"[28, 53, 80]","In 1970s Detroit, John Miller falls for a local gangster's girl and lands in prison for a crime he didn't commit. With his life ruined, Miller plots revenge against the man who took his girl away.",2026-07-23,91.561,6.302,/dx2dblJL3GAKcXXXPjC2FSaMTWW.jpg,"Action, Thriller, Crime"
Project Hail Mary,movie,"[878, 12]","Science teacher Ryland Grace wakes up on a spaceship light years from home with no recollection of who he is or how he got there. As his memory returns, he begins to uncover his mission: solve the riddle of the mysterious substance causing the sun to die out. He must call on his scientific knowledge and unorthodox ideas to save everything on Earth from extinction.",2026-03-15,103.6085,8.646,/yihdXomYb5kTeSivtFndMy5iDmf.jpg,"Science Fiction, Adventure"
Bury the Devil,movie,"[27, 53]","When a hospice nurse finds herself trapped with a dementia patient, she begins to suspect something else is wrong with the woman, something otherworldly, and must fight to survive the night.",2026-03-06,88.2917,6.313,/yQ3GeVsebrhOPIBhIdoSslbndEv.jpg,"Horror, Thriller"
The Shawshank Redemption,movie,"[18, 80]","Imprisoned in the 1940s for the double murder of his wife and her lover, upstanding banker Andy Dufresne begins a new life at the Shawshank prison, where he puts his accounting skills to work for an amoral warden. During his long stretch in prison, Dufresne comes to be admired by the other inmates -- including an older prisoner named Red -- for his integrity and unquenchable sense of hope.",1994-09-23,105.9697,8.729,/9cqNxx0GxF0bflZmeSMuL5tnGzr.jpg,"Drama, Crime"
War of the Worlds,movie,"[878, 53]","Will Radford is a top analyst for Homeland Security who tracks potential threats through a mass surveillance program, until one day an attack by an unknown entity leads him to question whether the government is hiding something from him... and from the rest of the world.",2025-07-29,94.7523,4.036,/yvirUYrva23IudARHn3mMGVxWqM.jpg,"Science Fiction, Thriller"
Scary Movie,movie,[35],"Twenty-six years after outrunning a suspiciously familiar masked killer, the Core Four are back in the killer's crosshairs and no horror movie IP is safe.",2026-06-03,94.9296,6.4,/znHT8peERZRWG1ME3r0Db0EV8k8.jpg,Comedy
Avengers: Infinity War,movie,"[12, 28, 878]","As the Avengers and their allies have continued to protect the world from threats too large for any one hero to handle, a new danger has emerged from the cosmic shadows: Thanos. A despot of intergalactic infamy, his goal is to collect all six Infinity Stones, artifacts of unimaginable power, and use them to inflict his twisted will on all of reality. Everything the Avengers have fought for has led up to this moment - the fate of Earth and existence itself has never been more uncertain.",2018-04-25,91.1625,8.242,/7WsyChQLEftFiDOVTGkv3hFpyyt.jpg,"Adventure, Action, Science Fiction"
Supergirl,movie,"[28, 12, 878]","When an unexpected and ruthless adversary strikes too close to home, Kara Zor-El, aka Supergirl, reluctantly joins forces with an unlikely companion on an epic, interstellar journey of vengeance and justice.",2026-06-24,90.8484,6.721,/uhzRnTW4DM13UQBvZP3eVNzQTuz.jpg,"Action, Adventure, Science Fiction"
Lucky Strike,movie,"[28, 10752]","A wounded American soldier fights to survive behind enemy lines during WWII's Battle of the Bulge against the Germans, relying on his instinct, spy craft and a hand-radio to evade capture and find his way back to his unit.",2026-06-26,86.1537,7.0,/7AEBdyGYXumXWmMFeynE8227KeZ.jpg,"Action, War"
OBEX,movie,"[14, 12, 27]","Conor Marsh lives a secluded life with his dog, Sandy, until one day he begins playing OBEX, a new, state-of-the-art computer game. When Sandy goes missing, the line between reality and game blurs and Conor must venture into the strange world of OBEX to bring her home.",2026-01-09,95.5861,6.143,/989voQxc9qAJKuBaoBHngqnpLsD.jpg,"Fantasy, Adventure, Horror"
Masters of the Universe,movie,"[28, 14, 878]","After being separated for 15 years, the Sword of Power leads Prince Adam back to Eternia, where he discovers his home shattered under the fiendish rule of Skeletor. To save his family and his world, Adam must join forces with his closest allies, Teela and Duncan/Man-At-Arms, and embrace his true destiny as He-Man — the most powerful man in the universe.",2026-06-03,85.5991,7.153,/oRuyGUHdoaQxWP3SDfafGkStxTC.jpg,"Action, Fantasy, Science Fiction"
Evil Dead Burn,movie,[27],"After her husband's abrupt death, Alice seeks solace with his remaining family — descendants of a leading researcher on demonic possession. As her in-laws transform one by one into creatures that feed on fear, she comes to discover that the vows she took in life survive even in death.",2026-07-07,75.37,7.758,/uRxrNXQWkHoENm3nwVOZDYSCx2F.jpg,Horror
The Odyssey,movie,"[12, 14, 28]","Based on the Ancient Greek epic. After ten years of war, King Odysseus sets sail for Ithaca, eager to reunite with his beloved. But his journey home is far more treacherous than the battlefield, as he must face deadly monsters and vengeful gods to survive.",2026-07-03,80.2276,4.071,/b0z3ViIC5AkbJoqxmTpqyjgmoJs.jpg,"Adventure, Fantasy, Action"
The End of Oak Street,movie,"[878, 9648, 53]","After a mysterious cosmic event rips Oak Street from suburbia and transports their neighborhood to someplace unknown, the Platt family soon discovers that their very survival depends on them sticking together as they navigate their now unrecognizable surroundings.",2026-08-12,77.1397,6.352,/fYXqpgPmHMphSF2W30GbTeJVIa5.jpg,"Science Fiction, Mystery, Thriller"
Demon Slayer: Kimetsu no Yaiba Infinity Castle,movie,"[16, 28, 14]","The Demon Slayer Corps are drawn into the Infinity Castle, where Tanjiro, Nezuko, and the Hashira face terrifying Upper Rank demons in a desperate fight as the final battle against Muzan Kibutsuji begins.",2025-07-18,82.6003,8.789,/fWVSwgjpT2D78VUh6X8UBd2rorW.jpg,"Animation, Action, Fantasy"
The Last House,movie,"[27, 878, 53]",A family suddenly sealed inside their home must work together to survive against dwindling resources and the ominous threat keeping them trapped.,2026-08-06,84.6298,6.909,/6JU7E8Vv2M11egkctWVOScxWR75.jpg,"Horror, Science Fiction, Thriller"
Avatar Aang: The Last Airbender,movie,"[16, 28, 12, 14]","Avatar Aang, the world's last Airbender, learns of an ancient power that could save his culture from extinction. With the help of his friends, he embarks on a global quest to find it before it falls into the wrong hands and threatens to upend the peace they sacrificed everything to achieve.",2026-07-24,82.0412,9.194,/3sgnSfNT27Bx5O5ukr7B26mhEQq.jpg,"Animation, Action, Adventure, Fantasy"
Deep Water,movie,"[27, 53]",A group of international passengers on a flight from Los Angeles to Shanghai is forced to make an emergency landing in shark-infested waters. The terrified group is forced to work together and overcome their differences if they hope to escape their sinking plane and the frenzy of sharks drawn to the wreckage.,2026-04-30,79.0903,7.113,/cyI2Ugpq98WZN1GEYeWkn4ztXOc.jpg,"Horror, Thriller"
Animals,movie,"[35, 53]","Four couples sail the thin line between desire and search for authenticity, in a world where truth is as fragile as their relationships.",2026-02-05,84.9298,6.313,/9fbZdiOI9fRinl44mNm3CYgEtYR.jpg,"Comedy, Thriller"
Avatar: Fire and Ash,movie,"[878, 12, 14]","In the wake of the devastating war against the RDA and the loss of their eldest son, Jake Sully and Neytiri face a new threat on Pandora: the Ash People, a violent and power-hungry Na'vi tribe led by the ruthless Varang. Jake's family must fight for their survival and the future of Pandora in a conflict that pushes them to their emotional and physical limits.",2025-12-17,77.3222,7.652,/bRBeSHfGHwkEpImlhxPmOcUsaeg.jpg,"Science Fiction, Adventure, Fantasy"
The Secret Woman,movie,"[18, 53, 9648]","After discovering she has a family and a shipping empire, a woman with amnesia returns to a wealthy and seemingly perfect past to uncover why she left.",2026-08-28,78.4959,6.325,/5FC5vUHFz0fbJOd0bhyzJpCSLrc.jpg,"Drama, Thriller, Mystery"
Jackass: Best and Last,movie,"[28, 35, 99]",The fifth and final installment to Jackass franchise where the crew go on one last insane crusade.,2026-06-25,73.8562,7.557,/tfgccePxnswMqhmtxafliLlcCVR.jpg,"Action, Comedy, Documentary"
Zootopia 2,movie,"[16, 12, 35, 9648, 10751]","After cracking the biggest case in Zootopia's history, rookie cops Judy Hopps and Nick Wilde find themselves on the twisting trail of a great mystery when Gary De'Snake arrives and turns the animal metropolis upside down. To crack the case, Judy and Nick must go undercover to unexpected new parts of town, where their growing partnership is tested like never before.",2025-11-26,77.6121,7.675,/oJ7g2CifqpStmoYQyaLQgEU32qO.jpg,"Animation, Adventure, Comedy, Mystery, Family"
Your Heart Will Be Broken,movie,[10749],"High school student Polina is saved from bullying at her new school and makes a deal with the main bully Bars: he must pretend to be her boyfriend and protect her, and she must do everything he says. During this game, the couple develops real feelings, but her family and classmates have reasons to separate the lovers.",2026-03-26,67.8649,7.099,/7wIBfBl2gejt6xHxNSK0reVIm7E.jpg,Romance
Michael,movie,"[10402, 18]","The story of Michael Jackson, one of the most influential artists the world has ever known, and his life beyond the music. His journey from the discovery of his extraordinary talent as the lead of the Jackson Five, to the visionary artist whose creative ambition fueled a relentless pursuit to become the biggest entertainer in the world, highlighting both his life off-stage and some of the most iconic performances from his early solo career.",2026-04-22,67.4345,8.657,/dueFqKLvjftnELZaGYwY7xinfaI.jpg,"Music, Drama"
Insidious: Out of the Further,movie,"[27, 53]","Gemma, a young mother raising her daughter in the house she grew up in, discovers she can travel into The Further, where she possesses an ability to bring what lives there back to the real world.",2026-08-19,70.6641,6.617,/4tTrW9dXCByS5wt2pXVWb58zNjz.jpg,"Horror, Thriller"
The Devil Wears Prada 2,movie,"[35, 18]","Andy Sachs returns to Runway as Miranda Priestly navigates a new media landscape and Runway's position within. The duo reconnect with former assistant Emily Charlton, now the head of a luxury brand that possesses funding which could ensure Runway's survival.",2026-04-29,71.9343,7.055,/xTI42pmsP5EDnvsNJPEDubwWBQO.jpg,"Comedy, Drama"
Spider-Man: Across the Spider-Verse,movie,"[16, 28, 12, 878]","After reuniting with Gwen Stacy, Brooklyn’s full-time, friendly neighborhood Spider-Man is catapulted across the Multiverse, where he encounters the Spider Society, a team of Spider-People charged with protecting the Multiverse's very existence. But when the heroes clash on how to handle a new threat, Miles finds himself pitted against the other Spiders and must set out on his own to save those he loves most.",2023-05-31,76.865,8.347,/8Vt6mWEReuy4Of61Lnj5Xj704m8.jpg,"Animation, Action, Adventure, Science Fiction"
Fatal Conspiracy,movie,[27],"Davi Martins, a commercial director of a financial institution, and Juliana Martins, a personal trainer, are a couple trying to recover from a crisis. At work, Davi ends up getting involved in the investigation of a financial scandal, putting himself in the crosshairs of dangerous people. Little by little, Juliana discovers that her new home may not be a new beginning, but the stage for a real nightmare. Some secrets may end her life.",2022-05-26,94.3844,6.4,/zpj3nNoc5xaUZTIdnuhwXwUcRag.jpg,Horror
Nightborn,movie,[27],"In Finnish forest, Saga and her husband Jon embark on a new chapter as parents. But Saga's joy is overshadowed by a chilling suspicion about their newborn, unbeknownst to Jon, causing a rift as she alone grapples with the disturbing truth.",2026-07-01,65.3296,6.038,/e9ALgOANOJbcFpw84MbafK3xvD2.jpg,Horror
Spider-Man,movie,"[28, 878]","After being bitten by a genetically altered spider at Oscorp, nerdy but endearing high school student Peter Parker is endowed with amazing powers to become the superhero known as Spider-Man.",2002-05-01,68.8126,7.351,/or6XJBVpcEbIkma0V9zshnbEtx4.jpg,"Action, Science Fiction"
From Straight A's to XXX,movie,"[18, 10770]","When a change of circumstances leaves Miriam unable to pay her college tuition, she makes a surprising decision: to start performing in adult films, using the pseudonym Belle Knox. Miriam lies to her family and her friends at school, keeping her double life a secret. But soon rumours spread and Miriam becomes the subject of vicious online attacks and unwanted attention. Miriam fights back: she talks to the media, saying her new line of work empowers her as a feminist. But her confident stand has unintended consequences. Miriam is shunned by her conservative family and her colleagues in the adult film world. One impulsive decision has quickly spiralled out of control - and Miriam's problems are just beginning.",2017-02-11,65.7378,5.936,/7o7qmymPy1D9mASODsrOHq41Fye.jpg,"Drama, TV Movie"
The Avengers,movie,"[878, 28, 12]","When an unexpected enemy emerges and threatens global safety and security, Nick Fury, director of the international peacekeeping agency known as S.H.I.E.L.D., finds himself in need of a team to pull the world back from the brink of disaster. Spanning the globe, a daring recruitment effort begins!",2012-04-25,69.1245,8.073,/RYMX2wcKCBAr24UyPD7xwmjaTn.jpg,"Science Fiction, Action, Adventure"
The Super Mario Galaxy Movie,movie,"[10751, 35, 12, 14, 16]","Having thwarted Bowser's previous plot to marry Princess Peach, Mario and Luigi now face a fresh threat in Bowser Jr., who is determined to liberate his father from captivity and restore the family legacy. Alongside companions new and old, the brothers travel across the stars to stop the young heir's crusade.",2026-04-01,69.7199,8.241,/eJGWx219ZcEMVQJhAgMiqo8tYY.jpg,"Family, Comedy, Adventure, Fantasy, Animation"
Avengers: Endgame,movie,"[12, 878, 28]","After the devastating events of Avengers: Infinity War, the universe is in ruins due to the efforts of the Mad Titan, Thanos. With the help of remaining allies, the Avengers must assemble once more in order to undo Thanos' actions and restore order to the universe once and for all, no matter what consequences may be in store.",2019-04-24,65.5717,8.2,/ulzhLuWrPK07P1YkdWQLZnQh1JL.jpg,"Adventure, Science Fiction, Action"
Borderline,movie,[53],"Convinced they are our secret saviors, rogue U.S. operatives abduct Mexican gang members and seed them across major American cities, unleashing criminal chaos, swaying voters by playing on nativist prejudices, and forcing law enforcement into a race to expose the plot as the escalating carnage threatens democracy itself.",2026-07-17,60.0655,5.969,/sAA2mjpYJFAKydtzG4P4aHC4mZk.jpg,Thriller
Spider-Man: Homecoming,movie,"[28, 12, 878]","Following the events of Captain America: Civil War, Peter Parker, with the help of his mentor Tony Stark, tries to balance his life as an ordinary high school student in Queens, New York City, with fighting crime as his superhero alter ego Spider-Man as a new threat, the Vulture, emerges.",2017-07-05,65.0164,7.334,/c24sv2weTHPsmDa7jEMN0m2P3RT.jpg,"Action, Adventure, Science Fiction"
Interstellar,movie,"[12, 18, 878]",The adventures of a group of explorers who make use of a newly discovered wormhole to surpass the limitations on human space travel and conquer the vast distances involved in an interstellar voyage.,2014-11-05,66.9007,8.486,/yQvGrMoipbRoddT0ZR8tPoR7NfX.jpg,"Adventure, Drama, Science Fiction"
The Punisher: One Last Kill,movie,"[28, 18, 80]","As Frank Castle searches for meaning beyond revenge, an unexpected force pulls him back into the fight.",2026-05-12,64.0096,8.275,/qQclTgLMDvGBuUBFGHRipxkEwWR.jpg,"Action, Drama, Crime"
The Mandalorian and Grogu,movie,"[28, 12, 878]","The evil Empire has fallen, and Imperial warlords remain scattered throughout the galaxy. As the fledgling New Republic works to protect everything the Rebellion fought for, they have enlisted the help of legendary Mandalorian bounty hunter Din Djarin and his young apprentice Grogu.",2026-05-20,60.597,7.511,/7GV5rrUJf0BRUhoh2cyFoeNthlQ.jpg,"Action, Adventure, Science Fiction"
The Shadow's Edge,movie,"[28, 80, 18, 53]",Macau Police brings the tracking expert police officer out of retirement to help catch a dangerous group of professional thieves.,2025-08-16,61.2701,8.195,/cHKo3m8N1fwvEy2ZEr0xGmmMODV.jpg,"Action, Crime, Drama, Thriller"
Prison on Fire,movie,"[80, 18]",A veteran inmate takes a newcomer under his wing as the pair confront both other violent inmates and the prison's corrupt wardens.,1987-11-13,58.7827,7.0,/59o7OyB8J37GwOAod9mhgJjhgH2.jpg,"Crime, Drama"
Avengers: Doomsday,movie,"[878, 28, 12]",Beloved heroes from three distinct universes are set on a deadly collision course and face an existential threat unlike anything they've ever encountered.,2026-12-16,62.6075,0.0,/jzPwsojjFStf5lR5Nm07w2hH56G.jpg,"Science Fiction, Action, Adventure"
The Dark Knight,movie,"[28, 80, 53]","Batman raises the stakes in his war on crime. With the help of Lt. Jim Gordon and District Attorney Harvey Dent, Batman sets out to dismantle the remaining criminal organizations that plague the streets. The partnership proves to be effective, but they soon find themselves prey to a reign of chaos unleashed by a rising criminal mastermind known to the terrified citizens of Gotham as the Joker.",2008-07-16,65.069,8.534,/qJ2tW6WMUDux911r6m7haRef0WH.jpg,"Action, Crime, Thriller"
Deadpool & Wolverine,movie,"[28, 35, 878]","A listless Wade Wilson toils away in civilian life with his days as the morally flexible mercenary, Deadpool, behind him. But when his homeworld faces an existential threat, Wade must reluctantly suit-up again with an even more reluctant Wolverine.",2024-07-24,61.6615,7.6,/8cdWjvZQUExUUTzyp4t6EDMubfO.jpg,"Action, Comedy, Science Fiction"
Soulm8te,movie,"[27, 878, 53]","After a ruthless tech giant acquires a small robotics company, a grieving engineer is tasked with testing their new AI companion. But when he attempts to reprogram her to be a truly sentient soulmate, she develops needs of her own—unleashing a relentless spree of precision-engineered mayhem.",2026-07-31,54.3303,7.393,/bNErActDctl6cdUGw9pnjSCmyhQ.jpg,"Horror, Science Fiction, Thriller"
Yellow Eyes,movie,[27],"A young couple inherits a house containing a mysterious relic that hosts the spirit of a powerful demon, and the wife of the man it possesses must find an exorcist to save him.",2026-08-18,51.5815,4.813,/tdIqb0g8fimv2bXIEZdWu6Zfywt.jpg,Horror
The Godfather,movie,"[18, 80]","Spanning the years 1945 to 1955, a chronicle of the fictional Italian-American Corleone crime family. When organized crime family patriarch, Vito Corleone barely survives an attempt on his life, his youngest son, Michael steps in to take care of the would-be killers, launching a campaign of bloody revenge.",1972-03-14,59.5003,8.7,/3bhkrj58Vtu7enYsRolD1fZdja1.jpg,"Drama, Crime"
Shelter,movie,"[28, 80, 53]","A man living in self-imposed exile on a remote island rescues a young girl from a violent storm, setting off a chain of events that forces him out of seclusion to protect her from enemies tied to his past.",2026-01-28,55.6651,7.789,/cv7DeQQ7TOozPoTCBdNJIvWKhU1.jpg,"Action, Crime, Thriller"
I Want Your Sex,movie,[35],"When fresh-faced Elliot lands an exciting job for renowned artist, icon and provocateur Erika Tracy, his fantasies come true as Erika taps him to become her sexual muse. But Elliot soon finds himself out of his depth as Erika takes him on a journey more profound than he ever could have imagined, into a world of sex, obsession, power, betrayal and murder.",2026-07-29,58.1643,6.0,/pR7SIX3AwqdoD96OI44oLG98e7g.jpg,Comedy
Yellow Mirror,movie,"[16, 35, 878]","A defective lamp reveals a heartbreaking truth about what Homer believes is reality, and an AI-powered tablet befriends and controls Maggie. The Simpsons struggle to find the light through two dark tales of the curious and bizarre.",2026-08-26,53.6228,7.935,/1zdGvJAuuXC7dA3eV61OtUJNyjQ.jpg,"Animation, Comedy, Science Fiction"
The Love Hypothesis,movie,"[10749, 35]","Olive Smith, a biology PhD candidate, and Dr. Adam Carlsen, a hotshot professor and well-known tyrant, enter into a fake relationship, seeing each of their carefully calculated theories on love get thrown into chaos.",2026-09-23,64.4417,0.0,/zUaTMxLOuW4wdaFYhRVJbO6W8Sy.jpg,"Romance, Comedy"
Insidious,movie,"[27, 53]","A family discovers that dark spirits have invaded their home after their son inexplicably falls into an endless sleep. When they reach out to a professional for help, they learn things are a lot more personal than they thought.",2011-03-31,54.5828,6.954,/1egpmVXuXed58TH2UOnX1nATTrf.jpg,"Horror, Thriller"
The Invite,movie,"[35, 18, 10749]","Joe and Angela's marriage is on thin ice. When they invite their enigmatic upstairs neighbors for a dinner party, the night spirals into unexpected places. Have they reignited the spark or lit the match that burns it all down?",2026-06-25,56.5576,7.286,/b7Dr8Chzse8VagexAporUu2RtLx.jpg,"Comedy, Drama, Romance"
Harry Potter and the Philosopher's Stone,movie,"[12, 14]","Harry Potter has lived under the stairs at his aunt and uncle's house his whole life. But on his 11th birthday, he learns he's a powerful wizard—with a place waiting for him at the Hogwarts School of Witchcraft and Wizardry. As he learns to harness his newfound powers with the help of the school's kindly headmaster, Harry uncovers the truth about his parents' deaths—and about the villain who's to blame.",2001-11-16,55.3903,7.903,/wuMc08IPKEatf9rnMNXvIDxqP4W.jpg,"Adventure, Fantasy"
Inception,movie,"[28, 878, 12]","Cobb, a skilled thief who commits corporate espionage by infiltrating the subconscious of his targets is offered a chance to regain his old life as payment for a task considered to be impossible: ""inception"", the implantation of another person's idea into a target's subconscious.",2010-07-15,55.6277,8.372,/xlaY2zyzMfkhk0HSC5VUwzoZPU1.jpg,"Action, Science Fiction, Adventure"
Just Play Dead,movie,"[53, 80]",A criminal mastermind plans to fake his death for insurance money while framing his wife's lover. His wife plots to kill him for real and take it all. Both race to outmanoeuvre each other in a deadly battle of wits.,2026-08-28,54.8034,7.4,/glALx6QaIgw1u4joXsnfHTjWi6D.jpg,"Thriller, Crime"
Big Baby,movie,[27],"A nightmare involving a maniac killer in a baby mask serves as inspiration for horror screenwriter Adam Lewis's new script. As more nightmares, visions, and real life terror being to challenge Adam's sanity, he finds himself in a desperate struggle to control his writing, his reality, and who will be Big Baby's next victim.",2025-10-09,54.2701,4.0,/7psYxnfWGwNCJvGLFOYQ197lXW5.jpg,Horror
The Furious,movie,"[28, 80, 53]","After a criminal network kidnaps Wang Wei's daughter and the corrupt police refuse to assist him, Wei sets out on his own to locate her. Navin, a tenacious journalist whose wife has mysteriously vanished, is his only ally. In this explosive martial arts showdown, the unlikely duo fights the kidnappers ruthlessly driven by a furious vengeance.",2026-06-10,55.124,8.161,/zP19YO60jwEsfKd5Qf1UvA5uJu8.jpg,"Action, Crime, Thriller"
Hibla 2,movie,[18],"Two VMX queens, Aliya Raymundo and Margaret Diaz, play reunited childhood friends who share a memorable past and a complicated present: one is a liberated city girl, the other a sheltered country virgin, and both are surrounded by men eager to get a taste of their youth.",2026-06-30,60.8982,3.0,/drDsk2ES8YvWFwgWaY9foKaE5xv.jpg,Drama
Kraken,movie,"[27, 28, 53]","A marine biologist is doing research on a fish farm when she encounters several strange occurrences. Along with the brutal deaths of two teenagers, all signs point to the deep fjord; can there be more to the depths than the eye can see?",2026-02-06,52.6189,6.312,/xdZ8k5s8DTwWyPBMIcflrYLgcAK.jpg,"Horror, Action, Thriller"
Puella Magi Madoka Magica the Movie -Walpurgisnacht: Rising-,movie,"[16, 18, 9648, 14]","After the events of Rebellion, the world appears to be in balance—but that peace is fragile. As a new threat connected to Walpurgisnacht emerges, Homura Akemi is forced to face the consequences of her choices and question how far she is willing to go to protect Madoka.",2026-08-28,50.786,0.0,/g4kCd4rMuN7G3VQQDUT6mLbrBqQ.jpg,"Animation, Drama, Mystery, Fantasy"
Hoppers,movie,"[12, 16, 35, 10751, 878]","Scientists have discovered how to 'hop' human consciousness into lifelike robotic animals, allowing people to communicate with animals as animals. Animal lover Mabel seizes an opportunity to use the technology, uncovering mysteries within the animal world beyond anything she could have imagined.",2026-03-04,57.1925,8.164,/xjtWQ2CL1mpmMNwuU5HeS4Iuwuu.jpg,"Adventure, Animation, Comedy, Family, Science Fiction"
The Sheep Detectives,movie,"[35, 10751, 9648]","George Hardy is a shepherd who reads detective novels to his beloved sheep every night, assuming they can't possibly understand. But when a mysterious incident disrupts life on the farm, the sheep realize they must become the detectives. As they follow the clues and investigate human suspects, they prove that even sheep can be brilliant crime-solvers.",2026-04-30,52.9558,7.946,/iKy5460GdsoknM8ppmGlJbKxAKa.jpg,"Comedy, Family, Mystery"
Captain America: Brave New World,movie,"[28, 53, 878]","After meeting with newly elected U.S. President Thaddeus Ross, Sam finds himself in the middle of an international incident. He must discover the reason behind a nefarious global plot before the true mastermind has the entire world seeing red.",2025-02-12,62.4604,5.953,/pzIddUEMWhWzfvLI3TwxUG2wGoi.jpg,"Action, Thriller, Science Fiction"
Desire,movie,"[9648, 18]","Lucero’s life appears immaculate: a wealthy household, a devoted husband, and two children who embody the promise of a perfect family. Yet beneath this surface simmers a quiet dissatisfaction. When Matías, a young swimming coach hired by her husband, enters their lives, Lucero finds herself pulled into a risky and consuming relationship. As secrecy, desire, and jealousy tighten their grip, the boundaries within the family begin to collapse, placing mother and daughter in a dangerous emotional triangle that threatens to shatter everything Lucero has built.",2026-05-07,53.6822,6.8,/3bEqHqeaQlFykaLQ7N4gDkIvL5w.jpg,"Mystery, Drama"
Leviticus,movie,"[27, 10749]",Two teenage boys must escape a violent entity that takes the form of the person they desire most:  each other.,2026-06-17,51.7874,6.683,/gnAsZvBygplNpp8PtjoTEYv3VPB.jpg,"Horror, Romance"
Buddy,movie,"[27, 35]","A magical, singing orange unicorn holds his cast hostage in a surreal TV-show dimension, as he becomes more and more demented.",2026-08-27,51.9921,8.5,/6Lh4ZlsAISFQFVfLZ90sE9ycVnN.jpg,"Horror, Comedy"
Mad Max: Fury Road,movie,"[28, 12, 878]","An apocalyptic story set in the furthest reaches of our planet, in a stark desert landscape where humanity is broken, and most everyone is crazed fighting for the necessities of life. Within this world exist two rebels on the run who just might be able to restore order.",2015-05-13,49.3128,7.636,/ulcAi4dKpAjHwYGS08vNyx9H6I9.jpg,"Action, Adventure, Science Fiction"
The Lord of the Rings: The Return of the King,movie,"[12, 14, 28]","As armies mass for a final battle that will decide the fate of the world--and powerful, ancient forces of Light and Dark compete to determine the outcome--one member of the Fellowship of the Ring is revealed as the noble heir to the throne of the Kings of Men. Yet, the sole hope for triumph over evil lies with a brave hobbit, Frodo, who, accompanied by his loyal friend Sam and the hideous, wretched Gollum, ventures deep into the very dark heart of Mordor on his seemingly impossible quest to destroy the Ring of Power.​",2003-12-17,48.8627,8.506,/rCzpDGLbOoPwLjy3OAm5NUPOTrC.jpg,"Adventure, Fantasy, Action"
Elize: Shadows of a Woman,movie,"[53, 80, 18]","In this retelling of a real case, a former escort discovers her wealthy husband's infidelity and struggles to cope as betrayal poisons their marriage.",2026-07-22,53.3941,7.477,/l3wevYWTpiZSUEM5B0Q8c21ALAD.jpg,"Thriller, Crime, Drama"
Pyaar Prema Kalyanam,movie,"[10749, 35, 18]","When a bride refuses to leave her family home after marriage, her husband must find out if he can adjust to life under his in-laws' roof.",2026-08-21,50.351,7.5,/AjaNAeMXOrK9n0YqGqX0Lz5qxYu.jpg,"Romance, Comedy, Drama"
The Devil's Mouth,movie,"[27, 53]","A group of college friends' Thailand adventure turns deadly when they become trapped in submerged caves with a dangerous predator. As oxygen runs low, past conflicts emerge in their desperate fight for survival.",2026-07-29,47.5409,6.529,/lH8k9uCWYn2b2gsYleqYBDPbWa8.jpg,"Horror, Thriller"
Mortal Kombat II,movie,"[28, 14, 12]","The fan favorite champions—now joined by Johnny Cage himself—are pitted against one another in the ultimate, no-holds barred, gory battle to defeat the dark rule of Shao Kahn that threatens the very existence of the Earthrealm and its defenders.",2026-05-06,54.2945,7.842,/hwRdDFIhaEmpRgoki805YvyyjZf.jpg,"Action, Fantasy, Adventure"
The Wild Robot,movie,"[10751, 16, 878, 12]","After a shipwreck, an intelligent robot called Roz is stranded on an uninhabited island. To survive the harsh environment, Roz bonds with the island's animals and cares for an orphaned baby goose.",2024-09-12,51.1109,8.307,/wTnV3PCVW5O92JMrFvvrRcV39RU.jpg,"Family, Animation, Science Fiction, Adventure"
Swapped,movie,"[12, 16, 10751, 14]","A small woodland creature and a majestic bird, two natural sworn enemies of the Valley, magically trade places and set off on an adventure of a lifetime to switch back. Their journey soon uncovers a greater threat—one that could endanger not only their species, but the entire valley they call home.",2026-05-01,49.167,8.874,/tHhxWxge06goXU6ZQH1hj7vK8Hd.jpg,"Adventure, Animation, Family, Fantasy"
The Fantastic 4: First Steps,movie,"[878, 12, 28]","Against the vibrant backdrop of a 1960s-inspired, retro-futuristic world, Marvel's First Family is forced to balance their roles as heroes with the strength of their family bond, while defending Earth from a ravenous space god called Galactus and his enigmatic Herald, Silver Surfer.",2025-07-23,57.6231,6.952,/nf5qaSEvyYSNeFH0YhSs5EsBLX9.jpg,"Science Fiction, Adventure, Action"
Avengers: Age of Ultron,movie,"[28, 12, 878]","When Tony Stark tries to jumpstart a dormant peacekeeping program, things go awry and Earth’s Mightiest Heroes are put to the ultimate test as the fate of the planet hangs in the balance. As the villainous Ultron emerges, it is up to The Avengers to stop him from enacting his terrible plans, and soon uneasy alliances and unexpected action pave the way for an epic and unique global adventure.",2015-04-22,58.0404,7.277,/4ssDuvEDkSArWEdyBl2X5EHvYKU.jpg,"Action, Adventure, Science Fiction"
Superman,movie,"[878, 12, 28]","Superman, a journalist in Metropolis, embarks on a journey to reconcile his Kryptonian heritage with his human upbringing as Clark Kent.",2025-07-09,46.1202,7.332,/ldyfo0BKmz5rWtJJKCvwaNS4cJT.jpg,"Science Fiction, Adventure, Action"
Jurassic World Rebirth,movie,"[878, 12, 28]","Five years after the events of Jurassic World Dominion, covert operations expert Zora Bennett is contracted to lead a skilled team on a top-secret mission to secure genetic material from the world's three most massive dinosaurs. When Zora's operation intersects with a civilian family whose boating expedition was capsized, they all find themselves stranded on an island where they come face-to-face with a sinister, shocking discovery that's been hidden from the world for decades.",2025-06-23,46.2489,6.26,/1RICxzeoNCAO5NpcRMIgg1XT6fm.jpg,"Science Fiction, Adventure, Action"
Oppenheimer,movie,"[18, 36]",The story of J. Robert Oppenheimer's role in the development of the atomic bomb during World War II.,2023-07-19,49.7932,8.0,/8Gxv8gSFCU0XGDykEGv7zR1n2ua.jpg,"Drama, History"
Greenland 2: Migration,movie,"[12, 53, 878]","Having found the safety of the Greenland bunker after the comet Clarke decimated the Earth, the Garrity family must now risk everything to embark on a perilous journey across the wasteland of Europe to find a new home.",2026-01-07,37.9276,6.403,/z2tqCJLsw6uEJ8nJV8BsQXGa3dr.jpg,"Adventure, Thriller, Science Fiction"
Die Hard,movie,"[28, 53]","High above the city of L.A. a team of terrorists has seized a building, taken hostages, and declared war. One man has manages to escape... An off-duty cop hiding somewhere inside. He's alone, tired... and the only chance anyone has got.",1988-07-15,41.5806,7.817,/7Bjd8kfmDSOzpmhySpEhkUyK2oH.jpg,"Action, Thriller"
The Lord of the Rings: The Fellowship of the Ring,movie,"[12, 14, 28]","Young hobbit Frodo Baggins, after inheriting a mysterious ring from his uncle Bilbo, must leave his home in order to keep it from falling into the hands of its evil creator. Along the way, a fellowship is formed to protect the ringbearer and make sure that the ring arrives at its final destination: Mt. Doom, the only place where it can be destroyed.",2001-12-18,49.4728,8.444,/6oom5QYQ2yQTMJIbnvbkBL9cHo6.jpg,"Adventure, Fantasy, Action"
Fight Club,movie,"[18, 53]","A ticking-time-bomb insomniac and a slippery soap salesman channel primal male aggression into a shocking new form of therapy. Their concept catches on, with underground ""fight clubs"" forming in every town, until an eccentric gets in the way and ignites an out-of-control spiral toward oblivion.",1999-10-15,50.3701,8.437,/jSziioSwPVrOy9Yow3XhWIBDjq1.jpg,"Drama, Thriller"
Spider-Man 3,movie,"[28, 12, 878]","The seemingly invincible Spider-Man goes up against an all-new crop of villains—including the shape-shifting Sandman. While Spider-Man’s superpowers are altered by an alien organism, his alter ego, Peter Parker, deals with nemesis Eddie Brock and also gets caught up in a love triangle.",2007-05-01,48.9625,6.478,/qFmwhVUoUSXjkKRmca5yGDEXBIj.jpg,"Action, Adventure, Science Fiction"
Lee Cronin's The Mummy,movie,"[27, 9648]","The young daughter of a journalist disappears into the desert without a trace—eight years later, the broken family is shocked when she is returned to them, as what should be a joyful reunion turns into a living nightmare.",2026-04-15,46.8733,7.886,/1q308iixueCU4pFtSYugNOevtNx.jpg,"Horror, Mystery"
Captain America: Civil War,movie,"[12, 28, 878]","Following the events of Age of Ultron, the collective governments of the world pass an act designed to regulate all superhuman activity. This polarizes opinion amongst the Avengers, causing two factions to side with Iron Man or Captain America, which causes an epic battle between former allies.",2016-04-27,45.5873,7.453,/rAGiXaUfPzY7CDEyNKUofk3Kw2e.jpg,"Adventure, Action, Science Fiction"
GOAT,movie,"[16, 35, 10751]","A small goat with big dreams gets a once-in-a-lifetime shot to join the pros and play roarball, a high-intensity, co-ed, full-contact sport dominated by the fastest, fiercest animals in the world.",2026-02-11,54.8631,8.069,/wfuqMlaExcoYiUEvKfVpUTt1v4u.jpg,"Animation, Comedy, Family"
The Amazing Spider-Man,movie,"[28, 12, 878]",A teenage Peter Parker grapples with both high school and amazing super-human crises as his alter-ego Spider-Man.,2012-06-23,48.2656,6.758,/jexoNYnPd6vVrmygwF6QZmWPFdu.jpg,"Action, Adventure, Science Fiction"
Spider-Man: Far From Home,movie,"[28, 12, 878]","Peter Parker and his friends go on a summer trip to Europe. However, they will hardly be able to rest - Peter will have to agree to help Nick Fury uncover the mystery of creatures that cause natural disasters and destruction throughout the continent.",2019-06-28,51.0998,7.394,/4q2NNj4S5dG2RLF9CpXsej7yXl.jpg,"Action, Adventure, Science Fiction"
Guardians of the Galaxy Vol. 3,movie,"[878, 12, 28]","Peter Quill, still reeling from the loss of Gamora, must rally his team around him to defend the universe along with protecting one of their own. A mission that, if not completed successfully, could quite possibly lead to the end of the Guardians as we know them.",2023-05-03,49.9286,7.933,/r2J02Z2OpNTctfOSN1Ydgii51I3.jpg,"Science Fiction, Adventure, Action"
Harry Potter and the Chamber of Secrets,movie,"[12, 14]","Cars fly, trees fight back, and a mysterious house-elf comes to warn Harry Potter at the start of his second year at Hogwarts. Adventure and danger await when bloody writing on a wall announces: The Chamber Of Secrets Has Been Opened. To save Hogwarts will require all of Harry, Ron and Hermione's magical abilities and courage.",2002-11-13,55.3344,7.707,/sdEOH0992YZ0QSxgXNIGLq1ToUi.jpg,"Adventure, Fantasy"
One Battle After Another,movie,"[53, 80, 35]","Washed-up revolutionary Bob exists in a state of stoned paranoia, surviving off-grid with his spirited, self-reliant daughter, Willa. When his evil nemesis resurfaces after 16 years and she goes missing, the former radical scrambles to find her, father and daughter both battling the consequences of his past.",2025-09-23,46.0462,7.335,/lbBWwxBht4JFP5PsuJ5onpMqugW.jpg,"Thriller, Crime, Comedy"
Loves of a French Pussycat,movie,[35],"Rolf, a sex-advice columnist and a lecher, has affairs with numerous women, but never a permanent relationship. Suzanne, one of his ex-lovers, offers to bet that no woman can get Rolf to propose marriage, a bet her girlfriend Andrea eagerly accepts. But there's a catch: To win the bet, Andrea must get the womanizing Rolf to commit to marriage without first going to bed with him.",1972-03-09,62.3308,4.222,/1WGq9cMuj09tnTJ5wdkINOJff04.jpg,Comedy
In the Grey,movie,"[28, 53]","A covert team of elite operatives are living in the shadows. When a ruthless despot steals a billion-dollar fortune, they're sent to take it back—an impossible heist that erupts into a deadly game of strategy, deception and survival.",2026-05-13,42.4835,7.599,/dQgIcW6Th08kMRf2HBoYWoFE6OD.jpg,"Action, Thriller"
The Matrix,movie,"[28, 878]","Set in the 22nd century, The Matrix tells the story of a computer hacker who joins a group of underground insurgents fighting the vast and powerful computers who now rule the earth.",1999-03-31,44.4087,8.256,/dXNAPwY7VrqMAo51EKhhCJfaGb5.jpg,"Action, Science Fiction"
The Amazing Spider-Man 2,movie,"[28, 12, 878]","For Peter Parker, life is busy. Between taking out the bad guys as Spider-Man and spending time with the person he loves, Gwen Stacy, high school graduation cannot come quickly enough. Peter has not forgotten about the promise he made to Gwen’s father to protect her by staying away, but that is a promise he cannot keep. Things will change for Peter when a new villain, Electro, emerges, an old friend, Harry Osborn, returns, and Peter uncovers new clues about his past.",2014-04-16,37.3457,6.559,/bU7nTmvmy0h3VUP01v1T2imgH6N.jpg,"Action, Adventure, Science Fiction"
Dune,movie,"[878, 12]","Paul Atreides, a brilliant and gifted young man born into a great destiny beyond his understanding, must travel to the most dangerous planet in the universe to ensure the future of his family and his people. As malevolent forces explode into conflict over the planet's exclusive supply of the most precious resource in existence - a commodity capable of unlocking humanity's greatest potential - only those who can conquer their fear will survive.",2021-09-15,52.5828,7.784,/v1tRXZ4JtD2Iv6fjkPvT4GiwslV.jpg,"Science Fiction, Adventure"
Coco,movie,"[10751, 16, 10402, 12]","Despite his family’s baffling generations-old ban on music, Miguel dreams of becoming an accomplished musician like his idol, Ernesto de la Cruz. Desperate to prove his talent, Miguel finds himself in the stunning and colorful Land of the Dead following a mysterious chain of events. Along the way, he meets charming trickster Hector, and together, they set off on an extraordinary journey to unlock the real story behind Miguel's family history.",2017-10-27,45.4427,8.197,/6Ryitt95xrO8KXuqRGm1fUuNwqF.jpg,"Family, Animation, Music, Adventure"
Being 14,movie,[18],"The lives and turbulent adventures of a bunch of fourteen-year-old teenagers, through the eyes of three young girls - Sarah, Jade and Louise - with one last year to go before high school.",2015-02-25,56.7986,4.1,/l8st7M90EBpGz5CpL12SFvswc56.jpg,Drama
Forrest Gump,movie,"[35, 18, 10749]","A man with a low IQ has accomplished great things in his life and been present during significant historic events—in each case, far exceeding what anyone imagined he could do. But despite all he has achieved, his one true love eludes him.",1994-06-23,52.7129,8.463,/Cw4hIUIAmSYfK9QfaUW5igp9La.jpg,"Comedy, Drama, Romance"
Lesbian Space Princess,movie,"[16, 35, 878, 12]",A space princess is thrust out of her sheltered life into a galactic quest to save her bounty hunter ex-girlfriend from the straight white maliens.,2025-09-11,38.5125,3.817,/bmf6spk0WZ10lz4eAK95P1zRB4F.jpg,"Animation, Comedy, Science Fiction, Adventure"
Spirited Away,movie,"[16, 10751, 14]","A young girl, Chihiro, becomes trapped in a strange new world of spirits. When her parents undergo a mysterious transformation, she must call upon the courage she never knew she had to free her family.",2001-07-20,39.2083,8.534,/39wmItIWsg5sZMyRUHLkWBcuVCM.jpg,"Animation, Family, Fantasy"
Barreda,movie,"[18, 80, 36]","A fictionalized drama film based on one of the most shocking crimes in Argentina's history. In 1992, Ricardo Barreda was an unassuming dentist, brutally murdered his wife, mother-in-law, and two adult daughters in their family home. Branding himself as a victim, Ricardo Barreda ignited a media storm and fueled a national scandal.",2026-08-28,48.9729,6.875,/hnr0QkZSDLlrJTvU2ecco65wcHo.jpg,"Drama, Crime, History"
Harry Potter and the Deathly Hallows: Part 2,movie,"[12, 14]","Harry, Ron and Hermione continue their quest to vanquish the evil Voldemort once and for all. Just as things begin to look hopeless for the young wizards, Harry discovers a trio of magical objects that endow him with powers to rival Voldemort's formidable skills.",2011-07-12,50.4245,8.08,/c54HpQmuwXjHq2C9wmoACjxoom3.jpg,"Adventure, Fantasy"
Avatar: The Way of Water,movie,"[28, 12, 878]","Set more than a decade after the events of the first film, learn the story of the Sully family (Jake, Neytiri, and their kids), the trouble that follows them, the lengths they go to keep each other safe, the battles they fight to stay alive, and the tragedies they endure.",2022-12-14,46.3842,7.588,/t6HIqrRAclMCA60NsSmeqe9RmNV.jpg,"Action, Adventure, Science Fiction"
Sinners,movie,"[27, 28, 53]","Trying to leave their troubled lives behind, twin brothers return to their hometown to start again, only to discover that an even greater evil is waiting to welcome them back.",2025-04-16,41.7784,7.512,/fWPgbnt2LSqkQ6cdQc0SZN9CpLm.jpg,"Horror, Action, Thriller"
Insidious: The Red Door,movie,"[27, 53]","To put their demons to rest once and for all, Josh Lambert and a college-aged Dalton Lambert must go deeper into The Further than ever before, facing their family's dark past and a host of new and more horrifying terrors that lurk behind the red door.",2023-07-05,41.9719,6.516,/d07phJqCx6z5wILDYqkyraorDPi.jpg,"Horror, Thriller"
Coraline,movie,"[16, 10751, 14]","Wandering her rambling old house in her boring new town, 11-year-old Coraline discovers a hidden door to a strangely idealized version of her life. In order to stay in the fantasy, she must make a frighteningly real sacrifice.",2009-02-05,45.5912,7.935,/4jeFXQYytChdZYE9JYO7Un87IlW.jpg,"Animation, Family, Fantasy"
The Debt Collector,movie,"[28, 53, 80]","Tormented by past mistakes and a terminal diagnosis, an ex-debt collector returns to the underworld to protect the victims of a violent organization.",2026-07-20,35.37,7.956,/qADBUb5ybrkRVGZEFF8Z4RuOwys.jpg,"Action, Thriller, Crime"
All That We Never Were,movie,"[18, 10749]","19-year-old Leah navigates a coming-of-age journey in the wake of a tragic car accident that claims her parents. Relocated to a coastal town under the care of her brother’s best friend Axel, Leah grapples with grief, haunting nightmares and a fractured sense of self.",2026-06-04,39.9685,8.082,/zqxIT48mWFsC4NSjGEHAcp1pjEo.jpg,"Drama, Romance"
Jungle,movie,"[12, 53]","In 1981, an enthusiastic young adventurer follows his dreams into the Bolivian Amazon jungle with two friends and a guide with a mysterious past. Their journey quickly turns into a terrifying ordeal as the darkest elements of human nature and the deadliest threats of the wilderness lead to an all-out fight for survival.",2017-06-27,42.6356,6.711,/tDgxknTVwrScxpCYyGUjXSn5NRk.jpg,"Adventure, Thriller"
Spider-Man: Into the Spider-Verse,movie,"[16, 28, 12, 878]","Struggling to find his place in the world while juggling school and family, Brooklyn teenager Miles Morales is unexpectedly bitten by a radioactive spider and develops unfathomable powers just like the one and only Spider-Man. While wrestling with the implications of his new abilities, Miles discovers a super collider created by the madman Wilson ""Kingpin"" Fisk, causing others from across the Spider-Verse to be inadvertently transported to his dimension.",2018-12-06,55.3786,8.399,/iiZZdoQBEYBv6id8su7ImL0oCbD.jpg,"Animation, Action, Adventure, Science Fiction"
Let's Both Try,movie,[18],"Alice and Tommy are newlywed photographers whose love and faith are tested when Tommy embarks on a nude photography project. In response, Alice chooses to pose for another photographer, setting off a series of events that forces them to confront their deepest desires and insecurities.",2025-05-27,39.6765,0.0,/hODYZg42tM0zrqEnWqhhSYqBJsE.jpg,Drama
Insidious: The Last Key,movie,"[27, 53]","Parapsychologist Elise Rainier and her team travel to Five Keys, NM, to investigate a man’s claim of a haunting. Terror soon strikes when Rainier realizes that the house he lives in was her family’s old home.",2018-01-03,44.1645,6.279,/6c9ti2JcR3dHyR3qFXoZqVMx0SH.jpg,"Horror, Thriller"
The Wrecking Crew,movie,"[28, 35, 80, 9648]","Estranged half-brothers Jonny and James reunite after their father's mysterious death. As they search for the truth, buried secrets reveal a conspiracy threatening to tear their family apart.",2026-01-28,39.3419,7.088,/gbVwHl4YPSq6BcC92TQpe7qUTh6.jpg,"Action, Comedy, Crime, Mystery"
The Batman,movie,"[80, 9648, 53]","In his second year of fighting crime, Batman uncovers corruption in Gotham City that connects to his own family while facing a serial killer known as the Riddler.",2022-03-01,46.3241,7.669,/74xTEgt7R36Fpooo50r9T25onhq.jpg,"Crime, Mystery, Thriller"
Citizen Vigilante,movie,"[53, 28, 80]","A man takes justice into his own hands, hunting down criminals. His vigilante crusade makes him a social media star but puts him at odds with the local police chief.",2026-06-19,40.4367,6.438,/6LmJD3Wohe0g4U62wgi7RyJqfE4.jpg,"Thriller, Action, Crime"
The Housemaid,movie,"[9648, 53]","Trying to escape her past, Millie Calloway accepts a job as a live-in housemaid for the wealthy Nina and Andrew Winchester. But what begins as a dream job quickly unravels into something far more dangerous—a sexy, seductive game of secrets, scandal, and power.",2025-12-18,40.1045,7.265,/cWsBscZzwu5brg9YjNkGewRUvJX.jpg,"Mystery, Thriller"
Avatar,movie,"[878, 28, 12]","In the 22nd century, a paraplegic Marine is dispatched to the moon Pandora on a unique mission, but becomes torn between following orders and protecting an alien civilization.",2009-12-16,49.1929,7.609,/gKY6q7SjCkAU6FqvqWybDYgUKIF.jpg,"Science Fiction, Action, Adventure"
Insidious: Chapter 3,movie,"[27, 53]",A prequel set before the haunting of the Lambert family that reveals how gifted psychic Elise Rainier reluctantly agrees to use her ability to contact the dead in order to help a teenage girl who has been targeted by a dangerous supernatural entity.,2015-05-28,41.6265,6.296,/iDdGfdNvY1EX0uDdA4Ru77fwMfc.jpg,"Horror, Thriller"
Iron Man,movie,"[28, 878, 12]","After being held captive in an Afghan cave, billionaire engineer Tony Stark creates a unique weaponized suit of armor to fight evil.",2008-04-30,45.9847,7.664,/78lPtwv72eTNqFW9COBYI0dWDJa.jpg,"Action, Science Fiction, Adventure"
War Machine,movie,"[28, 878, 53]","On one last grueling mission during Army Ranger training, a combat engineer must lead his unit in a fight against a giant otherworldly killing machine.",2026-02-12,40.2276,7.461,/rFhKkXhk7ClU03jQ5rHIApJDwev.jpg,"Action, Science Fiction, Thriller"
Toy Story,movie,"[10751, 35, 16, 12]","Led by Woody, Andy's toys live happily in his room until Andy's birthday brings Buzz Lightyear onto the scene. Afraid of losing his place in Andy's heart, Woody plots against Buzz. But when circumstances separate Buzz and Woody from their owner, the duo eventually learns to put aside their differences.",1995-11-22,45.6765,7.988,/uXDfjJbdP4ijW5hWSBrPrlKpxab.jpg,"Family, Comedy, Animation, Adventure"
The Terminator,movie,"[28, 53, 878]","In the post-apocalyptic future, reigning tyrannical supercomputers teleport a cyborg assassin known as the ""Terminator"" back to 1984 to kill Sarah Connor, whose unborn son is destined to lead insurgents against 21st century mechanical hegemony. Meanwhile, the human-resistance movement dispatches a lone warrior to safeguard Sarah. Can he stop the virtually indestructible killing machine?",1984-10-26,39.626,7.69,/qvktm0BHcnmDpul4Hz01GIazWPr.jpg,"Action, Thriller, Science Fiction"
Mission: Impossible - The Final Reckoning,movie,"[28, 53, 12]","Ethan Hunt and team continue their search for the terrifying AI known as the Entity — which has infiltrated intelligence networks all over the globe — with the world's governments and a mysterious ghost from Hunt's past on their trail. Joined by new allies and armed with the means to shut the Entity down for good, Hunt is in a race against time to prevent the world as we know it from changing forever.",2025-05-17,38.5735,7.18,/iKPsC9EFUafRP9SrUznI61getVP.jpg,"Action, Thriller, Adventure"
The Incredible Hulk,movie,"[878, 28, 12]","Scientist Bruce Banner scours the planet for an antidote to the unbridled force of rage within him: the Hulk. But when the military masterminds who dream of exploiting his powers force him back to civilization, he finds himself coming face to face with a new, deadly foe.",2008-06-12,43.253,6.26,/gKzYx79y0AQTL4UAk1cBQJ3nvrm.jpg,"Science Fiction, Action, Adventure"
Pulp Fiction,movie,"[53, 80, 35]","A burger-loving hit man, his philosophical partner, a drug-addled gangster's moll and a washed-up boxer converge in this sprawling, comedic crime caper. Their adventures unfurl in three stories that ingeniously trip back and forth in time.",1994-09-10,42.9056,8.48,/vQWk5YBFWF4bZaofAbv0tShwBvQ.jpg,"Thriller, Crime, Comedy"
The Brutalist,movie,[18],"When an innovative modern architect flees post-war Europe, he is given the opportunity to rebuild his legacy. Set during the dawn of the modern United States (in Pennsylvania), his wife joins him, and their lives are forever changed by a demanding, wealthy patron.",2024-12-20,32.7713,6.933,/vP7Yd6couiAaw9jgMd5cjMRj3hQ.jpg,Drama
Titanic,movie,"[18, 10749]","101-year-old Rose DeWitt Bukater tells the story of her life aboard the Titanic, 84 years later. A young Rose boards the ship with her mother and fiancé. Meanwhile, Jack Dawson and Fabrizio De Rossi win third-class tickets aboard the ship. Rose tells the whole story from Titanic's departure through to its death—on its first and last voyage—on April 15, 1912.",1997-12-18,43.5531,7.9,/9xjZS2rlVxm8SFx8kPC3aIGCOYQ.jpg,"Drama, Romance"
Terminator 2: Judgment Day,movie,"[28, 53, 878]","Ten years after the events of the original, a reprogrammed T-800 is sent back in time to protect young John Connor from the shape-shifting T-1000. Together with his mother Sarah, he fights to stop Skynet from triggering a nuclear apocalypse.",1991-07-03,41.4615,8.168,/jFTVD4XoWQTcg7wdyJKa8PEds5q.jpg,"Action, Thriller, Science Fiction"
Whiplash,movie,"[18, 10402, 53]","Under the direction of a ruthless instructor, a talented young drummer begins to pursue perfection at any cost, even his humanity.",2014-10-10,53.0478,8.375,/7fn624j5lj3xTme2SgiLCeuedmO.jpg,"Drama, Music, Thriller"
How to Train Your Dragon,movie,"[14, 10751, 28, 12]","On the rugged isle of Berk, where Vikings and dragons have been bitter enemies for generations, Hiccup stands apart, defying centuries of tradition when he befriends Toothless, a feared Night Fury dragon. Their unlikely bond reveals the true nature of dragons, challenging the very foundations of Viking society.",2025-06-06,38.1421,7.929,/53dsJ3oEnBhTBVMigWJ9tkA5bzJ.jpg,"Fantasy, Family, Action, Adventure"
Harry Potter and the Deathly Hallows: Part 1,movie,"[12, 14]","Harry, Ron and Hermione walk away from their last year at Hogwarts to find and destroy the remaining Horcruxes, putting an end to Voldemort's bid for immortality. But with Harry's beloved Dumbledore dead and Voldemort's unscrupulous Death Eaters on the loose, the world is more dangerous than ever.",2010-11-17,39.1564,7.732,/iGoXIpQb7Pot00EEdwpwPajheZ5.jpg,"Adventure, Fantasy"
Master of the Universe,movie,"[878, 28, 14]","A young man must use his untapped powers to fight back against an evil alien and their army, who will stop at nothing to take over Earth and then the universe.",2026-05-22,34.6108,5.081,/a77OcLmarwiBJakOPPC36m58t4L.jpg,"Science Fiction, Action, Fantasy"
Woman in the Moon,movie,"[18, 10749, 80]",An Italian-American woman traveling to Sicily picks up a teenager who claims to be in trouble with some drug dealers.,1988-03-31,40.1146,5.6,/6uiz2xx61qhGv3ZcZg0n5tgahY3.jpg,"Drama, Romance, Crime"
The Drama,movie,"[10749, 35, 18]",A happily engaged couple is put to the test when an unexpected turn sends their wedding week off the rails.,2026-04-01,39.9098,6.921,/rnIOUhzwJDfgQakx8EjoNyItKgs.jpg,"Romance, Comedy, Drama"
Thunderbolts*,movie,"[28, 878, 12]","After finding themselves ensnared in a death trap, seven disillusioned castoffs must embark on a dangerous mission that will force them to confront the darkest corners of their pasts.",2025-04-30,39.9692,7.301,/hqcexYHbiTBfDIdDWxrxPtVndBX.jpg,"Action, Science Fiction, Adventure"
Graphic Desires,movie,"[53, 80]","When reclusive Franklin cheats on his partner with a mysterious girl he meets on a dating app, it becomes the start of a deadly obsession.",2023-08-31,37.7913,6.9,/3BjLdTWRiHc1ISIZMFvToOmghOM.jpg,"Thriller, Crime"
The Godfather Part II,movie,"[18, 80]","In the continuing saga of the Corleone crime family, a young Vito Corleone grows up in Sicily and in 1910s New York. In the 1950s, Michael Corleone attempts to expand the family business into Las Vegas, Hollywood and Cuba.",1974-12-20,38.0945,8.573,/sSuQTCZwqKrNBNIsksO9IAUoWP9.jpg,"Drama, Crime"
Harry Potter and the Goblet of Fire,movie,"[12, 14]","When his name emerges from the Goblet of Fire, Harry Potter becomes a competitor in a grueling battle for glory among three wizarding schools. Signs of Voldemort's return emerge as Harry's friends help him prepare for the Triwizard Tournament.",2005-11-16,37.892,7.802,/fECBtHlr0RB3foNHDiCBXeg9Bv9.jpg,"Adventure, Fantasy"
Top Gun: Maverick,movie,"[28, 18]","After more than thirty years of service as one of the Navy’s top aviators, and dodging the advancement in rank that would ground him, Pete “Maverick” Mitchell finds himself training a detachment of TOP GUN graduates for a specialized mission the likes of which no living pilot has ever seen.",2022-05-21,42.0282,8.16,/n0YuM4f5lvGAP6MAW2kBIzugXnc.jpg,"Action, Drama"
WALL·E,movie,"[16, 10751, 878]","After hundreds of years doing what he was built for, WALL•E— a robot designed to clean up the earth—discovers a new purpose in life when he meets a sleek search robot named EVE. EVE comes to realize that WALL•E has inadvertently stumbled upon the key to the planet's future, and races back to space to report to the humans. Meanwhile, WALL•E chases EVE across the galaxy and sets into motion one of the most imaginative adventures ever brought to the big screen.",2008-06-26,44.3879,8.122,/hbhFnRzzg6ZDmm8YAmxBnQpQIPh.jpg,"Animation, Family, Science Fiction"
Gladiator,movie,"[28, 18, 12]","After the death of Emperor Marcus Aurelius, his devious son takes power and demotes Maximus, one of Rome's most capable generals who Marcus preferred. Eventually, Maximus is forced to become a gladiator and battle to the death against other men for the amusement of paying audiences.",2000-05-04,37.3824,8.231,/wN2xWp1eIwCKOD0BHTcErTBv1Uq.jpg,"Action, Drama, Adventure"
Chainsaw Man - The Movie: Reze Arc,movie,"[16, 28, 10749, 14]","In a brutal war between devils, hunters, and secret enemies, a mysterious girl named Reze has stepped into Denji's world, and he faces his deadliest battle yet, fueled by love in a world where survival knows no rules.",2025-09-19,35.0801,8.537,/pHyxb2RV5wLlboAwm9ZJ9qTVEDw.jpg,"Animation, Action, Romance, Fantasy"
Harry Potter and the Prisoner of Azkaban,movie,"[12, 14]",Harry Potter's life is in danger once more as dangerous wizard Sirius Black has escaped from Azkaban Prison and is heading to Hogwarts.,2004-05-31,43.5553,8.01,/aWxwnYoe8p2d2fcxOqtvAtJ72Rw.jpg,"Adventure, Fantasy"
Fall 2: Deadpoint,movie,[53],"On a perilous climb across Thailand's Mount Kwan, two climbers become trapped thousands of feet above the ground, where vertigo-inducing heights, sheer exposure, and impossible odds turn every moment into a fight for survival.",2026-09-01,36.9238,5.6,/p73G56bJGPa5y52cyqWscHR6NnN.jpg,Thriller
Dune: Part Two,movie,"[878, 12]","Follow the mythic journey of Paul Atreides as he unites with Chani and the Fremen while on a path of revenge against the conspirators who destroyed his family. Facing a choice between the love of his life and the fate of the known universe, Paul endeavors to prevent a terrible future only he can foresee.",2024-02-27,38.2231,8.134,/6izwz7rsy95ARzTR3poZ8H6c5pp.jpg,"Science Fiction, Adventure"
Finding Nemo,movie,"[16, 10751, 12]","Nemo, an adventurous young clownfish, is unexpectedly taken from his Great Barrier Reef home to a dentist's office aquarium. It's up to his worrisome father Marlin and a friendly but forgetful fish Dory to bring Nemo home -- meeting vegetarian sharks, surfer dude turtles, hypnotic jellyfish, hungry seagulls, and more along the way.",2003-05-30,38.5777,7.82,/eHuGQ10FUzK1mdOY69wF5pGgEf5.jpg,"Animation, Family, Adventure"
KPop Demon Hunters,movie,"[14, 10402, 35, 16]","When K-pop superstars Rumi, Mira and Zoey aren't selling out stadiums, they're using their secret powers to protect their fans from supernatural threats.",2025-06-20,30.8794,8.0,/zT7Lhw3BhJbMkRqm9Zlx2YGMsY0.jpg,"Fantasy, Music, Comedy, Animation"
Insidious: Chapter 2,movie,"[27, 53]",The haunted Lambert family seeks to uncover the mysterious childhood secret that has left them dangerously connected to the spirit world.,2013-09-12,40.2845,6.698,/w5JjiB3O1CLDXbTJe1QpU5RHmlU.jpg,"Horror, Thriller"
Parasite,movie,"[35, 53, 18]","All unemployed, Ki-taek's family takes peculiar interest in the wealthy and glamorous Parks for their livelihood until they get entangled in an unexpected incident.",2019-05-30,36.7909,8.491,/7IiTTgloJzvGI1TAYymCfbfl3vT.jpg,"Comedy, Thriller, Drama"
Se7en,movie,"[80, 9648, 53]","Two homicide detectives are on a desperate hunt for a serial killer whose crimes are based on the ""seven deadly sins"" in this dark and haunting film that takes viewers from the tortured remains of one victim to the next. The seasoned Det. Somerset researches each sin in an effort to get inside the killer's mind, while his novice partner, Mills, scoffs at his efforts to unravel the case.",1995-09-22,37.114,8.38,/191nKfP0ehp3uIvWqgPbFmI4lv9.jpg,"Crime, Mystery, Thriller"
Iron Man 2,movie,"[12, 28, 878]","With the world now aware of his dual life as the armored superhero Iron Man, billionaire inventor Tony Stark faces pressure from the government, the press and the public to share his technology with the military. Unwilling to let go of his invention, Stark, with Pepper Potts and James 'Rhodey' Rhodes at his side, must forge new alliances – and confront powerful enemies.",2010-04-28,35.79,6.854,/6WBeq4fCfn7AN0o21W9qNcRF2l9.jpg,"Adventure, Action, Science Fiction"
Predator: Badlands,movie,"[28, 878, 12]","Cast out from his clan, a young Predator finds an unlikely ally in a damaged android and embarks on a treacherous journey in search of the ultimate adversary.",2025-11-05,34.8728,7.829,/pHpq9yNUIo6aDoCXEBzjSolywgz.jpg,"Action, Science Fiction, Adventure"
The Green Mile,movie,"[14, 18, 80]","A supernatural tale set on death row in a Southern prison, where gentle giant John Coffey possesses the mysterious power to heal people's ailments. When the cell block's head guard, Paul Edgecomb, recognizes Coffey's miraculous gift, he tries desperately to help stave off the condemned man's execution.",1999-12-10,34.7426,8.506,/8VG8fDNiy50H4FedGwdSVUPoaJe.jpg,"Fantasy, Drama, Crime"
The Bay,movie,"[53, 27]","Best friends Emma and Lani, attending a destination wedding in Thailand, find themselves trapped on a sinking tour boat in the heart of a tiger shark sanctuary.",2026-07-02,33.2378,5.833,/8QQUI4J2zLv6f96TOjbz9dcg8bc.jpg,"Thriller, Horror"
Frozen II,movie,"[10751, 16, 12, 35, 14]","Elsa, Anna, Kristoff and Olaf head far into the forest to learn the truth about an ancient mystery of their kingdom.",2019-11-20,45.0703,7.226,/mINJaa34MtknCYl5AjtNJzWj8cD.jpg,"Family, Animation, Adventure, Comedy, Fantasy"
Zootopia,movie,"[16, 12, 10751, 35]","Determined to prove herself, Officer Judy Hopps, the first bunny on Zootopia's police force, jumps at the chance to crack her first case - even if it means partnering with scam-artist fox Nick Wilde to solve the mystery.",2016-02-11,41.2247,7.765,/hlK0e0wAQ3VLuJcsfIYPvb4JVud.jpg,"Animation, Adventure, Family, Comedy"
Crime 101,movie,"[80, 53]","When an elusive thief whose high-stakes heists unfold along the iconic 101 freeway in Los Angeles eyes the score of a lifetime, with hopes of this being his final job, his path collides with a disillusioned insurance broker who is facing her own crossroads. Determined to crack the case, a relentless detective closes in on the operation, raising the stakes even higher.",2026-02-11,36.3336,7.015,/tVvpFIoteRHNnoZMhdnwIVwJpCA.jpg,"Crime, Thriller"
The Dark Knight Rises,movie,"[28, 80, 18, 53]","Following the death of District Attorney Harvey Dent, Batman assumes responsibility for Dent's crimes to protect the late attorney's reputation and is subsequently hunted by the Gotham City Police Department. Eight years later, Batman encounters the mysterious Selina Kyle and the villainous Bane, a new terrorist leader who overwhelms Gotham's finest. The Dark Knight resurfaces to protect a city that has branded him an enemy.",2012-07-17,38.9196,7.797,/hr0L2aueqlP2BYUblTTjmtn0hw4.jpg,"Action, Crime, Drama, Thriller"
My Fault,movie,"[18, 10749, 53]","Noah must leave her city, boyfriend, and friends to move into William Leister's mansion, the flashy and wealthy husband of her mother Rafaela. As a proud and independent 17 year old, Noah resists living in a mansion surrounded by luxury. However, it is there where she meets Nick, her new stepbrother, and the clash of their strong personalities becomes evident from the very beginning.",2023-06-08,38.1258,7.728,/w46Vw536HwNnEzOa7J24YH9DPRS.jpg,"Drama, Romance, Thriller"
Vishwanath & Sons,movie,"[18, 10749]","Sanjay Vishwanath is an acclaimed professional handgunner in his 40s with a major stake in fame and wealth. When he comes across a woman named Maddy in her 20s, their dynamic poses many issues that they must come to terms with.",2026-08-14,30.9582,7.4,/vEMiPLEXfzF9NUzUkROtyDVZ4Ln.jpg,"Drama, Romance"
How to Train Your Dragon,movie,"[14, 12, 16, 10751]","As the son of a Viking leader on the cusp of manhood, shy Hiccup Horrendous Haddock III faces a rite of passage: he must kill a dragon to prove his warrior mettle. But after downing a feared dragon, he realizes that he no longer wants to destroy it, and instead befriends the beast – which he names Toothless – much to the chagrin of his warrior father.",2010-03-18,41.6281,7.867,/ygGmAO60t8GyqUo9xYeYxSZAR3b.jpg,"Fantasy, Adventure, Animation, Family"
Despicable Me,movie,"[16, 35, 80, 878, 10751]","Determined to prove he's the world's greatest supervillain, Gru hatches an audacious plan to steal the Moon. To pull it off, he adopts three orphaned girls—Margo, Edith, and Agnes—intending to use them as pawns in his scheme. But the unexpected bond they form forces him to question the criminal life he's always known.",2010-07-08,35.9136,7.26,/b1BT309QWjtFUlJPLmXmrcHOWEL.jpg,"Animation, Comedy, Crime, Science Fiction, Family"
Doctor Strange in the Multiverse of Madness,movie,"[14, 28, 12]","Doctor Strange, with the help of mystical allies both old and new, traverses the mind-bending and dangerous alternate realities of the Multiverse to confront a mysterious new adversary.",2022-05-04,34.7069,7.225,/ddJcSKbcp4rKZTmuyWaMhuwcfMz.jpg,"Fantasy, Action, Adventure"
Big Hero 6,movie,"[12, 10751, 16, 28, 35]","A special bond develops between plus-sized inflatable robot Baymax, and prodigy Hiro Hamada, who team up with a group of friends to form a band of high-tech heroes.",2014-10-24,39.265,7.725,/2mxS4wUimwlLmI1xp6QW6NSU361.jpg,"Adventure, Family, Animation, Action, Comedy"
Troy,movie,"[10752, 28, 36]","In year 1250 B.C. during the late Bronze age, two emerging nations begin to clash. Paris, the Trojan prince, convinces Helen, Queen of Sparta, to leave her husband Menelaus, and sail with him back to Troy. After Menelaus finds out that his wife was taken by the Trojans, he asks his brother Agamemnon to help him get her back. Agamemnon sees this as an opportunity for power. They set off with 1,000 ships holding 50,000 Greeks to Troy.",2004-05-13,33.874,7.19,/a07wLy4ONfpsjnBqMwhlWTJTcm.jpg,"War, Action, History"
Up,movie,"[16, 35, 10751, 12]","Carl Fredricksen spent his entire life dreaming of exploring the globe and experiencing life to its fullest. But at age 78, life seems to have passed him by, until a twist of fate (and a persistent 8-year old Wilderness Explorer named Russell) gives him a new lease on life.",2009-05-28,36.6315,7.96,/mFvoEwSfLqbcWwFsDjQebn9bzFe.jpg,"Animation, Comedy, Family, Adventure"
Now You See Me: Now You Don't,movie,"[80, 53]","The original Four Horsemen reunite with a new generation of illusionists to take on powerful diamond heiress Veronika Vanderberg, who leads a criminal empire built on money laundering and trafficking. The new and old magicians must overcome their differences to work together on their most ambitious heist yet.",2025-11-12,31.1434,6.468,/oD3Eey4e4Z259XLm3eD3WGcoJAh.jpg,"Crime, Thriller"
The Lord of the Rings: The Two Towers,movie,"[12, 14, 28]","Frodo Baggins and the other members of the Fellowship continue on their sacred quest to destroy the One Ring--but on separate paths. Their destinies lie at two towers--Orthanc Tower in Isengard, where the corrupt wizard Saruman awaits, and Sauron's fortress at Barad-dur, deep within the dark lands of Mordor.",2002-12-18,39.3684,8.428,/5VTN0pR8gcqV3EPUHHfMGnJYN9L.jpg,"Adventure, Fantasy, Action"
Howl's Moving Castle,movie,"[14, 16, 12]","Sophie, a young milliner, is turned into an elderly woman by a witch who enters her shop and curses her. She encounters a wizard named Howl and gets caught up in his resistance to fighting for the king.",2004-09-09,38.5792,8.386,/13kOl2v0nD2OLbVSHnHk8GUFEhO.jpg,"Fantasy, Animation, Adventure"
"The Chronicles of Narnia: The Lion, the Witch and the Wardrobe",movie,"[12, 10751, 14]",Four kids travel through a wardrobe to the land of Narnia and learn of their destiny to free it with the guidance of a mystical lion.,2005-12-07,40.8229,7.143,/iREd0rNCjYdf5Ar0vfaW32yrkm.jpg,"Adventure, Family, Fantasy"
Star Wars,movie,"[12, 28, 878]",Princess Leia is captured and held hostage by the evil Imperial forces in their effort to take over the galactic Empire. Venturesome Luke Skywalker and dashing captain Han Solo team together with the loveable robot duo R2-D2 and C-3PO to rescue the beautiful princess and restore peace and justice in the Empire.,1977-05-25,35.5155,8.207,/fai0rspsNeJCS69wHNjOdWxcI7P.jpg,"Adventure, Action, Science Fiction"
The Super Mario Bros. Movie,movie,"[10751, 35, 12, 14, 16]","While working underground to fix a water main, Brooklyn plumbers—and brothers—Mario and Luigi are transported down a mysterious pipe and wander into a magical new world. But when the brothers are separated, Mario embarks on an epic quest to find Luigi.",2023-04-05,36.8428,7.595,/qNBAXBIQlnOThrVvA6mA2B5ggV6.jpg,"Family, Comedy, Adventure, Fantasy, Animation"
The Maze Runner,movie,"[28, 9648, 878, 53]","A teenager with no memory of his past finds himself among a group of boys living in a walled enclosure surrounded by a massive, ever-changing maze. As he struggles to adapt to their rules and society, he begins to uncover clues that may lead to escape and the truth behind their confinement.",2014-09-10,33.8777,7.19,/ode14q7WtDugFDp78fo9lCsmay9.jpg,"Action, Mystery, Science Fiction, Thriller"
Alpha,movie,"[28, 53]","When Sita, a highly trained assassin raised in isolation as a super-soldier by a rogue commander, discovers the dark truth about her family and her stolen childhood, she teams up with her long lost sister to take down her creator and his illicit military program.",2026-07-02,33.9874,5.0,/bPtRt3ajQ0EkyeQ1O6iJwAIi9Py.jpg,"Action, Thriller"
F1,movie,"[28, 18]",Racing legend Sonny Hayes is coaxed out of retirement to lead a struggling Formula 1 team—and mentor a young hotshot driver—while chasing one more chance at glory.,2025-06-25,33.5344,7.823,/9PXZIUsSDh4alB80jheWX4fhZmy.jpg,"Action, Drama"
Joker,movie,"[80, 53, 18]","During the 1980s, a failed stand-up comedian is driven insane and turns to a life of crime and chaos in Gotham City while becoming an infamous psychopathic crime figure.",2019-10-01,37.5675,8.117,/udDclJoHjfjb8Ekgsd4FDteOkCU.jpg,"Crime, Thriller, Drama"
Inside Out 2,movie,"[16, 12, 35, 10751]","Teenager Riley's mind headquarters is undergoing a sudden demolition to make room for something entirely unexpected: new Emotions! Joy, Sadness, Anger, Fear and Disgust, who’ve long been running a successful operation by all accounts, aren’t sure how to feel when Anxiety shows up. And it looks like she’s not alone.",2024-06-11,39.3148,7.54,/vpnVM9B6NMmQpWeZvzLvDESb2QY.jpg,"Animation, Adventure, Comedy, Family"
The Wolf of Wall Street,movie,"[80, 18, 35]","A New York stockbroker refuses to cooperate in a large securities fraud case involving corruption on Wall Street, corporate banking world and mob infiltration. Based on Jordan Belfort's autobiography.",2013-12-25,37.0433,8.027,/kW9LmvYHAaS9iA0tHmZVq8hQYoq.jpg,"Crime, Drama, Comedy"
Harry Potter and the Half-Blood Prince,movie,"[12, 14]",Dumbledore tries to prepare Harry for the final battle with Voldemort while Death Eaters wreak havoc in both Muggle and Wizard worlds.,2009-07-15,37.1597,7.681,/z7uo9zmQdQwU5ZJHFpv2Upl30i1.jpg,"Adventure, Fantasy"
The Lion King,movie,"[16, 10751, 18]","Young lion prince Simba, eager to one day become king of the Pride Lands, grows up under the watchful eye of his father Mufasa; all the while his villainous uncle Scar conspires to take the throne for himself. Amid betrayal and tragedy, Simba must confront his past and find his rightful place in the Circle of Life.",1994-06-15,39.856,8.251,/sKCr78MXSLixwmZ8DyJLrpMsd15.jpg,"Animation, Family, Drama"
Kraven the Hunter,movie,"[28, 12, 53]","Kraven Kravinoff's complex relationship with his ruthless gangster father, Nikolai, starts him down a path of vengeance with brutal consequences, motivating him to become not only the greatest hunter in the world, but also one of its most feared.",2024-12-11,37.8142,6.415,/1GvBhRxY6MELDfxFrete6BNhBB5.jpg,"Action, Adventure, Thriller"
Schindler's List,movie,"[18, 36, 10752]",The true story of how businessman Oskar Schindler saved over a thousand Jewish lives from the Nazis while they worked as slaves in his factory during World War II.,1993-12-15,34.3614,8.57,/sF1U4EUQS8YHUYjNl3pMGNIQyr0.jpg,"Drama, History, War"
The Substance,movie,"[27, 878]","A fading celebrity decides to use a black market drug, a cell-replicating substance that temporarily creates a younger, better version of herself.",2024-09-07,36.3497,7.13,/lqoMzCcZYEFK729d6qzt349fB4o.jpg,"Horror, Science Fiction"
Ready or Not: Here I Come,movie,"[27, 35]","Moments after surviving an all-out attack from the Le Domas family, Grace discovers she’s reached the next level of the nightmarish game — and this time with her estranged sister Faith at her side. Grace has one chance to survive, keep her sister alive, and claim the High Seat of the Council that controls the world. Four rival families are hunting her for the throne, and whoever wins rules it all.",2026-03-19,31.4849,7.573,/13ZcJzSGEqVgDSqsS9U5EkQwPkV.jpg,"Horror, Comedy"
Kesong Puti,movie,[18],"Have a taste of VMX Newest Temptation Apphle Celso. Lena, a Kesong Puti vendor, meets a charming dairy supplier Manny. Their chemistry sparks a daring secret that transforms her humble cheese into their town’s obsession.",2026-04-24,31.4715,3.8,/8zYU8hlKR5111IToxXvv5575tZG.jpg,Drama
The Conjuring: Last Rites,movie,[27],Paranormal investigators Ed and Lorraine Warren take on one last terrifying case involving mysterious entities they must confront.,2025-09-03,31.7708,6.947,/byWgphT74ClOVa8EOGzYDkl8DVL.jpg,Horror
The Mongoose,movie,"[28, 53]","A falsely accused war hero with nothing to lose leads police on an epic televised cross-country car chase, helped by members of his former Special Forces Army battalion and closely monitored by a fascinated public rooting for his safe getaway.",2026-10-30,39.4233,0.0,/eSS5mvSG84UUuvtbHel5Yu3Wik4.jpg,"Action, Thriller"
Shrek,movie,"[16, 35, 14, 12, 10751]","It ain't easy bein' green -- especially if you're a likable (albeit smelly) ogre named Shrek. On a mission to retrieve a gorgeous princess from the clutches of a fire-breathing dragon, Shrek teams up with an unlikely compatriot -- a wisecracking donkey.",2001-05-18,36.8183,7.777,/iB64vpL3dIObOtMZgX3RqdVdQDc.jpg,"Animation, Comedy, Fantasy, Adventure, Family"
"Monsters, Inc.",movie,"[16, 35, 10751, 14]","Lovable Sulley and his wisecracking sidekick Mike Wazowski are the top scare team at Monsters, Inc., the scream-processing factory in Monstropolis. When a little girl named Boo wanders into their world, it's the monsters who are scared silly, and it's up to Sulley and Mike to keep her out of sight and get her back home.",2001-11-01,39.3523,7.856,/wFSpyMsp7H0ttERbxY7Trlv8xry.jpg,"Animation, Comedy, Family, Fantasy"
Immortal Combat,movie,"[28, 878, 12]","History's greatest warriors, including Genghis Khan and Joan of Arc, are summoned by a shadowy organization to fight in a battle to the death. But unknown to their captors, the fighters have been plotting to turn the tables and dismantle the deadly enterprise from within.",2026-04-24,30.5057,4.81,/mhRAgvQ04DTE4zQN3OSyc9Lonj3.jpg,"Action, Science Fiction, Adventure"
12 Angry Men,movie,[18],"The defense and the prosecution have rested and the jury is filing into the jury room to decide if a young Spanish-American is guilty or innocent of murdering his father. What begins as an open and shut case soon becomes a mini-drama of each of the jurors' prejudices and preconceptions about the trial, the accused, and each other.",1957-04-10,32.7379,8.571,/zhG3vKWyDRaZYoaww1UVAi29T9h.jpg,Drama
A Minecraft Movie,movie,"[10751, 14, 35, 12]","Four misfits find themselves struggling with ordinary problems when they are suddenly pulled through a mysterious portal into the Overworld: a bizarre, cubic wonderland that thrives on imagination. To get back home, they'll have to master this world while embarking on a magical quest with an unexpected, expert crafter, Steve.",2025-03-31,35.7995,6.224,/yFHHfHcUgGAxziP1C3lLt0q2T4s.jpg,"Family, Fantasy, Comedy, Adventure"
The Gorge,movie,"[10749, 878, 53]","Two highly trained operatives grow close from a distance after being sent to guard opposite sides of a mysterious gorge. When an evil below emerges, they must work together to survive what lies within.",2025-02-13,33.7584,7.695,/7iMBZzVZtG0oBug4TfqDb9ZxAOa.jpg,"Romance, Science Fiction, Thriller"
Toy Story 4,movie,"[10751, 35, 16, 12]","Woody has always been confident about his place in the world, devoted to taking care of his kid—whether that's Andy or Bonnie. But after Bonnie creates a reluctant new toy called ""Forky"", a road trip adventure alongside old and new friends challenges everything Woody believes about loyalty, purpose, and what it truly means to be a toy.",2019-06-19,32.2577,7.5,/w9kR8qbmQ01HwnvK4alvnQ2ca0L.jpg,"Family, Comedy, Animation, Adventure"
Frankenstein,movie,"[18, 14, 27]","Dr. Victor Frankenstein, a brilliant but egotistical scientist, brings a creature to life in a monstrous experiment that ultimately leads to the undoing of both the creator and his tragic creation.",2025-10-17,32.2989,7.618,/g4JtvGlQO7DByTI6frUobqvSL3R.jpg,"Drama, Fantasy, Horror"
PAW Patrol: The Dino Movie,movie,"[16, 12, 10751, 14, 35]","The Paw Patrol lands on a mysterious dinosaur island after a storm, where they meet Rex, a stranded pup. When Humdinger's reckless mining triggers a volcano, the team faces their biggest rescue mission yet to save the island.",2026-07-23,34.6667,7.119,/qnin56Syy5rbG7KCaxWY7SPuy6p.jpg,"Animation, Adventure, Family, Fantasy, Comedy"
Ice Age: Collision Course,movie,"[12, 16, 10751, 35, 878]","Set after the events of Continental Drift, Scrat's epic pursuit of his elusive acorn catapults him outside of Earth, where he accidentally sets off a series of cosmic events that transform and threaten the planet. To save themselves from peril, Manny, Sid, Diego, and the rest of the herd leave their home and embark on a quest full of thrills and spills, highs and lows, laughter and adventure while traveling to exotic new lands and locations.",2016-06-23,36.3326,6.124,/tFzUkdhPOForVrEfvxydXfPLrZR.jpg,"Adventure, Animation, Family, Comedy, Science Fiction"
Back to the Future,movie,"[12, 35, 878]","Eighties teenager Marty McFly is accidentally sent back in time to 1955, inadvertently disrupting his parents' first meeting and attracting his mother's romantic interest. Marty must repair the damage to history by rekindling his parents' romance and - with the help of his eccentric inventor friend Doc Brown - return to 1985.",1985-07-03,33.4884,8.329,/vN5B5WgYscRGcQpVhHl6p9DDTP0.jpg,"Adventure, Comedy, Science Fiction"
The Conjuring,movie,"[27, 53]","Paranormal investigators Ed and Lorraine Warren work to help a family terrorized by a dark presence in their farmhouse. Forced to confront a powerful entity, the Warrens find themselves caught in the most terrifying case of their lives.",2013-07-18,35.6365,7.542,/wVYREutTvI2tmxr6ujrHT704wGF.jpg,"Horror, Thriller"
Crayon Shin-chan the Movie: Very Bizarre! My Yokai Vacation,movie,"[12, 16, 35]","Shin-chan and his family visit his father's home town of Akita in order to view the Omagari Fireworks Festival. When a strange incident to causes the residents of “Yokai Land” to begin running wild throughout Akita and the rest of Japan, Shin-chan and company are lured to “Yokai Land” for an unusual adventure.",2026-07-31,33.2496,0.0,/15iwqqJVgFfeFh4Y1f8gg9yi2Fw.jpg,"Adventure, Animation, Comedy"
Pirates of the Caribbean: The Curse of the Black Pearl,movie,"[12, 14, 28]","When wily pirate Captain Barbossa seizes Jack Sparrow’s beloved ship, the Black Pearl, and kidnaps the governor’s daughter, Elizabeth Swann, blacksmith Will Turner reluctantly teams up with the unpredictable pirate Jack to rescue her—only to uncover a terrifying curse that turns Barbossa’s crew into the undead.",2003-07-09,35.9743,7.834,/poHwCZeWzJCShH7tOjg8RIoyjcw.jpg,"Adventure, Fantasy, Action"
Back to the 90s,movie,"[10749, 35, 10402]","When a mysterious glitch sends a rising boyband back to 1995 - just days before the biggest showcase of their lives - the five friends race to reverse the time slip. But as unexpected connections form and the past pulls them in deeper, getting home means confronting what they're willing to leave behind - and who they truly are to each other.",2026-08-18,28.9784,5.8,/tCOvMa7bXHiRlOuhQvUOeSF0kPn.jpg,"Romance, Comedy, Music"
Ratatouille,movie,"[16, 35, 10751, 14]","In one of Paris's finest restaurants, Remy, a determined young rat, dreams of becoming a renowned French chef. Torn between his family's wishes and his true calling, Remy and his pal Linguini set in motion a hilarious chain of events that turns the City of Lights upside down.",2007-06-28,37.7544,7.845,/t3vaWRPSf6WjDSamIkKDs1iQWna.jpg,"Animation, Comedy, Family, Fantasy"
2012,movie,"[28, 12, 878]","Dr. Adrian Helmsley, part of a worldwide geophysical team investigating the effect on the earth of radiation from unprecedented solar storms, learns that the earth's core is heating up. He warns U.S. President Thomas Wilson that the crust of the earth is becoming unstable and that without proper preparations for saving a fraction of the world's population, the entire race is doomed. Meanwhile, writer Jackson Curtis stumbles on the same information. While the world's leaders race to build ""arks"" to escape the impending cataclysm, Curtis struggles to find a way to save his family. Meanwhile, volcanic eruptions and earthquakes of unprecedented strength wreak havoc around the world.",2009-10-10,34.4523,5.893,/zaqam2RNscH5ooYFWInV6hjx6y5.jpg,"Action, Adventure, Science Fiction"
The Devil Wears Prada,movie,"[18, 35]","A young woman from the Midwest gets more than she bargained for when she moves to New York to become a writer and ends up as the assistant to the tyrannical, larger-than-life editor-in-chief of a major fashion magazine.",2006-06-29,31.8342,7.437,/8912AsVuS7Sj915apArUFbv6F9L.jpg,"Drama, Comedy"
Home Alone 2: Lost in New York,movie,"[35, 10751, 12]","Instead of flying to Florida with his folks, Kevin ends up alone in New York, where he gets a hotel room with his dad's credit card—despite problems from a clerk and meddling bellboy. But when Kevin runs into his old nemeses, the Wet Bandits, he's determined to foil their plans to rob a toy store on Christmas Eve.",1992-11-15,31.1457,6.794,/uuitWHpJwxD1wruFl2nZHIb4UGN.jpg,"Comedy, Family, Adventure"
Hacksaw Ridge,movie,"[18, 36, 10752]","WWII American Army Medic Desmond T. Doss, who served during the Battle of Okinawa, refuses to kill people and becomes the first Conscientious Objector in American history to receive the Congressional Medal of Honor.",2016-10-07,35.4492,8.193,/fnOMP6mjmOmZwmlC1n0K7ivrzt1.jpg,"Drama, History, War"
Apex,movie,"[28, 53]",A grieving woman pushing her limits on a solo adventure in the Australian wild is ensnared in a twisted game with a cunning killer who thinks she's prey.,2026-04-24,31.4248,6.894,/eTp7gSPkSF3Aw79mNx1NkBP1PZT.jpg,"Action, Thriller"
School on Fire,movie,"[18, 80, 53]","A young schoolgirl, Yuen Fong becomes caught in a tragic stranglehold of triad activity after she testifies in court over a triad beating. When this news reaches the triad leader Brother Smart, Yuen Fong must pay him protection money for what she has done as events begin to escalate.",1988-08-20,31.5245,7.3,/uTVfcol62NROZw2W2Q7ykbFgPQ.jpg,"Drama, Crime, Thriller"
Lilo & Stitch,movie,"[10751, 878, 35]",The wildly funny and touching story of a lonely Hawaiian girl and the fugitive alien who helps to mend her broken family.,2025-05-17,46.1449,7.2,/ckQzKpQJO4ZQDCN5evdpKcfm7Ys.jpg,"Family, Science Fiction, Comedy"
Descendants: Wicked Wonderland,movie,"[14, 10770, 10751, 12]","Now that the Queen of Hearts is nice and Cinderella is safe, things seem perfect for Red and Chloe… But little do they know that changing the past created a new villain — Maddox Hatter. When Maddox captures the Queen of Hearts, Red and Chloe must work alongside Red’s new sister Pink, Luisa Madrigal’s son Luis, and Maddox’s son Max to save her and Wonderland.",2026-07-16,30.3237,7.52,/xdhLAADGSse8KCrsDLBuM5b68Cg.jpg,"Fantasy, TV Movie, Family, Adventure"
Fast X,movie,"[28, 80, 53]","Over many missions and against impossible odds, Dom Toretto and his family have outsmarted, out-nerved and outdriven every foe in their path. Now, they confront the most lethal opponent they've ever faced: A terrifying threat emerging from the shadows of the past who's fueled by blood revenge, and who is determined to shatter this family and destroy everything—and everyone—that Dom loves, forever.",2023-05-17,31.6431,6.984,/fiVW06jE7z9YnO4trhaMEdclSiC.jpg,"Action, Crime, Thriller"
A Child of My Own,movie,[99],"Desperate for a baby and burdened by family and societal expectations, a woman fakes a pregnancy and gets tangled in a crime.",2026-07-30,31.1041,8.422,/4ALVUEb2PCIFDNCD88xTFJFCJ3q.jpg,Documentary
The Isolate Thief,movie,"[37, 28, 18]",A young woman struggles to conceal the gold she stole from a group of violent outlaws who have seized control of her remote outpost.,2026-07-10,29.6922,7.028,/gmmCh2BvTKp0YGT2FYG0eOQJELi.jpg,"Western, Action, Drama"
Who's That Girl,movie,"[35, 10749]",An uptight New York City tax lawyer gets his life turned upside down one day when he's asked to escort a feisty free-spirited ex-convict who asks him to help prove her innocence of her crime.,1987-08-07,36.904,5.504,/2Yu6ciKKgSWIZAzUg4IrrifO23z.jpg,"Comedy, Romance"
Black Panther: Wakanda Forever,movie,"[28, 12, 878]","Queen Ramonda, Shuri, M’Baku, Okoye and the Dora Milaje fight to protect their nation from intervening world powers in the wake of King T’Challa’s death.  As the Wakandans strive to embrace their next chapter, the heroes must band together with the help of War Dog Nakia and Everett Ross and forge a new path for the kingdom of Wakanda.",2022-11-09,33.431,6.993,/sv1xJUazXeYqALzczSZ3O6nkH75.jpg,"Action, Adventure, Science Fiction"
The Imitation Game,movie,"[36, 18, 53, 10752]","Based on the real life story of legendary cryptanalyst Alan Turing, the film portrays the nail-biting race against time by Turing and his brilliant team of code-breakers at Britain's top-secret Government Code and Cypher School at Bletchley Park, during the darkest days of World War II.",2014-11-14,35.395,7.98,/zSqJ1qFq8NXFfi7JeIYMlzyR0dx.jpg,"History, Drama, Thriller, War"
One Night Only,movie,"[35, 10749]",Two love-starved strangers crash into each other on the one night of the year when single people are allowed to have sex.,2026-07-28,32.0885,6.958,/9LGEqZvzI7Tsosf8srwEY48rZsD.jpg,"Comedy, Romance"
Venom: The Last Dance,movie,"[878, 28, 12]","Eddie and Venom are on the run. Hunted by both of their worlds and with the net closing in, the duo are forced into a devastating decision that will bring the curtains down on Venom and Eddie's last dance.",2024-10-22,40.9529,6.674,/vGXptEdgZIhPg3cGlc7e8sNPC2e.jpg,"Science Fiction, Action, Adventure"
Normal,movie,"[28, 80, 53, 37]","An unassuming substitute sheriff with a troubled past responds to a bank robbery in a small, sleepy town and unknowingly uncovers something far more explosive.",2026-04-16,27.4569,7.269,/t13MdGCKRZvkmrFW2A7Vih3QjwD.jpg,"Action, Crime, Thriller, Western"
The Priest: Thanksgiving Massacre,movie,[27],"A family gather to spend Thanksgiving at an isolated cabin, unaware that the site has a horrific history of murder and cannibalism and that the Priest responsible did not rest in peace. Now they are on the menu for Thanksgiving dinner.",2025-08-08,28.0979,3.831,/AiRySv62247N91mfCCAryACGNuv.jpg,Horror
“Wuthering Heights”,movie,"[10749, 18]","Tragedy strikes when Heathcliff falls in love with Catherine Earnshaw, a woman from a wealthy family in 18th-century England.",2026-02-11,37.177,6.66,/3YBce6dTh1D5oCMITXk2S5QhPt.jpg,"Romance, Drama"
Ted 2,movie,"[35, 14]","Newlywed couple Ted and Tami-Lynn want to have a baby, but in order to qualify to be a parent, Ted will have to prove he's a person in a court of law.",2015-06-25,34.1272,6.326,/38C91I7Xft0gyY7BITm8i4yvuRb.jpg,"Comedy, Fantasy"
Black Adam,movie,"[28, 12, 878]","Nearly 5,000 years after he was bestowed with the almighty powers of the Egyptian gods—and imprisoned just as quickly—Black Adam is freed from his earthly tomb, ready to unleash his unique form of justice on the modern world.",2022-10-19,33.3252,6.773,/rCtreCr4xiYEWDQTebybolIh6Xe.jpg,"Action, Adventure, Science Fiction"
The Rope Curse 4: Kuntilanak,movie,"[53, 9648, 27]","A forbidden exorcism is livestreamed in Indonesia, awakening the legendary female spirit Kuntilanak. What begins as an online spectacle quickly turns deadly. In Taiwan, Mila watches the ritual—and becomes the curse’s first victim. Soon, mysterious deaths and violent possessions follow. When Yulan collapses and is found to have lost part of her soul, it becomes clear that this is not an isolated incident, but a transnational curse. Seeking answers, Mila’s son returns her ashes to Indonesia, hoping to uncover the truth behind her death. Instead, he steps into a nightmare rooted in ancient folklore and unresolved hatred. As supernatural violence escalates, the group realizes that once Kuntilanak is summoned, the curse will not stop—until it claims everything in its path.",2026-08-27,31.4126,0.0,/6u8F23BammMeCWLvWITbFM2Nwbe.jpg,"Thriller, Mystery, Horror"
Scream 7,movie,"[27, 9648, 80]","When a new Ghostface killer emerges in the quiet town where Sidney Prescott has built a new life, her darkest fears are realized as her daughter becomes the next target. Determined to protect her family, Sidney must face the horrors of her past to put an end to the bloodshed once and for all.",2026-02-25,32.405,6.2,/jjyuk0edLiW8vOSnlfwWCCLpbh5.jpg,"Horror, Mystery, Crime"
Alien,movie,"[27, 878]","During its return to the earth, commercial spaceship Nostromo intercepts a distress signal from a distant planet. When a three-member team of the crew discovers a chamber containing thousands of eggs on the planet, a creature inside one of the eggs attacks an explorer. The entire crew is unaware of the impending nightmare set to descend upon them when the alien parasite planted inside its unfortunate host is birthed.",1979-05-25,39.2259,8.172,/vfrQk5IPloGg1v9Rzbh2Eg3VGyM.jpg,"Horror, Science Fiction"
The Intouchables,movie,"[18, 35]",A true story of two men who should never have met – a quadriplegic aristocrat who was injured in a paragliding accident and a young man from the projects.,2011-11-02,32.2576,8.272,/1QU7HKgsQbGpzsJbJK4pAVQV9F5.jpg,"Drama, Comedy"
Inside Out,movie,"[16, 10751, 12, 18, 35]","When 11-year-old Riley moves to a new city, her Emotions team up to help her through the transition. Joy, Fear, Anger, Disgust and Sadness work together, but when Joy and Sadness get lost, they must journey through unfamiliar places to get back home.",2015-06-17,35.2114,7.906,/2H1TmgdfNtsKlU9jKdeNyYL5y8T.jpg,"Animation, Family, Adventure, Drama, Comedy"
Killers of the Flower Moon,movie,"[80, 36, 18]","When oil is discovered in 1920s Oklahoma under Osage Nation land, the Osage people are murdered one by one—until the FBI steps in to unravel the mystery.",2023-10-18,33.1478,7.39,/dB6Krk806zeqd0YNp2ngQ9zXteH.jpg,"Crime, History, Drama"
Aquaman and the Lost Kingdom,movie,"[28, 12, 14]","Black Manta seeks revenge on Aquaman for his father's death. Wielding the Black Trident's power, he becomes a formidable foe. To defend Atlantis, Arthur (Aquaman) forges an alliance with his imprisoned brother. They must protect the kingdom.",2023-12-20,29.3964,6.505,/7lTnXOy0iNtBAdRP3TZvaKJ77F6.jpg,"Action, Adventure, Fantasy"
Thor: Ragnarok,movie,"[28, 878, 35, 12]","Thor is imprisoned on the other side of the universe and finds himself in a race against time to get back to Asgard to stop Ragnarok, the destruction of his home-world and the end of Asgardian civilization, at the hands of a powerful new threat, the ruthless Hela.",2017-10-02,28.9916,7.58,/rzRwTcFvttcN1ZpX2xv4j3tSdJu.jpg,"Action, Science Fiction, Comedy, Adventure"
X-Men: Days of Future Past,movie,"[28, 12, 878]",The ultimate X-Men ensemble fights a war for the survival of the species across two time periods as they join forces with their younger selves in an epic battle that must change the past – to save our future.,2014-05-15,30.849,7.535,/tYfijzolzgoMOtegh1Y7j2Enorg.jpg,"Action, Adventure, Science Fiction"
Zero Woman 2,movie,"[28, 53]","When a valuable suitcase is stolen, the mob, petty criminals, and a beautiful agent from the Elite Zero division are pulled into a battle to settle the score.",1995-09-05,25.5613,5.0,/sQHeDjwmBQba8E51Mkp5dvgkzeZ.jpg,"Action, Thriller"
Tom Clancy's Jack Ryan: Ghost War,movie,"[28, 53]","Jack Ryan is reluctantly pulled back into espionage when an international covert mission unravels a deadly conspiracy. Racing against time, he joins CIA allies Mike November & James Greer and sharp MI6 officer Emma Marlowe to battle a rogue black-ops unit in a high-stakes, deeply personal fight.",2026-05-20,32.264,6.93,/8ehYxUh5MWE41AeE9gkHE8DKzvB.jpg,"Action, Thriller"
The Hobbit: The Battle of the Five Armies,movie,"[28, 12, 14]","Following Smaug's attack on Laketown, Bilbo and the dwarves try to defend Erebor's mountain of treasure from others who claim it: the men of the ruined Laketown and the elves of Mirkwood. Meanwhile an army of Orcs led by Azog the Defiler is marching on Erebor, fueled by the rise of the dark lord Sauron. Dwarves, elves and men must unite, and the hope for Middle-Earth falls into Bilbo's hands.",2014-12-10,32.6501,7.338,/xT98tLqatZPQApyRmlPL12LtiWp.jpg,"Action, Adventure, Fantasy"
Barbie,movie,"[35, 12, 14]","Barbie and Ken are having the time of their lives in the colorful and seemingly perfect world of Barbie Land. However, when they get a chance to go to the real world, they soon discover the joys and perils of living among humans.",2023-07-19,33.8444,6.912,/iuFNMS8U5cb6xfzi51Dbkovj7vM.jpg,"Comedy, Adventure, Fantasy"
To Her,movie,"[18, 10749]","Gwang-ho is bored except for the time he's taking off his girlfriend's underwear. He visits his Seoul home at the news that his grandfather is dying. Amidst the awkwardness, he remembers something. Ji-yoon is his cousin who has grown up to be a young lady. Gwang-ho is attracted to the fully grown woman and the same is said for Ji-yoon.",2017-07-12,49.3222,7.333,/q3BCuQwMMWlmimOEp8Xfu9Ooaz9.jpg,"Drama, Romance"
Harry Potter and the Order of the Phoenix,movie,"[12, 14]","When a new professor's methods leave Hogwarts unprepared to fight the rising tide of evil, Harry teaches students how to defend against the dark arts.",2007-07-08,33.3209,7.672,/5aOyriWkPec0zUDxmHFP9qMmBaj.jpg,"Adventure, Fantasy"
Star Wars: The Last Jedi,movie,"[12, 28, 878]","Rey develops her newly discovered abilities with the guidance of Luke Skywalker, who is unsettled by the strength of her powers. Meanwhile, the Resistance prepares to do battle with the First Order.",2017-12-13,29.7671,6.74,/ySaaKHOLAQU5HoZqWmzDIj1VvZ1.jpg,"Adventure, Action, Science Fiction"
Pirates of the Caribbean: Dead Man's Chest,movie,"[12, 14, 28]","Captain Jack Sparrow’s got a blood debt to pay: he owes his soul to the legendary Davy Jones, ghastly Ruler of the Ocean Depths. To escape eternal servitude aboard the Flying Dutchman, ever-crafty Jack must track down the still-beating heart of Jones. But he won’t do it alone: Will Turner and Elizabeth Swann are drawn back into another one of his perilous quests—assuming they can evade execution for aiding a pirate.",2006-07-06,32.0204,7.39,/uXEqmloGyP7UXAiphJUu2v2pcuE.jpg,"Adventure, Fantasy, Action"
Moana 2,movie,"[12, 16, 35, 10751, 14]","After receiving an unexpected call from her wayfinding ancestors, Moana journeys alongside Maui and a new crew to the far seas of Oceania and into dangerous, long-lost waters for an adventure unlike anything she's ever faced.",2024-11-21,29.4924,6.992,/aLVkiINlIeCkcZIzb7XHzPYgO6L.jpg,"Adventure, Animation, Comedy, Family, Fantasy"
Gone Girl,movie,"[9648, 53, 18]","With his wife's disappearance having become the focus of an intense media circus, a man sees the spotlight turned on him when it's suspected that he may not be innocent.",2014-10-01,30.5622,7.89,/ts996lKsxvjkO2yiYG0ht4qAicO.jpg,"Mystery, Thriller, Drama"
Black Box,movie,"[27, 53]","A routine domestic flight turns into the flight from hell through a series of inexplicable phenomena and raw terror. Surreal encounters blur the boundaries between reality and nightmare. Passengers fight against all the odds in an attempt to survive while combating bizarre technological malfunctions, accelerating supernatural events and alien influences.",2026-06-25,29.5284,6.151,/x6dsUKxz8O5rD3lzayJgvFpW58s.jpg,"Horror, Thriller"
Saving Private Ryan,movie,"[10752, 18, 36]","As U.S. troops storm the beaches of Normandy, three brothers lie dead on the battlefield, with a fourth trapped behind enemy lines. Ranger captain John Miller and seven men are tasked with penetrating German-held territory and bringing the boy home.",1998-07-24,37.1286,8.233,/uqx37cS8cpHg8U35f9U5IBlrCV3.jpg,"War, Drama, History"
Toy Story 2,movie,"[16, 35, 10751]","Andy heads off to Cowboy Camp, leaving his toys to their own devices. Things shift into high gear when an obsessive toy collector named Al McWhiggen, owner of Al's Toy Barn kidnaps Woody. Andy's toys mount a daring rescue mission, Buzz Lightyear meets his match and Woody has to decide where he and his heart truly belong.",1999-10-30,31.5571,7.619,/4rbcp3ng8n1MKHjpeqW0L7Fnpzz.jpg,"Animation, Comedy, Family"
Kung Fu Soccer,movie,"[18, 35, 28]","The ""Supreme Invincible Cup"" is about to begin, and a host of top teams are about to engage in an unprecedented showdown! But the Kung Fu Women's Soccer Team has been dealt a hellish script right from the start?! Their opponents are all highly skilled, and external pressure is mounting. The schemes on the field are one after another... Can they use their kung fu to turn the tide on the green field?",2026-07-11,25.8895,6.4,/6QgJQrClh9ej357yzLWgCxrjAmJ.jpg,"Drama, Comedy, Action"
Toy Story 2,movie,"[16, 35, 10751]","Andy heads off to Cowboy Camp, leaving his toys to their own devices. Things shift into high gear when an obsessive toy collector named Al McWhiggen, owner of Al's Toy Barn kidnaps Woody. Andy's toys mount a daring rescue mission, Buzz Lightyear meets his match and Woody has to decide where he and his heart truly belong.",1999-10-30,31.5571,7.619,/4rbcp3ng8n1MKHjpeqW0L7Fnpzz.jpg,"Animation, Comedy, Family"
Kung Fu Soccer,movie,"[18, 35, 28]","The ""Supreme Invincible Cup"" is about to begin, and a host of top teams are about to engage in an unprecedented showdown! But the Kung Fu Women's Soccer Team has been dealt a hellish script right from the start?! Their opponents are all highly skilled, and external pressure is mounting. The schemes on the field are one after another... Can they use their kung fu to turn the tide on the green field?",2026-07-11,25.8895,6.4,/6QgJQrClh9ej357yzLWgCxrjAmJ.jpg,"Drama, Comedy, Action"
Protector,movie,"[28, 53]","Nikki's life is shattered when her daughter is kidnapped. Thrust into the criminal underworld while hunted by cops and military, she must fight to rescue her child.",2026-02-20,25.4041,8.401,/icOZpnGuH9YrEaW3wrw5GJaXGih.jpg,"Action, Thriller"
GoodFellas,movie,"[18, 80]","The true story of Henry Hill, a half-Irish, half-Sicilian Brooklyn kid who is adopted by neighbourhood gangsters at an early age and climbs the ranks of a Mafia family under the guidance of Jimmy Conway.",1990-09-12,30.2198,8.451,/9OkCLM73MIU2CrKZbqiT8Ln1wY2.jpg,"Drama, Crime"
Django Unchained,movie,"[18, 37]","With the help of a German bounty hunter, a freed slave sets out to rescue his wife from a brutal Mississippi plantation owner.",2012-12-25,30.3435,8.193,/7oWY8VDWW7thTzWh3OKYRkWUlD5.jpg,"Drama, Western"
LEGO Disney Princess: Magical Mayhem,movie,"[16, 14, 35, 12]","During a heavy rainstorm, the Princess characters and their sidekick friends take in animals in need while enjoying a cozy day in their castle. But when the animals run amok, chaos erupts. Sleuthing reveals a mischievous villain behind it all, and with teamwork, quick thinking, and help from an unexpected friend, the Princess characters must restore order and save their home.",2026-08-21,26.1328,7.688,/3tCKtHBq9LC5Vd8S1UHVocZDj0l.jpg,"Animation, Fantasy, Comedy, Adventure"
Toy Story 3,movie,"[16, 10751, 35]","Woody, Buzz, and the rest of Andy's toys haven't been played with in years. With Andy about to go to college, the gang find themselves accidentally left at a nefarious day care center. The toys must band together to escape and return home to Andy.",2010-06-16,29.9612,7.815,/AbbXspMOwdvwWZgVN0nabZq03Ec.jpg,"Animation, Family, Comedy"
Weapons,movie,"[27, 9648]","When all but one child from the same class mysteriously vanish on the same night at exactly the same time, a community is left questioning who or what is behind their disappearance.",2025-08-04,30.214,7.253,/cpf7vsRZ0MYRQcnLWteD5jK9ymT.jpg,"Horror, Mystery"
The Martian,movie,"[878, 18, 12]","During a manned mission to Mars, Astronaut Mark Watney is presumed dead after a fierce storm and left behind by his crew. But Watney has survived and finds himself stranded and alone on the hostile planet. With only meager supplies, he must draw upon his ingenuity, wit and spirit to subsist and find a way to signal to Earth that he is alive.",2015-09-30,29.6023,7.707,/fASz8A0yFE3QB6LgGoOfwvFSseV.jpg,"Science Fiction, Drama, Adventure"
Iron Man 3,movie,"[28, 12, 878]","When Tony Stark's world is torn apart by a formidable terrorist called the Mandarin, he starts an odyssey of rebuilding and retribution.",2013-04-18,29.5799,6.932,/qhPtAc1TKbMPqNvcdXSOn9Bn7hZ.jpg,"Action, Adventure, Science Fiction"
Frozen,movie,"[16, 10751, 12, 14]","Young princess Anna of Arendelle dreams about finding true love at her sister Elsa’s coronation. Fate takes her on a dangerous journey in an attempt to end the eternal winter that has fallen over the kingdom. She's accompanied by ice delivery man Kristoff, his reindeer Sven, and snowman Olaf. On an adventure where she will find out what friendship, courage, family, and true love really means.",2013-11-20,32.128,7.249,/itAKcobTYGpYT8Phwjd8c9hleTo.jpg,"Animation, Family, Adventure, Fantasy"
Hope,movie,"[878, 9648, 28]","In the remote South Korean village of Hope Harbor, police chief Bum-seok and officer Sung-ae are called to investigate a mysterious creature wreaking havoc on the community. But all is not as it seems, and perceptions can be misleading. What begins as ignorance plants the seed of disaster, escalating through human conflict into a tragedy of cosmic proportions.",2026-07-15,28.7855,8.2,/1n37BJchWHLiSYQkuFxe5KjB951.jpg,"Science Fiction, Mystery, Action"
Cars 3,movie,"[16, 18, 10751, 12]","Blindsided by a new generation of blazing-fast racers, the legendary Lightning McQueen finds himself pushed to the brink—and suddenly, the champion who once ruled the track is fighting just to stay in the race. With his career hanging in the balance, McQueen must turn to an ambitious young race technician with a plan of her own, draw strength from the legacy of the late Fabulous Hudson Hornet, and risk everything on one last shot at glory.",2017-06-15,31.2256,6.865,/zg5RDxvIIAKsucjuU2EZJIHEIvz.jpg,"Animation, Drama, Family, Adventure"
"Good Luck, Have Fun, Don't Die",movie,"[878, 28, 35]",A 'Man from the Future' arrives at an LA diner where he must recruit the precise combination of disgruntled patrons to join him on a one-night quest to save the world from the terminal threat of a rogue artificial intelligence.,2026-02-13,29.4912,7.106,/af7yguGbWQyvYtk6QCD5l4yBbKN.jpg,"Science Fiction, Action, Comedy"
Deadpool,movie,"[28, 12, 35]","The origin story of former Special Forces operative turned mercenary Wade Wilson, who, after being subjected to a rogue experiment that leaves him with accelerated healing powers, adopts the alter ego Deadpool. Armed with his new abilities and a dark, twisted sense of humor, Deadpool hunts down the man who nearly destroyed his life.",2016-02-09,28.691,7.625,/3E53WEZJqP6aM84D8CckXx4pIHw.jpg,"Action, Adventure, Comedy"
Red One,movie,"[28, 12, 35, 14]","After Santa Claus (codename: Red One) is kidnapped, the North Pole's Head of Security must team up with the world's most infamous tracker in a globe-trotting, action-packed mission to save Christmas.",2024-10-31,30.4353,6.959,/cdqLnri3NEGcmfnqwk2TSIYtddg.jpg,"Action, Adventure, Comedy, Fantasy"
Deadpool 2,movie,"[28, 35, 12]",Wisecracking mercenary Deadpool battles the evil and powerful Cable and other bad guys to save a boy's life.,2018-05-15,29.6574,7.488,/to0spRl1CMDvyUbOnbb4fTk3VAd.jpg,"Action, Comedy, Adventure"
Thor,movie,"[12, 14, 28]","Against his father Odin's will, The Mighty Thor - a powerful but arrogant warrior god - recklessly reignites an ancient war. Thor is cast down to Earth and forced to live among humans as punishment. Once here, Thor learns what it takes to be a true hero when the most dangerous villain of his world sends the darkest forces of Asgard to invade Earth.",2011-04-21,28.6406,6.771,/prSfAi1xGrhLQNxVSUFh61xQ4Qy.jpg,"Adventure, Fantasy, Action"
Shang-Chi and the Legend of the Ten Rings,movie,"[28, 12, 14]",Shang-Chi must confront the past he thought he left behind when he is drawn into the web of the mysterious Ten Rings organization.,2021-09-01,28.9502,7.485,/9f2Q0U3IOsLgrI2HkvldwSABZy5.jpg,"Action, Adventure, Fantasy"
Grown Ups,movie,[35],"After their high school basketball coach passes away, five good friends and former teammates reunite for a Fourth of July holiday weekend.",2010-06-24,25.2166,6.434,/cQGM5k1NtU85n4TUlrOrwijSCcm.jpg,Comedy
Inglourious Basterds,movie,"[18, 53, 10752]","In Nazi-occupied France during World War II, a group of Jewish-American soldiers known as ""The Basterds"" are chosen specifically to spread fear throughout the Third Reich by scalping and brutally killing Nazis. The Basterds, lead by Lt. Aldo Raine soon cross paths with a French-Jewish teenage girl who runs a movie theater in Paris which is targeted by the soldiers.",2009-08-02,28.7967,8.218,/aupnPtagH9JVBuMrGEanf4iqXEQ.jpg,"Drama, Thriller, War"
Tangled,movie,"[16, 10751, 12]","Feisty teenager Rapunzel, who has long and magical hair, wants to go and see sky lanterns on her eighteenth birthday, but she's bound to a tower by her overprotective mother. She strikes a deal with Flynn Rider, a charming wanted thief, and the duo set off on an action-packed escapade.",2010-11-24,30.1446,7.617,/ym7Kst6a4uodryxqbGOxmewF235.jpg,"Animation, Family, Adventure"
xXx: Return of Xander Cage,movie,"[28, 12, 80]","Xander Cage is left for dead after an incident, though he secretly returns to action for a new, tough assignment with his handler Augustus Gibbons.",2017-01-13,28.5698,6.129,/hba8zREJpP1AYhaXgb2oJLQeO0K.jpg,"Action, Adventure, Crime"
Blade Runner,movie,"[878, 18, 53]","In the smog-choked dystopian Los Angeles of 2019, blade runner Rick Deckard is called out of retirement to terminate a quartet of replicants who have escaped to Earth seeking their creator for a way to extend their short life spans.",1982-06-25,30.6283,7.935,/63N9uy8nd9j7Eog2axPQ8lbr3Wj.jpg,"Science Fiction, Drama, Thriller"
X-Men: Apocalypse,movie,"[878, 14, 28]","After the re-emergence of the world's first mutant, world-destroyer Apocalypse, the X-Men must unite to defeat his extinction level plan.",2016-05-18,33.9621,6.527,/ikA8UhYdTGpqbatFa93nIf6noSr.jpg,"Science Fiction, Fantasy, Action"
The Incredibles,movie,"[28, 12, 16, 10751]","Bob Parr has given up his superhero days to log in time as an insurance adjuster and raise his three children with his formerly heroic wife in suburbia. But when he receives a mysterious assignment, it's time to get back into costume.",2004-10-27,33.2816,7.728,/2LqaLgk4Z226KkgPJuiOQ58wvrm.jpg,"Action, Adventure, Animation, Family"
Black Widow,movie,"[28, 12, 878]","Natasha Romanoff, also known as Black Widow, confronts the darker parts of her ledger when a dangerous conspiracy with ties to her past arises. Pursued by a force that will stop at nothing to bring her down, Natasha must deal with her history as a spy and the broken relationships left in her wake long before she became an Avenger.",2021-07-07,30.1072,7.152,/qAZ0pzat24kLdO3o8ejmbLxyOac.jpg,"Action, Adventure, Science Fiction"
The Notebook,movie,"[10749, 18]","An epic love story centered around an older man who reads aloud to a woman with Alzheimer's. From a faded notebook, the old man's words bring to life the story about a couple who is separated by World War II, and is then passionately reunited, seven years later, after they have taken different paths.",2004-06-25,31.7149,7.89,/rNzQyW4f8B8cQeg7Dgj3n6eT5k9.jpg,"Romance, Drama"
Logan,movie,"[28, 18, 878]","In the near future, a weary Logan cares for an ailing Professor X in a hideout on the Mexican border. But Logan's attempts to hide from the world and his legacy are upended when a young mutant arrives, pursued by dark forces.",2017-02-28,37.6378,7.821,/fnbjcRDYn6YviCcePDnGdyAkYsB.jpg,"Action, Drama, Science Fiction"
Everything Everywhere All at Once,movie,"[28, 12, 878]","An aging Chinese immigrant is swept up in an insane adventure, where she alone can save what's important to her by connecting with the lives she could have led in other universes.",2022-03-24,36.0248,7.708,/u68AjlvlutfEIcpmbYpKcdi09ut.jpg,"Action, Adventure, Science Fiction"
Once Upon a Time in America,movie,"[18, 80]","A former Prohibition-era Jewish gangster returns to the Lower East Side of Manhattan over thirty years later, where he once again must confront the ghosts and regrets of his old life.",1984-05-23,29.1144,8.375,/i0enkzsL5dPeneWnjl1fCWm6L7k.jpg,"Drama, Crime"
Scarface,movie,"[28, 80, 18]","After getting a green card in exchange for assassinating a Cuban government official, Tony Montana stakes a claim on the drug trade in Miami. Viciously murdering anyone who stands in his way, Tony eventually becomes the biggest drug lord in the state, controlling nearly all the cocaine that comes through Miami. But increased pressure from the police, wars with Colombian drug cartels and his own drug-fueled paranoia serve to fuel the flames of his eventual downfall.",1983-12-09,34.5842,8.152,/iQ5ztdjvteGeboxtmRdXEChJOHh.jpg,"Action, Crime, Drama"
Cars,movie,"[16, 12, 35, 10751]","Lightning McQueen, a hotshot rookie race car driven to succeed, discovers that life is about the journey, not the finish line, when he finds himself unexpectedly detoured in the sleepy Route 66 town of Radiator Springs. On route across the country to the big Piston Cup Championship in California to compete against two seasoned pros, McQueen gets to know the town's offbeat characters.",2006-06-08,29.5497,7.049,/2Touk3m5gzsqr1VsvxypdyHY5ci.jpg,"Animation, Adventure, Comedy, Family"
Vengeance,movie,"[28, 53]","The brutal murder of the wife of “Toro,” a military hero in the special forces, turns him into a man with a single purpose: revenge. After a stroke of fate makes him a millionaire, Carlos transforms his fortune into an arsenal and, together with his closest soldiers, sets out to hunt down those responsible.",2026-02-26,28.4123,7.533,/ygWXPL0RS91JyJPNOfK34eV3bRE.jpg,"Action, Thriller"
Man of Steel,movie,"[28, 12, 878]","A young boy learns that he has extraordinary powers and is not of this earth. As a young man, he journeys to discover where he came from and what he was sent here to do. But the hero in him must emerge if he is to save the world from annihilation and become the symbol of hope for all mankind.",2013-06-12,34.9285,6.66,/8GFtkImmK0K1VaUChR0n9O61CFU.jpg,"Action, Adventure, Science Fiction"
Good Will Hunting,movie,[18],"Will Hunting is a headstrong, working-class genius who is failing the lessons of life. After one too many run-ins with the law, Will's last chance is a psychology professor, who might be the only man who can reach him.",1997-12-05,32.7535,8.165,/z2FnLKpFi1HPO7BEJxdkv6hpJSU.jpg,Drama
Green Book,movie,"[18, 35, 36]","Tony Lip, a bouncer in 1962, is hired to drive pianist Don Shirley on a tour through the Deep South in the days when African Americans, forced to find alternate accommodations and services due to segregation laws below the Mason-Dixon Line, relied on a guide called The Negro Motorist Green Book.",2018-11-16,31.2555,8.222,/7BsvSuDQuoqhWmU2fL7W2GOcZHU.jpg,"Drama, Comedy, History"
Puss in Boots: The Last Wish,movie,"[16, 12, 14, 35, 10751]","Puss in Boots discovers that his passion for adventure has taken its toll: He has burned through eight of his nine lives, leaving him with only one life left. Puss sets out on an epic journey to find the mythical Last Wish and restore his nine lives.",2022-12-07,31.1746,8.216,/kuf6dutpsT0vSVehic3EZIqkOBt.jpg,"Animation, Adventure, Fantasy, Comedy, Family"
The Truman Show,movie,"[35, 18]","In a picture-perfect seaside town, an insurance salesman begins to realize that his entire existence may be staged and observed by a vast unseen audience as part of a long-running real-time reality TV show.",1998-06-04,28.5887,8.157,/vuza0WqY239yBXOadKlGwJsZJFE.jpg,"Comedy, Drama"
Fifty Shades of Grey,movie,"[18, 10749, 53]","When college senior Anastasia Steele steps in for her sick roommate to interview prominent businessman Christian Grey for their campus paper, little does she realize the path her life will take. Christian, as enigmatic as he is rich and powerful, finds himself strangely drawn to Ana, and she to him. Though sexually inexperienced, Ana plunges headlong into an affair -- and learns that Christian's true sexual proclivities push the boundaries of pain and pleasure.",2015-02-11,24.7022,5.86,/63kGofUkt1Mx0SIL4XI4Z5AoSgt.jpg,"Drama, Romance, Thriller"
Fifty Shades of Grey,movie,"[18, 10749, 53]","When college senior Anastasia Steele steps in for her sick roommate to interview prominent businessman Christian Grey for their campus paper, little does she realize the path her life will take. Christian, as enigmatic as he is rich and powerful, finds himself strangely drawn to Ana, and she to him. Though sexually inexperienced, Ana plunges headlong into an affair -- and learns that Christian's true sexual proclivities push the boundaries of pain and pleasure.",2015-02-11,24.7022,5.86,/63kGofUkt1Mx0SIL4XI4Z5AoSgt.jpg,"Drama, Romance, Thriller"
Heat,movie,"[80, 18, 28]",Obsessive master thief Neil McCauley leads a top-notch crew on various daring heists throughout Los Angeles while determined detective Vincent Hanna pursues him without rest. Each man recognizes and respects the ability and the dedication of the other even though they are aware their cat-and-mouse game may end in violence.,1995-12-15,25.6391,7.944,/gKaePbkEkaqvMtw74EyhhkfCKKh.jpg,"Crime, Drama, Action"
Don't Say Good Luck,movie,"[35, 10402, 18]",Sophie Birenbaum is ready for the spotlight as the lead in her high school musical — until she's suddenly facing more drama at home than on the stage.,2026-08-13,28.6592,7.253,/dgTKahWonzVLeN8Lm22WR2S7D0A.jpg,"Comedy, Music, Drama"
Guardians of the Galaxy Vol. 2,movie,"[878, 12, 28]",The Guardians must fight to keep their newfound family together as they unravel the mysteries of Peter Quill's true parentage.,2017-04-25,29.9201,7.609,/y4MBh0EjBlMuOzv9axM4qJlmhzz.jpg,"Science Fiction, Adventure, Action"
Hokum,movie,[27],"When novelist Ohm Bauman retreats to a remote inn to scatter his parents' ashes, he is consumed by tales of a witch haunting the honeymoon suite. Disturbing visions and a shocking disappearance forces him to confront dark corners of his past.",2026-04-29,36.2334,6.891,/x6rHcQFiYcczLQPrmxXPAicm54E.jpg,Horror
Practical Magic,movie,"[10749, 14, 35]","Sally and Gillian Owens, born into a magical family, have mostly avoided witchcraft themselves. But when Gillian's vicious boyfriend, Jimmy Angelov, dies unexpectedly, the Owens sisters give themselves a crash course in hard magic. With policeman Gary Hallet growing suspicious, the girls struggle to resurrect Angelov -- and unwittingly inject his corpse with an evil spirit that threatens to end their family line.",1998-10-16,31.9049,6.768,/AwmToSgf2IL3aHv0QRVsR5KvChv.jpg,"Romance, Fantasy, Comedy"
Thor: Love and Thunder,movie,"[14, 28, 35]","After his retirement is interrupted by Gorr the God Butcher, a galactic killer who seeks the extinction of the gods, Thor Odinson enlists the help of King Valkyrie, Korg, and ex-girlfriend Jane Foster, who now wields Mjolnir as the Mighty Thor. Together they embark upon a harrowing cosmic adventure to uncover the mystery of the God Butcher’s vengeance and stop him before it’s too late.",2022-07-06,26.087,6.361,/pIkRyD18kl4FhoCNQuWxWu5cBLM.jpg,"Fantasy, Action, Comedy"
Final Destination Bloodlines,movie,"[27, 9648]","Plagued by a violent recurring nightmare, college student Stefanie heads home to track down the one person who might be able to break the cycle and save her family from the grisly demise that inevitably awaits them all.",2025-05-14,27.6869,7.032,/6WxhEvFsauuACfv8HyoVX6mZKFj.jpg,"Horror, Mystery"
The Hobbit: An Unexpected Journey,movie,"[12, 14, 28]","Bilbo Baggins, a hobbit enjoying his quiet life, is swept into an epic quest by Gandalf the Grey and thirteen dwarves who seek to reclaim their mountain home from Smaug, the dragon.",2012-12-12,33.2542,7.381,/yHA9Fc37VmpUA5UncTxxo3rTGVA.jpg,"Adventure, Fantasy, Action"
Cars 2,movie,"[16, 10751, 12, 35]",Star race car Lightning McQueen and his pal Mater head overseas to compete in the World Grand Prix race. But the road to the championship becomes rocky as Mater gets caught up in an intriguing adventure of his own: international espionage.,2011-06-11,29.9623,6.188,/okIz1HyxeVOMzYwwHUjH2pHi74I.jpg,"Animation, Family, Adventure, Comedy"
Real Steel,movie,"[28, 878, 18]","Charlie Kenton is a washed-up fighter who retired from the ring when robots took over the sport. After his robot is trashed, he reluctantly teams up with his estranged son to rebuild and train an unlikely contender.",2011-09-28,25.8034,7.14,/4GIeI5K5YdDUkR3mNQBoScpSFEf.jpg,"Action, Science Fiction, Drama"
Sonic the Hedgehog 3,movie,"[28, 878, 35, 10751]","Sonic, Knuckles, and Tails reunite against a powerful new adversary, Shadow, a mysterious villain with powers unlike anything they have faced before. With their abilities outmatched in every way, Team Sonic must seek out an unlikely alliance in hopes of stopping Shadow and protecting the planet.",2024-12-19,28.5623,7.601,/d8Ryb8AunYAuycVKDp5HpdWPKgC.jpg,"Action, Science Fiction, Comedy, Family"
Doctor Strange,movie,"[14, 12, 28]","After his career is destroyed, a brilliant but arrogant surgeon gets a new lease on life when a sorcerer takes him under her wing and trains him to defend the world against evil.",2016-10-25,28.2571,7.425,/uGBVj3bEbCoZbDjjl9wTxcygko1.jpg,"Fantasy, Adventure, Action"
Passenger,movie,"[27, 53]","After a young couple witnesses a gruesome highway accident, they soon realize they did not leave the crash scene alone, as a demonic presence called the Passenger that won't stop until it claims them both turns their van life adventure into a nightmare.",2026-05-20,26.9865,7.316,/2sOEJzhPzjTkZSlPbGxOJ7xgIyS.jpg,"Horror, Thriller"
Knives Out,movie,"[35, 80, 9648]","When renowned crime novelist Harlan Thrombey is found dead at his estate just after his 85th birthday, the inquisitive and debonair Detective Benoit Blanc is mysteriously enlisted to investigate. From Harlan's dysfunctional family to his devoted staff, Blanc sifts through a web of red herrings and self-serving lies to uncover the truth behind Harlan's untimely death.",2019-11-27,26.7015,7.843,/pThyQovXQrw2m0s9x82twj48Jq4.jpg,"Comedy, Crime, Mystery"
The Running Man,movie,"[28, 53, 878]","Desperate to save his sick daughter, working-class Ben Richards is convinced by The Running Man's charming but ruthless producer to enter the deadly competition game as a last resort. But Ben's defiance, instincts, and grit turn him into an unexpected fan favorite — and a threat to the entire system. As ratings skyrocket, so does the danger, and Ben must outwit not just the Hunters, but a nation addicted to watching him fall.",2025-11-11,24.9731,6.731,/dKL78O9zxczVgjtNcQ9UkbYLzqX.jpg,"Action, Thriller, Science Fiction"
Jana Nayagan,movie,"[28, 18]","A clash of ideologies. One stands for the people, the other feeds on control. Their paths collided once before. Years later, a child’s silent fear ignites the past, drawing a former police officer into a battle far bigger than personal revenge.",2026-07-22,24.8569,5.333,/jt8pfSIdi47YpFMMWVRr8w5u2S0.jpg,"Action, Drama"
The Hangover,movie,[35],"When three friends finally come to after a raucous night of bachelor-party revelry, they find a baby in the closet and a tiger in the bathroom. But they can't seem to locate their best friend, Doug – who's supposed to be tying the knot. Launching a frantic search for Doug, the trio perseveres through a nasty hangover to try to make it to the church on time.",2009-06-02,26.6825,7.337,/A0uS9rHR56FeBtpjVki16M5xxSW.jpg,Comedy
Farewell My Concubine,movie,[18],"In an epic tale of theater, gender, love and class, two Beijing opera actors navigate political turmoil as their friendship evolves over decades.",1993-01-01,27.1304,7.9,/f54hNIiHNINw3JiUJB2XaQl5wCN.jpg,Drama
Call Me by Your Name,movie,"[10749, 18]","In the summer of 1983, a 17-year-old Elio spends his days in his family's villa in Italy. One day Oliver, a graduate student, arrives to assist Elio's father, a professor of Greco-Roman culture. Soon, Elio and Oliver discover a summer that will alter their lives forever.",2017-10-01,24.5598,8.081,/gXiE0WveDnT0n5J4sW9TMxXF4oT.jpg,"Romance, Drama"
Kingsman: The Secret Service,movie,"[80, 35, 28, 12]",The story of a super-secret spy organization that recruits an unrefined but promising street kid into the agency's ultra-competitive training program just as a global threat emerges from a twisted tech genius.,2015-01-24,26.6042,7.617,/17i5YPTfHOjXoieArpATWGRhLj1.jpg,"Crime, Comedy, Action, Adventure"
Voicemails for Isabelle,movie,"[10749, 35, 18]","A young woman's hilariously confessional voicemails to her late sister are unknowingly redirected to a stranger, who begins to fall in love from afar.",2026-06-20,25.9915,8.334,/canZTWSxACSnAluir3dCtMxKpA1.jpg,"Romance, Comedy, Drama"
Despicable Me 4,movie,"[16, 35, 28, 878, 10751]","Gru and Lucy and their girls—Margo, Edith and Agnes—welcome a new member to the Gru family, Gru Jr., who is intent on tormenting his dad. Gru also faces a new nemesis in Maxime Le Mal and his femme fatale girlfriend Valentina, forcing the family to go on the run.",2024-06-20,24.7713,6.97,/wWba3TaojhK7NdycRhoQpsG0FaH.jpg,"Animation, Comedy, Action, Science Fiction, Family"
The Rip,movie,"[28, 53, 80]","Trust frays when a team of Miami cops discovers millions in cash inside a run-down stash house, calling everyone — and everything — into question.",2026-01-13,29.8895,7.088,/4wsYWH73Hb1B6noGIFaRQSAkuXj.jpg,"Action, Thriller, Crime"
Camp Rock 3,movie,"[10402, 35, 18, 10770]","When Connect 3 loses their opening act for a major reunion tour, they return to their beloved Camp Rock to discover the next big thing. As campers vie for the chance to open for their favorite band, tensions rise and friendships are tested - leading to unexpected alliances, revelations, and romances.",2026-08-13,25.9777,6.402,/rS7byWK9cfPfdLeFNlRIaJxH9mN.jpg,"Music, Comedy, Drama, TV Movie"
Infidelity in Suburbia,movie,"[53, 10770]","With her husband away at work, and her son at school, Laura dreams of a home-renovation project to supplant her restless days. Elliott, her irresistibly hot private contractor, soon fulfills her more forbidden dreams.",2017-02-25,23.5677,6.21,/gKyvJ8u2US61pHR56C2DoVbwnu.jpg,"Thriller, TV Movie"
The Bourne Identity,movie,"[28, 9648, 53]","Wounded to the brink of death and suffering from amnesia, Jason Bourne is rescued at sea by a fisherman. With nothing to go on but a Swiss bank account number, he starts to reconstruct his life, but finds that many people he encounters want him dead. However, Bourne realizes that he has the combat and mental skills of a world-class spy—but who does he work for?",2002-06-14,30.8887,7.485,/aP8swke3gmowbkfZ6lmNidu0y9p.jpg,"Action, Mystery, Thriller"
Marty Supreme,movie,"[18, 53]","Marty Mauser, a young man with a dream no one respects, goes to hell and back in pursuit of greatness.",2025-12-19,23.5285,7.362,/lYWEXbQgRTR4ZQleSXAgRbxAjvq.jpg,"Drama, Thriller"
Ice Age,movie,"[16, 35, 10751, 12]","Manny the mammoth, Sid the loquacious sloth, and Diego the sabre-toothed tiger go on a comical quest to return a human baby back to his father, across a world on the brink of an ice age.",2002-03-14,21.6735,7.383,/gLhHHZUzeseRXShoDyC4VqLgsNv.jpg,"Animation, Comedy, Family, Adventure"
White Chicks,movie,"[35, 80]","Two FBI agent brothers, Marcus and Kevin Copeland, accidentally foil a drug bust. To avoid being fired they accept a mission escorting a pair of socialites to the Hamptons--but when the girls are disfigured in a car accident, they refuse to go. Left without options, Marcus and Kevin decide to pose as the sisters, transforming themselves from black men into rich European-American women.",2004-06-23,30.0592,6.96,/aHTUpo45qy9QYIOnVITGGqLoVcA.jpg,"Comedy, Crime"
Her Private Hell,movie,"[878, 27, 53]","When a mysterious mist engulfs a futuristic metropolis, unleashing a deadly and elusive entity, a troubled young woman searches for her father. Her quest collides with an American GI on a harrowing odyssey to rescue his daughter from Hell.",2026-07-23,23.6795,5.1,/1gNVzTlpNLaX8sm9Wocl5rLgldU.jpg,"Science Fiction, Horror, Thriller"
Jurassic World Dominion,movie,"[12, 878, 53, 28]","Four years after Isla Nublar was destroyed, dinosaurs now live—and hunt—alongside humans all over the world. This fragile balance will reshape the future and determine, once and for all, whether human beings are to remain the apex predators on a planet they now share with history's most fearsome creatures.",2022-06-01,27.4225,6.594,/jbAvCACjLf1ZG0unB2tdmx5HAf1.jpg,"Adventure, Science Fiction, Thriller, Action"
The Shining,movie,"[27, 53]","Jack Torrance accepts a caretaker job at the Overlook Hotel, where he, along with his wife Wendy and their son Danny, must live isolated from the rest of the world for the winter. But they aren't prepared for the madness that lurks within.",1980-05-23,29.0693,8.2,/uAR0AWqhQL1hQa69UDEbb2rE5Wx.jpg,"Horror, Thriller"
Teenage Sex and Death at Camp Miasma,movie,"[35, 27, 10749]","After years of slapdash sequels and waning fandom, the Camp Miasma slasher franchise is handed over to an enthusiastic young director for resurrection. But when she visits the original's star, a now-reclusive actress shrouded in mystery, the two women fall into a blood-soaked world of desire, fear, and delirium.",2026-08-06,27.1071,6.702,/5Cz1EJOKpZ8hqvBNZYF9C2zTB2T.jpg,"Comedy, Horror, Romance"
Wicked,movie,"[18, 10749, 14]","In the land of Oz, ostracized and misunderstood green-skinned Elphaba is forced to share a room with the popular aristocrat Glinda at Shiz University, and the two's unlikely friendship is tested as they begin to fulfill their respective destinies as Glinda the Good and the Wicked Witch of the West.",2024-10-16,21.6702,6.903,/xDGbZ0JJ3mYaGKy4Nzd9Kph6M9L.jpg,"Drama, Romance, Fantasy"
The Departed,movie,"[18, 53, 80]","To take down South Boston's Irish Mafia, the police send in one of their own to infiltrate the underworld, not realizing the syndicate has done likewise. While an undercover cop curries favor with the mob kingpin, a career criminal rises through the police ranks. But both sides soon discover there's a mole among them.",2006-10-04,32.4813,8.158,/nT97ifVT2J1yMQmeq20Qblg61T.jpg,"Drama, Thriller, Crime"
Mission: Impossible - Dead Reckoning Part One,movie,"[28, 12, 53]","Ethan Hunt and his IMF team embark on their most dangerous mission yet: To track down a terrifying new weapon that threatens all of humanity before it falls into the wrong hands. With control of the future and the world's fate at stake and dark forces from Ethan's past closing in, a deadly race around the globe begins. Confronted by a mysterious, all-powerful enemy, Ethan must consider that nothing can matter more than his mission—not even the lives of those he cares about most.",2023-07-08,24.1418,7.502,/NNxYkU70HPurnNCSiCjYAmacwm.jpg,"Action, Adventure, Thriller"
Ant-Man,movie,"[878, 12, 28]","Armed with the astonishing ability to shrink in scale but increase in strength, master thief Scott Lang must embrace his inner-hero and help his mentor, Doctor Hank Pym, protect the secret behind his spectacular Ant-Man suit from a new generation of towering threats. Against seemingly insurmountable obstacles, Pym and Lang must plan and pull off a heist that will save the world.",2015-07-14,26.8096,7.066,/rQRnQfUl3kfp78nCWq8Ks04vnq1.jpg,"Science Fiction, Adventure, Action"
Shutter Island,movie,"[18, 53, 9648]","World War II soldier-turned-U.S. Marshal Teddy Daniels investigates the disappearance of a patient from a hospital for the criminally insane, but his efforts are compromised by troubling visions and a mysterious doctor.",2010-02-14,28.8361,8.197,/nrmXQ0zcZUL8jFLrakWc90IR8z9.jpg,"Drama, Thriller, Mystery"
Ice Age: Continental Drift,movie,"[16, 35, 12, 10751]","Manny, Diego, and Sid embark upon another adventure after their continent is set adrift. Using an iceberg as a ship, they encounter sea creatures and battle pirates as they explore a new world.",2012-06-27,23.9715,6.394,/dfp1BZF7FxbBUyzHvMOI9t8NWDD.jpg,"Animation, Comedy, Adventure, Family"
Malena,movie,[18],"12-year-old Renato experiences three significant events on the same day: the beginning of the Second World War, getting a bike, and witnessing the arrival of the gorgeous Malèna. Through his eyes, we see the curse of beauty and loneliness of Malena, whose husband is presumed dead, and, through his soul, we see his love for her.",2000-10-27,26.3408,7.56,/3OyQTl0IGkbnjDxd3MhztfPE34g.jpg,Drama
Batman Begins,movie,"[18, 80, 28]","Driven by tragedy, billionaire Bruce Wayne dedicates his life to uncovering and defeating the corruption that plagues his home, Gotham City.  Unable to work within the system, he instead creates a new identity, a symbol of fear for the criminal underworld - The Batman.",2005-06-10,31.8822,7.729,/sPX89Td70IDDjVr85jdSBb4rWGr.jpg,"Drama, Crime, Action"
How to Train Your Dragon 2,movie,"[14, 28, 12, 16, 10751]","Five years after uniting the dragons and Vikings of Berk, Hiccup and Toothless soar beyond their homeland, charting the vast unknown. During one of their adventures, the pair discover a secret cave that houses hundreds of wild dragons -- and a mysterious dragon rider with a startling connection to Hiccup. And as the ruthless dragon conqueror Drago Bludvist rises to seize control of both dragons and people alike, Hiccup must step into his role as a true leader and, alongside his friends and Toothless, protect Berk from a devastating war.",2014-06-05,30.7892,7.685,/d13Uj86LdbDLrfDoHR5aDOFYyJC.jpg,"Fantasy, Action, Adventure, Animation, Family"
Venom: Let There Be Carnage,movie,"[878, 28, 12]","After finding a host body in investigative reporter Eddie Brock, the alien symbiote must face a new enemy, Carnage, the alter ego of serial killer Cletus Kasady.",2021-09-30,25.9229,6.732,/pzKsRuKLFmYrW5Q0q8E8G78Tcgo.jpg,"Science Fiction, Action, Adventure"
The Suicide Squad,movie,"[28, 35, 12]","Supervillains Harley Quinn, Bloodsport, Peacemaker and a collection of nutty cons at Belle Reve prison join the super-secret, super-shady Task Force X as they are dropped off at the remote, enemy-infused island of Corto Maltese.",2021-07-28,28.5185,7.45,/q61qEyssk2ku3okWICKArlAdhBn.jpg,"Action, Comedy, Adventure"
Abot Langit,movie,[10749],"The relationship of a couple is tested when the girl’s first official flight pairs her with a confident senior pilot, jealousy and power dynamics surface in the training ground. The girl is now torn between her present relationship and new temptation she can’t resist.",2026-03-13,24.3397,6.0,/5lVYe4aSimWdxJINKwq9s68TZ2G.jpg,Romance
Send Help,movie,"[27, 53, 35]","Two colleagues become stranded on a deserted island, the only survivors of a plane crash. On the island, they must overcome past grievances and work together to survive, but ultimately, it's a battle of wills and wits to make it out alive.",2026-01-22,26.6236,7.0,/zbJWVHOtj3ljBzWgL1P8pxP03Up.jpg,"Horror, Thriller, Comedy"
"Shake, Rattle & Roll: Evil Origins",movie,[27],"In 1775 during the Spanish colonial period in the Philippines, nuns attempts to survive the night after an unknown evil was set free in their cloister. Meanwhile in 2025, a group of friends attend a Halloween masquerade ball which was attacked by a serial killer. Fast forward to the future in 2050, a post-apocalytic Philippines is ruled by the aswang.",2026-06-05,22.3436,5.762,/2ayOQIh18qhJRoajoAxxGuZXry2.jpg,Horror
Léon: The Professional,movie,"[80, 18, 28]","Léon, the top hit man in New York, has earned a rep as an effective ""cleaner"". But when his next-door neighbors are wiped out by a loose-cannon DEA agent, he becomes the unwilling custodian of 12-year-old Mathilda. Before long, Mathilda's thoughts turn to revenge, and she considers following in Léon's footsteps.",1994-09-14,27.4948,8.294,/bxB2q91nKYp8JNzqE7t7TWBVupB.jpg,"Crime, Drama, Action"
Uncle Trouble +2,movie,[35],"When Toni Benetón thinks he has everything under control in his lovable and fun multicultural family, the arrival of two new babies turns the house, and the whole family, upside down. Problems double, but so do the adventures.",2026-04-17,20.6474,5.375,/m0LzWedEi0bWmPSt98o4kkAFYTa.jpg,Comedy
The SpongeBob Movie: Search for SquarePants,movie,"[12, 10751, 16, 35, 14]","Desperate to be a big guy, SpongeBob sets out to prove his bravery to Mr. Krabs by following The Flying Dutchman – a mysterious swashbuckling ghost pirate – on a seafaring adventure that takes him to the deepest depths of the deep sea, where no Sponge has gone before.",2025-12-16,28.1355,6.788,/xJnOMMsFASxNiFnG7v3TNIQ3ife.jpg,"Adventure, Family, Animation, Comedy, Fantasy"
Dunkirk,movie,"[10752, 28, 18]","The story of the miraculous evacuation of Allied soldiers from Belgium, Britain, Canada and France, who were cut off and surrounded by the German army from the beaches and harbour of Dunkirk between May 26th and June 4th 1940 during World War II.",2017-07-19,27.0488,7.451,/b4Oe15CGLL61Ped0RAS9JpqdmCt.jpg,"War, Action, Drama"
Jumanji: The Next Level,movie,"[12, 35, 14]","As the gang return to Jumanji to rescue one of their own, they discover that nothing is as they expect. The players will have to brave parts unknown and unexplored in order to escape the world’s most dangerous game.",2019-12-04,25.4024,6.871,/jyw8VKYEiM1UDzPB7NsisUgBeJ8.jpg,"Adventure, Comedy, Fantasy"
Arrival,movie,"[18, 878, 9648]","Taking place after alien crafts land around the world, an expert linguist is recruited by the military to determine whether they come in peace or are a threat.",2016-11-10,27.474,7.633,/pEzNVQfdzYDzVK0XqxERIw2x2se.jpg,"Drama, Science Fiction, Mystery"
V for Vendetta,movie,"[28, 53, 878]","In a world in which Great Britain has become a fascist state, a masked vigilante known only as “V” conducts guerrilla warfare against the oppressive British government. When V rescues a young woman from the secret police, he finds in her an ally with whom he can continue his fight to free the people of Britain.",2006-02-23,25.6147,7.898,/1avD1JeaRiJX5M4ahPdZPypGoGN.jpg,"Action, Thriller, Science Fiction"
28 Years Later: The Bone Temple,movie,"[27, 53, 878]",Dr. Kelson finds himself in a shocking new relationship - with consequences that could change the world as they know it - and Spike's encounter with Jimmy Crystal becomes a nightmare he can't escape.,2026-01-14,24.2934,7.094,/kK1BGkG3KAvWB0WMV1DfOx9yTMZ.jpg,"Horror, Thriller, Science Fiction"
Train to Busan,movie,"[28, 27, 53]","When a zombie virus pushes Korea into a state of emergency, those trapped on an express train to Busan must fight for their own survival.",2016-07-20,27.6332,7.753,/vNVFt6dtcqnI7hqa6LFBUibuFiw.jpg,"Action, Horror, Thriller"
Desert Warrior,movie,"[36, 10752, 28]","In 7th-century Arabia, Princess Hind becomes a warrior to defy the ruthless Emperor Kisra. Forged into a warrior and aided by legendary bandit Hanzala, Hind unites warring tribes for a last stand—the historic Battle of Dhi Qar—that will change history.",2026-04-23,27.0568,6.118,/waxnw1NpzTPY5JkqWvu0muSopRJ.jpg,"History, War, Action"
Wicked: For Good,movie,"[14, 12, 10749]","As an angry mob rises against the Wicked Witch, Glinda and Elphaba will need to come together one final time. With their singular friendship now the fulcrum of their futures, they will need to truly see each other, with honesty and empathy, if they are to change themselves, and all of Oz, for good.",2025-11-19,27.1126,6.598,/si9tolnefLSUKaqQEGz1bWArOaL.jpg,"Fantasy, Adventure, Romance"
Ballerina,movie,"[28, 53, 80]","Taking place during the events of John Wick: Chapter 3 – Parabellum, Eve Macarro begins her training in the assassin traditions of the Ruska Roma.",2025-06-04,23.824,7.274,/2VUmvqsHb6cEtdfscEA6fqqVzLg.jpg,"Action, Thriller, Crime"
Wicked: For Good,movie,"[14, 12, 10749]","As an angry mob rises against the Wicked Witch, Glinda and Elphaba will need to come together one final time. With their singular friendship now the fulcrum of their futures, they will need to truly see each other, with honesty and empathy, if they are to change themselves, and all of Oz, for good.",2025-11-19,27.1126,6.598,/si9tolnefLSUKaqQEGz1bWArOaL.jpg,"Fantasy, Adventure, Romance"
Ballerina,movie,"[28, 53, 80]","Taking place during the events of John Wick: Chapter 3 – Parabellum, Eve Macarro begins her training in the assassin traditions of the Ruska Roma.",2025-06-04,23.824,7.274,/2VUmvqsHb6cEtdfscEA6fqqVzLg.jpg,"Action, Thriller, Crime"
Hereditary,movie,"[27, 9648, 53]","Following the death of the Leigh family matriarch, Annie and her children uncover disturbing secrets about their heritage. Their daily lives are not only impacted, but they also become entangled in a chilling fate from which they cannot escape, driving them to the brink of madness.",2018-06-07,29.785,7.296,/4GFPuL14eXi66V96xBWY73Y9PfR.jpg,"Horror, Mystery, Thriller"
28 Years Later,movie,"[27, 53, 878]","Twenty-eight years after the Rage virus outbreak, a heavily-defended island survives connected to the mainland by a single causeway. When one of the group leaves the island into the dark heart of the mainland, he discovers secrets, wonders, and horrors that have mutated not only the infected but other survivors as well.",2025-06-18,28.7931,6.607,/n5FygjEppOvac6yEaowi26nTyw3.jpg,"Horror, Thriller, Science Fiction"
Toy Story 4,movie,"[10751, 35, 16, 12]","Woody has always been confident about his place in the world, devoted to taking care of his kid—whether that's Andy or Bonnie. But after Bonnie creates a reluctant new toy called ""Forky"", a road trip adventure alongside old and new friends challenges everything Woody believes about loyalty, purpose, and what it truly means to be a toy.",2019-06-19,32.2577,7.465,/w9kR8qbmQ01HwnvK4alvnQ2ca0L.jpg,"Family, Comedy, Animation, Adventure"
Kingdom of Heaven,movie,"[18, 28, 12, 36, 10752]","After his wife dies, a blacksmith named Balian is thrust into royalty, political intrigue and bloody holy wars during the Crusades.",2005-05-03,24.179,7.084,/rNaBe4TwbMef71sgscqabpGKsxh.jpg,"Drama, Action, Adventure, History, War"
Beauty and the Beast,movie,"[10751, 14, 10749]",A live-action adaptation of Disney's version of the classic tale of a cursed prince and a beautiful young woman who helps him break the spell.,2017-03-16,25.5899,6.967,/hKegSKIDep2ewJWPUQD7u0KqFIp.jpg,"Family, Fantasy, Romance"
Midsommar,movie,"[27, 18, 9648]","Several friends travel to Sweden to study as anthropologists a summer festival that is held every ninety years in the remote hometown of one of them. What begins as a dream vacation in a place where the sun never sets, gradually turns into a dark nightmare as the mysterious inhabitants invite them to participate in their disturbing festive activities.",2019-07-03,24.5291,7.145,/7LEI8ulZzO5gy9Ww2NVCrKmHeDZ.jpg,"Horror, Drama, Mystery"
Penguins of Madagascar,movie,"[10751, 16, 12, 35]","Skipper, Kowalski, Rico and Private join forces with undercover organization The North Wind to stop the villainous Dr. Octavius Brine from destroying the world as we know it.",2014-11-22,26.3321,6.544,/dXbpNrPDZDMEbujFoOxmMNQVMHa.jpg,"Family, Animation, Adventure, Comedy"
Our Fault,movie,"[10749, 18]","Jenna and Lion's wedding brings about the long-awaited reunion between Noah and Nick after their breakup. Nick's inability to forgive Noah stands as an insurmountable barrier. He, heir to his grandfather's businesses, and she, starting her professional life, resist fueling a flame that's still alive. But now that their paths have crossed again, will love be stronger than resentment?",2025-10-15,23.1561,7.376,/yzqHt4m1SeY9FbPrfZ0C2Hi9x1s.jpg,"Romance, Drama"
Twilight,movie,"[14, 18, 10749]","When Bella Swan moves to a small town in the Pacific Northwest, she falls in love with Edward Cullen, a mysterious classmate who reveals himself to be a 108-year-old vampire. Despite Edward's repeated cautions, Bella can't stay away from him, a fatal move that endangers her own life.",2008-11-20,24.4446,6.275,/3Gkb6jm6962ADUPaCBqzz9CTbn9.jpg,"Fantasy, Drama, Romance"
The Equalizer,movie,"[53, 28, 80]","McCall believes he has put his mysterious past behind him and dedicated himself to beginning a new, quiet life. But when he meets Teri, a young girl under the control of ultra-violent Russian gangsters, he can’t stand idly by – he has to help her. Armed with hidden skills that allow him to serve vengeance against anyone who would brutalize the helpless, McCall comes out of his self-imposed retirement and finds his desire for justice reawakened. If someone has a problem, if the odds are stacked against them, if they have nowhere else to turn, McCall will help. He is The Equalizer.",2014-09-24,29.3134,7.292,/9u4yW7yPA0BQ2pv9XwiNzItwvp8.jpg,"Thriller, Action, Crime"
Pirates of the Caribbean: At World's End,movie,"[12, 14, 28]","After losing Captain Jack Sparrow to the locker of Davy Jones, Will Turner, Elizabeth Swann, and Captain Barbossa journey to the ends of the earth to rescue him. And as the East India Trading Company tightens its grip on the seas under Lord Cutler Beckett—now in control of Davy Jones—the fate of piracy hangs by a thread. Now, they must unite the pirate lords for one final stand. But as loyalties are tested and alliances shift, each must ultimately choose where they stand in the battle for freedom on the high seas.",2007-05-19,26.6878,7.278,/jGWpG4YhpQwVmjyHEGkxEkeRf0S.jpg,"Adventure, Fantasy, Action"
Furiosa: A Mad Max Saga,movie,"[28, 878, 12]","As the world falls, young Furiosa is snatched from the Green Place of Many Mothers into the hands of a great biker horde led by the warlord Dementus. Sweeping through the wasteland, they encounter the citadel presided over by Immortan Joe. The two tyrants wage war for dominance, and Furiosa must survive many trials as she puts together the means to find her way home.",2024-05-22,22.8433,7.443,/iADOJ8Zymht2JPMoy3R7xceZprc.jpg,"Action, Science Fiction, Adventure"
"The Good, the Bad and the Ugly",movie,[37],"While the Civil War rages on between the Union and the Confederacy, three men – a quiet loner, a ruthless hitman, and a Mexican bandit – comb the American Southwest in search of a strongbox containing $200,000 in stolen gold.",1966-12-23,30.6594,8.466,/bX2xnavhMYjWDoZp1VM6VnU1xwe.jpg,Western
Challengers,movie,"[18, 10749]","Tennis player turned coach Tashi has taken her husband, Art, and transformed him into a world-famous Major champion. To jolt him out of his recent losing streak, she signs him up for a ""Challenger"" event — close to the lowest level of pro tournament — where he finds himself standing across the net from his former best friend and Tashi's former boyfriend.",2024-04-18,25.1286,6.9,/H6vke7zGiuLsz4v4RPeReb9rsv.jpg,"Drama, Romance"
A Working Man,movie,"[28, 80, 53]","Levon Cade left behind a decorated military career in the black ops to live a simple life working construction. But when his boss's daughter, who is like family to him, is taken by human traffickers, his search to bring her home uncovers a world of corruption far greater than he ever could have imagined.",2025-03-26,24.4102,6.686,/6FRFIogh3zFnVWn7Z6zcYnIbRcX.jpg,"Action, Crime, Thriller"
Tuner,movie,"[80, 18, 53]","A talented piano tuner's meticulous skills for tuning pianos lead him to discover an unexpected aptitude for cracking safes, turning his life upside down.",2026-05-21,22.7734,7.578,/5OvA3i9wZs5jHu0DCrfmXlzAM67.jpg,"Crime, Drama, Thriller"
Nine to Five,movie,[35],"Three female employees of a sexist, egotistical, lying, hypocritical bigot find a way to turn the tables on him.",1980-12-18,20.1797,6.9,/anGHRo1tAAVoa7juvAuxldAE4lL.jpg,Comedy
Thor: The Dark World,movie,"[28, 12, 14]","Thor fights to restore order across the cosmos… but an ancient race led by the vengeful Malekith returns to plunge the universe back into darkness. Faced with an enemy that even Odin and Asgard cannot withstand, Thor must embark on his most perilous and personal journey yet, one that will reunite him with Jane Foster and force him to sacrifice everything to save us all.",2013-10-30,22.872,6.509,/wp6OxE4poJ4G7c0U2ZIXasTSMR7.jpg,"Action, Adventure, Fantasy"
Shrek 2,movie,"[16, 35, 10751, 14, 10749]","Happily ever after never seemed so far far away when a trip to meet the in-laws turns into a hilariously twisted adventure for Shrek and Fiona. With the help of ever-faithful Donkey, Shrek takes on the potion-brewing Fairy Godmother, pompous Prince Charming, and infamous ogre-killer Puss In Boots.",2004-05-19,25.4184,7.328,/2yYP0PQjG8zVqturh1BAqu2Tixl.jpg,"Animation, Comedy, Family, Fantasy, Romance"
Soul,movie,"[16, 10751, 18, 10402, 14]","Joe Gardner is a middle school teacher with a love for jazz music. After a successful audition at the Half Note Club, he suddenly gets into an accident that separates his soul from his body and is transported to the You Seminar, a center in which souls develop and gain passions before being transported to a newborn child. Joe must enlist help from the other souls-in-training, like 22, a soul who has spent eons in the You Seminar, in order to get back to Earth.",2020-12-25,28.9796,8.089,/hm58Jw4Lw8OIeECIq5qyPYhAeRJ.jpg,"Animation, Family, Drama, Music, Fantasy"
Pirates of the Caribbean: On Stranger Tides,movie,"[12, 28, 14]","When Jack crosses paths with a woman from his past, he's not sure if it's love...or if she's a ruthless con artist using him to find the fabled Fountain of Youth.",2011-05-15,26.7694,6.573,/keGfSvCmYj7CvdRx36OdVrAEibE.jpg,"Adventure, Action, Fantasy"
Fantastic Beasts: The Secrets of Dumbledore,movie,"[14, 12]","Professor Albus Dumbledore knows the powerful, dark wizard Gellert Grindelwald is moving to seize control of the wizarding world. Unable to stop him alone, he entrusts magizoologist Newt Scamander to lead an intrepid team of wizards and witches. They soon encounter an array of old and new beasts as they clash with Grindelwald's growing legion of followers.",2022-04-06,24.75,6.623,/3c5GNLB4yRSLBby0trHoA1DSQxQ.jpg,"Fantasy, Adventure"
The Wrong Girls,movie,"[35, 80, 878]",Two codependent best friends living paycheck to paycheck and bong rip to bong rip get caught in a case of mistaken identity that throws their lives into chaos.,2026-08-14,23.1062,5.5,/iEJshwO6g4WKTP4HJgCHRTJMWEd.jpg,"Comedy, Crime, Science Fiction"
Snow White and the Seven Dwarfs,movie,"[14, 16, 10751]","A beautiful girl, Snow White, takes refuge in the forest in the house of seven dwarfs to hide from her stepmother, the wicked Queen. The Queen is jealous because she wants to be known as ""the fairest in the land,"" and Snow White's beauty surpasses her own.",1938-01-22,29.5173,7.128,/3VAHfuNb6Z7UiW12iYKANSPBl8m.jpg,"Fantasy, Animation, Family"
Blades of the Guardians,movie,"[28, 12, 18, 37]","Dao Ma, the ""second most wanted fugitive,"" is entrusted by his benefactor, the chief of Mo family clan, to take on a mysterious escort mission-escorting the ""most wanted fugitive"" to Chang'an.",2026-02-17,23.4694,8.173,/R84km7PJ0frFSNPmvIjG6LV1kg.jpg,"Action, Adventure, Drama, Western"
The Flash,movie,"[28, 878, 12]","When his attempt to save his family inadvertently alters the future, Barry Allen becomes trapped in a reality in which General Zod has returned and there are no Super Heroes to turn to. In order to save the world that he is in and return to the future that he knows, Barry's only hope is to race for his life. But will making the ultimate sacrifice be enough to reset the universe?",2023-06-13,24.8289,6.609,/rktDFPbfHfUbArZ6OOOKsXcv0Bm.jpg,"Action, Science Fiction, Adventure"
Kong: Skull Island,movie,"[28, 12, 14]","Explore the mysterious and dangerous home of the king of the apes as a team of explorers ventures deep inside the treacherous, primordial island.",2017-03-08,24.2472,6.558,/r2517Vz9EhDhj88qwbDVj8DCRZN.jpg,"Action, Adventure, Fantasy"
Beauty and the Beast,movie,"[10749, 10751, 16, 14]","Follow the adventures of Belle, a bright young woman who finds herself in the castle of a prince who's been turned into a mysterious beast. With the help of the castle's enchanted staff, Belle soon learns the most important lesson of all -- that true beauty comes from within.",1991-10-22,24.6715,7.725,/hUJ0UvQ5tgE2Z9WpfuduVSdiCiU.jpg,"Romance, Family, Animation, Fantasy"
Corpse Bride,movie,"[10749, 14, 16]","In a 19th-century European village, a young man about to be married is whisked away to the underworld and wed to a mysterious corpse bride, while his real bride waits bereft in the land of the living.",2005-09-12,24.0,7.59,/3RAoVTxUk1OzZClscAsynuu670p.jpg,"Romance, Fantasy, Animation"
Ne Zha 2,movie,"[16, 28, 14, 12]","After a catastrophic event leaves their bodies destroyed, Ne Zha and Ao Bing are granted a fragile second chance at life. As tensions rise between the dragon clans and celestial forces, the two must undergo a series of perilous trials that will test their bond, challenge their identities, and decide the fate of both mortals and immortals.",2025-01-29,22.9133,8.2,/293Mo4GWf7Tl0TfAr5NFghqeMy7.jpg,"Animation, Action, Fantasy, Adventure"
Dead Poets Society,movie,[18],"At an elite, old-fashioned boarding school in New England, a passionate English teacher inspires his students to rebel against convention and seize the potential of every day, courting the disdain of the stern headmaster.",1989-06-02,30.3428,8.296,/tNvKkSnnn4Z6RCBThyK1gfCSSvv.jpg,Drama
The Croods,movie,"[16, 12, 10751, 35]","The prehistoric Croods family live in a particularly dangerous moment in time. Patriarch Grug, his mate Ugga, teenage daughter Eep, son Thunk, and feisty Gran gather food by day and huddle together in a cave at night. When a more evolved caveman named Guy arrives on the scene, Grug is distrustful, but it soon becomes apparent that Guy is correct about the impending destruction of their world.",2013-03-15,26.1322,6.946,/27zvjVOtOi5ped1HSlJKNsKXkFH.jpg,"Animation, Adventure, Family, Comedy"
The Pursuit of Happyness,movie,[18],A struggling salesman takes custody of his son as he's poised to begin a life-changing professional career.,2006-12-14,27.9396,7.884,/lBYOKAMcxIvuk9s9hMuecB9dPBV.jpg,Drama
Captain Marvel,movie,"[28, 12, 878]","The story follows Carol Danvers as she becomes one of the universe’s most powerful heroes when Earth is caught in the middle of a galactic war between two alien races. Set in the 1990s, Captain Marvel is an all-new adventure from a previously unseen period in the history of the Marvel Cinematic Universe.",2019-03-06,25.7891,6.772,/AtsgWhDnHTq68L0lLsUrCnM7TjG.jpg,"Action, Adventure, Science Fiction"
Apocalypse Now,movie,"[18, 10752]","At the height of the Vietnam war, Captain Benjamin Willard is sent on a dangerous mission that, officially, ""does not exist, nor will it ever exist."" His goal is to locate - and eliminate - a mysterious Green Beret Colonel named Walter Kurtz, who has been leading his personal army on illegal guerrilla missions into enemy territory.",1979-05-19,28.4458,8.262,/gQB8Y5RCMkv2zwzFHbUJX3kAhvA.jpg,"Drama, War"
Me Before You,movie,"[18, 10749]","Lou Clark, a directionless 26-year-old from the English countryside, takes a job at the local castle as a caregiver and companion to a wealthy young banker, Will Traynor. Wheelchair-bound from an accident two years prior, the once adventurous Will has all but given up — that is until Lou determines to show him that life is worth living.",2016-06-01,22.4671,7.93,/Ia3dzj5LnCj1ZBdlVeJrbKJQxG.jpg,"Drama, Romance"
Bugonia,movie,"[878, 53, 35]","Two conspiracy obsessed young men kidnap the high-powered CEO of a major company, convinced that she is an alien intent on destroying planet Earth.",2025-10-23,28.608,7.294,/rSdOua3wKMEaFWDcKAYWRjXQWOt.jpg,"Science Fiction, Thriller, Comedy"
Apocalypse Now,movie,"[18, 10752]","At the height of the Vietnam war, Captain Benjamin Willard is sent on a dangerous mission that, officially, ""does not exist, nor will it ever exist."" His goal is to locate - and eliminate - a mysterious Green Beret Colonel named Walter Kurtz, who has been leading his personal army on illegal guerrilla missions into enemy territory.",1979-05-19,28.4458,8.261,/gQB8Y5RCMkv2zwzFHbUJX3kAhvA.jpg,"Drama, War"
Me Before You,movie,"[18, 10749]","Lou Clark, a directionless 26-year-old from the English countryside, takes a job at the local castle as a caregiver and companion to a wealthy young banker, Will Traynor. Wheelchair-bound from an accident two years prior, the once adventurous Will has all but given up — that is until Lou determines to show him that life is worth living.",2016-06-01,22.4671,7.93,/Ia3dzj5LnCj1ZBdlVeJrbKJQxG.jpg,"Drama, Romance"
Bugonia,movie,"[878, 53, 35]","Two conspiracy obsessed young men kidnap the high-powered CEO of a major company, convinced that she is an alien intent on destroying planet Earth.",2025-10-23,28.608,7.294,/rSdOua3wKMEaFWDcKAYWRjXQWOt.jpg,"Science Fiction, Thriller, Comedy"
Scary Movie,movie,[35],"A familiar-looking group of teenagers find themselves being stalked by a more-than-vaguely recognizable masked killer! As the victims begin to pile up and the laughs pile on, none of your favorite scary movies escape the razor-sharp satire of this outrageously funny parody!",2000-07-07,27.1634,6.429,/fVQFPRuw3yWXojYDJvA5EoFjUOY.jpg,Comedy
Taxi Driver,movie,"[80, 18]","Suffering from insomnia, disturbed loner Travis Bickle takes a job as a New York City cabbie, haunting the streets nightly, growing increasingly detached from reality as he dreams of cleaning up the filthy city.",1976-02-09,29.6759,8.122,/ekstpH614fwDX8DUln1a2Opz0N8.jpg,"Crime, Drama"
Star Wars: The Force Awakens,movie,"[12, 28, 878]","Thirty years after defeating the Galactic Empire, Han Solo and his allies face a new threat from the evil Kylo Ren and his army of Stormtroopers.",2015-12-15,24.005,7.242,/wqnLdwVXoBjKibFRR5U3y0aDUhs.jpg,"Adventure, Action, Science Fiction"
Top Gun,movie,"[28, 18, 10749]","For Lieutenant Pete 'Maverick' Mitchell and his friend and co-pilot Nick 'Goose' Bradshaw, being accepted into an elite training school for fighter pilots is a dream come true. But a tragedy, as well as personal demons, will threaten Pete's dreams of becoming an ace pilot.",1986-05-16,30.6187,7.07,/xUuHj3CgmZQ9P2cMaqQs4J0d4Zc.jpg,"Action, Drama, Romance"
Minions: The Rise of Gru,movie,"[16, 35, 878, 80, 10751]","A fanboy of a supervillain supergroup known as the Vicious 6, Gru hatches a plan to become evil enough to join them, with the backup of his followers, the Minions.",2022-06-29,23.8709,7.259,/wKiOkZTN9lUUUNZLmtnwubZYONg.jpg,"Animation, Comedy, Science Fiction, Crime, Family"
The Rocky Horror Picture Show,movie,"[35, 878, 27]","After getting a flat tire in the middle of nowhere, newly engaged couple Brad and Janet encounter the eerie mansion of the flamboyant, seductive Dr Frank-N-Furter and a variety of eccentric characters. Through elaborate dance and rock music, the mad scientist unveils his latest creation: a perfect, muscular man.",1975-08-14,26.6248,7.44,/3pyE6ZqDbuJi7zrNzzQzcKTWdmN.jpg,"Comedy, Science Fiction, Horror"
Ant-Man and the Wasp,movie,"[28, 12, 878]","Just when his time under house arrest is about to end, Scott Lang once again puts his freedom at risk to help Hope van Dyne and Dr. Hank Pym dive into the quantum realm and try to accomplish, against time and any chance of success, a very dangerous rescue mission.",2018-07-04,24.5242,6.897,/cFQEO687n1K6umXbInzocxcnAQz.jpg,"Action, Adventure, Science Fiction"
La La Land,movie,"[35, 18, 10749]","Mia, an aspiring actress, serves lattes to movie stars in between auditions and Sebastian, a jazz musician, scrapes by playing cocktail party gigs in dingy bars, but as success mounts they are faced with decisions that begin to fray the fragile fabric of their love affair, and the dreams they worked so hard to maintain in each other threaten to rip them apart.",2016-12-01,26.886,7.897,/uDO8zWDhfWwoFdKS4fzkUJt0Rf0.jpg,"Comedy, Drama, Romance"
The Prestige,movie,"[18, 9648, 878]","A mysterious story of two magicians whose intense rivalry leads them on a life-long battle for supremacy -- full of obsession, deceit and jealousy with dangerous and deadly consequences.",2006-10-19,25.3116,8.211,/Ag2B2KHKQPukjH7WutmgnnSNurZ.jpg,"Drama, Mystery, Science Fiction"
Debtor’s Wife,movie,[],"Soo-yeong and Hae-soo are college friends stuck in a love tangle: Soo-yeong likes Che-moo, but Che-moo likes Hae-soo. Meanwhile, Hae-soo likes Dae-in, but Dae-in likes Soo-yeong. Despite the mixed-up feelings, they end up in mismatched marriages. Later, Hae-soo wants to have a baby and tries to get closer to her husband, Dae-in. But Dae-in knows he can’t have children, so he secretly makes a surprising proposal to Soo-yeong’s husband, Che-moo.",2024-12-26,20.5412,0.0,/ouXTrnJBimHIhWIUlHARDJH47no.jpg,
Fantastic Beasts and Where to Find Them,movie,"[14, 12]","In 1926, Newt Scamander arrives at the Magical Congress of the United States of America with a magically expanded briefcase, which houses a number of dangerous creatures and their habitats. When the creatures escape from the briefcase, it sends the American wizarding authorities after Newt, and threatens to strain even further the state of magical and non-magical relations.",2016-11-16,23.9678,7.309,/fLsaFKExQt05yqjoAvKsmOMYvJR.jpg,"Fantasy, Adventure"
A Nightmare on Elm Street,movie,[27],"Teenagers in a small town are dropping like flies, apparently in the grip of mass hysteria causing their suicides. A cop's daughter, Nancy Thompson, traces the cause to child molester Fred Krueger, who was burned alive by angry parents many years before. Krueger has now come back in the dreams of his killers' children, claiming their lives as his revenge. Nancy and her boyfriend, Glen, must devise a plan to lure the monster out of the realm of nightmares and into the real world...",1984-11-09,27.2664,7.351,/wGTpGGRMZmyFCcrY2YoxVTIBlli.jpg,Horror
Hungry,movie,"[53, 27]",A group of holidaymakers must fight for their lives against a rampaging hippo on the loose after becoming lost in the Louisiana swamplands.,2026-06-03,23.2016,7.069,/4uNhvGxBDiO0mU5UhxuXBsJwKF3.jpg,"Thriller, Horror"
Tamil Rockers,movie,"[35, 53]",4 Major characters running for the Money facing more challenges by forgetting the fact that it's not the decision of money to reach human.,2021-12-31,21.0141,4.2,/hOoMQIANxXhRUPkrtSYHYuZaFSm.jpg,"Comedy, Thriller"
The Big Short,movie,"[35, 18]",The men who made millions from a global economic meltdown.,2015-12-11,26.0881,7.371,/scVEaJEwP8zUix8vgmMoJJ9Nq0w.jpg,"Comedy, Drama"
Insidious Inferno,movie,[27],A secluded cottage is plagued by gruesome murders and unbeknownst to the inhabitants something other worldly lurks within the halls. Can the couple solve the mystery of the cursed grounds in time or will they open the door to the inferno?,2024-11-29,22.3009,4.8,/8kljUAovBatZRYp2ye2RZr239hU.jpg,Horror
Flow,movie,"[12, 16, 10751, 14]","A solitary cat, displaced by a great flood, finds refuge on a boat with various species and must navigate the challenges of adapting to a transformed world together.",2024-08-29,28.9881,8.067,/z2sG41PxfL1hnL1mHbxzSREUtOf.jpg,"Adventure, Animation, Family, Fantasy"
Alice in Wonderland,movie,"[10751, 14, 12]","Alice, now 19 years old, returns to the whimsical world she first entered as a child and embarks on a journey to discover her true destiny.",2010-03-03,23.3419,6.645,/o0kre9wRCZz3jjSjaru7QU0UtFz.jpg,"Family, Fantasy, Adventure"
Pressure,movie,"[53, 36, 10752]","In the tense 72 hours before D-Day, and the fate of the free world hanging in the balance, General Dwight D. Eisenhower and Captain James Stagg face an impossible choice—launch the largest and most dangerous seaborne invasion in history or risk losing the war altogether.",2026-05-28,24.5429,7.779,/gFjEggtrejCN79r6SXRjM269OtG.jpg,"Thriller, History, War"
Shrek the Third,movie,"[14, 12, 16, 35, 10751]","After the King of Far Far Away dies, Shrek and Fiona are to succede. However, Shrek wants to return to his cozy swamp and live in peace and quiet, so when he finds out there is another heir to the throne, he and Donkey set off to bring him back to rule the kingdom.",2007-05-17,24.6653,6.314,/n4SexGGQzI26E269tfpa80MZaGV.jpg,"Fantasy, Adventure, Animation, Comedy, Family"
John Wick: Chapter 4,movie,"[28, 53, 80]","With the price on his head ever increasing, John Wick uncovers a path to defeating The High Table. But before he can earn his freedom, Wick must face off against a new enemy with powerful alliances across the globe and forces that turn old friends into foes.",2023-03-21,28.9603,7.714,/vZloFAK7NmvMGKE7VkF5UHaz0I.jpg,"Action, Thriller, Crime"
Young Washington,movie,"[36, 10752, 18]","Before he led a nation, George Washington was a young soldier thrown into a global conflict. With alliances crumbling and war closing in, he must choose who to trust and confront the leader he's becoming.",2026-07-02,29.2277,7.845,/6CdoTKnRQHJkjRGxTefFGkPQplB.jpg,"History, War, Drama"
Beetlejuice Beetlejuice,movie,"[35, 14]","After a family tragedy, three generations of the Deetz family return home to Winter River. Still haunted by Betelgeuse, Lydia's life is turned upside down when her teenage daughter, Astrid, accidentally opens the portal to the Afterlife.",2024-09-04,25.7738,6.919,/kKgQzkUCnQmeTPkyIwHly2t6ZFI.jpg,"Comedy, Fantasy"
Jaws,movie,"[27, 53, 12]","When the seaside community of Amity finds itself under attack by a dangerous great white shark, the town's chief of police, a young marine biologist, and a grizzled shark hunter embark on a desperate quest to kill the beast before it strikes again.",1975-06-20,22.5585,7.684,/lxM6kqilAdpdhqUl2biYp5frUxE.jpg,"Horror, Thriller, Adventure"
Blue Film,movie,[18],"Drawn by the promise of easy money and anonymous sex, queer camboy Aaron Eagle is shocked to discover a personal connection with the mysterious stranger who has paid for his company.",2026-05-08,22.7254,7.4,/7yqMtaRMPgntGcDtYySv7XfTsDB.jpg,Drama
Transformers: Rise of the Beasts,movie,"[878, 12, 28]","When a new threat capable of destroying the entire planet emerges, Optimus Prime and the Autobots must team up with a powerful faction known as the Maximals. With the fate of humanity hanging in the balance, humans Noah and Elena will do whatever it takes to help the Transformers as they engage in the ultimate battle to save Earth.",2023-06-06,24.187,7.165,/gPbM0MK8CP8A174rmUwGsADNYKD.jpg,"Science Fiction, Adventure, Action"
The Social Network,movie,[18],"In 2003, Harvard undergrad and computer programmer Mark Zuckerberg begins work on a new concept that eventually turns into the global social network known as Facebook. Six years later, Mark is one of the youngest billionaires ever, but his unprecedented success leads to both personal and legal complications when he ends up on the receiving end of two lawsuits, one involving his former friend.",2010-10-01,23.5958,7.376,/n0ybibhJtQ5icDqTp8eRytcIHJx.jpg,Drama
Kung Fu Panda,movie,"[28, 16, 35, 10751]","Chosen by prophecy but doubted by all, Po is an unlikely choice for the mystical title of the Dragon Warrior—a clumsy panda thrust into the world of kung fu as a deadly enemy threatens the Valley of Peace. Under reluctant guidance by Master Shifu and the Furious Five, Po must embrace who he is to unlock the power that no scroll can teach.",2008-06-04,27.8755,7.336,/wWt4JYXTg5Wr3xBW2phBrMKgp3x.jpg,"Action, Animation, Comedy, Family"
Beast Race,movie,"[28, 878, 53]","In future Rio de Janeiro, a young leader of the resistance must enter a deadly parkour-inspired competition in order to save his sister's life.",2026-03-17,23.2732,7.0,/mwmfEqWXZG6HmAUuN5SjO8s7UNV.jpg,"Action, Science Fiction, Thriller"
Pride & Prejudice,movie,"[18, 10749]","A story of love and life among the landed English gentry during the Georgian era. Mr. Bennet is a gentleman living in Hertfordshire with his overbearing wife and five daughters, but if he dies their house will be inherited by a distant cousin whom they have never met, so the family's future happiness and security is dependent on the daughters making good marriages.",2005-09-16,26.9328,8.054,/o8UhmEbWPHmTUxP0lMuCoqNkbB3.jpg,"Drama, Romance"
First Blood,movie,"[28, 53, 18]","When former Green Beret John Rambo is harassed by local law enforcement and arrested for vagrancy, he is forced to flee into the mountains and wage an escalating one-man war against his pursuers.",1982-10-22,24.5163,7.516,/a9sa6ERZCpplbPEO7OMWE763CLD.jpg,"Action, Thriller, Drama"
Venom,movie,"[878, 28]","Investigative journalist Eddie Brock attempts a comeback following a scandal, but accidentally becomes the host of Venom, a violent, super powerful alien symbiote. Soon, he must rely on his newfound powers to protect the world from a shadowy organization looking for a symbiote of their own.",2018-09-28,23.7719,6.824,/2uNW4WbgBXL25BAbXGLnLqX71Sw.jpg,"Science Fiction, Action"
Ocean's Eleven,movie,"[53, 80]","Less than 24 hours into his parole, charismatic thief Danny Ocean is already rolling out his next plan: In one night, Danny's hand-picked crew of specialists will attempt to steal more than $150 million from three Las Vegas casinos. But to score the cash, Danny risks his chances of reconciling with ex-wife, Tess.",2001-12-07,21.102,7.466,/hQQCdZrsHtZyR6NbKH2YyCqd2fR.jpg,"Thriller, Crime"
Evil Dead Rise,movie,"[27, 53]","A reunion between two estranged sisters gets cut short by the rise of flesh-possessing demons, thrusting them into a primal battle for survival as they face the most nightmarish version of family imaginable.",2023-04-12,28.3193,6.963,/5ik4ATKmNtmJU6AYD0bLm56BCVM.jpg,"Horror, Thriller"
The Bad Guys 2,movie,"[10751, 35, 80, 12, 16, 28]","The now-reformed Bad Guys are trying (very, very hard) to be good, but instead find themselves hijacked into a high-stakes, globe-trotting heist, masterminded by a new team of criminals they never saw coming: The Bad Girls.",2025-07-24,20.2855,7.628,/26oSPnq0ct59l07QOXZKyzsiRtN.jpg,"Family, Comedy, Crime, Adventure, Animation, Action"
Mission: Impossible - Fallout,movie,"[28, 12]","When an IMF mission ends badly, the world is faced with dire consequences. As Ethan Hunt takes it upon himself to fulfill his original briefing, the CIA begin to question his loyalty and his motives. The IMF team find themselves in a race against time, hunted by assassins while trying to prevent a global catastrophe.",2018-07-25,25.5946,7.45,/AkJQpZp9WoNdj7pLYSj1L0RcMMN.jpg,"Action, Adventure"
Virgin Territory,movie,"[12, 28, 35, 10749]","In Black Death era Tuscany, as in the Decameron, ten young Florentines take refuge from the plague. But instead of telling stories, they have lusty adventures, bawdy exchanges, romance, swordplay, randy nuns, Saracen pirates, and a sexy cow.",2007-12-17,20.6539,4.987,/zofWP7ZKhoVTh2VUltaDo4LRQXc.jpg,"Adventure, Action, Comedy, Romance"
Mission: Impossible - Fallout,movie,"[28, 12]","When an IMF mission ends badly, the world is faced with dire consequences. As Ethan Hunt takes it upon himself to fulfill his original briefing, the CIA begin to question his loyalty and his motives. The IMF team find themselves in a race against time, hunted by assassins while trying to prevent a global catastrophe.",2018-07-25,25.5946,7.45,/AkJQpZp9WoNdj7pLYSj1L0RcMMN.jpg,"Action, Adventure"
Virgin Territory,movie,"[12, 28, 35, 10749]","In Black Death era Tuscany, as in the Decameron, ten young Florentines take refuge from the plague. But instead of telling stories, they have lusty adventures, bawdy exchanges, romance, swordplay, randy nuns, Saracen pirates, and a sexy cow.",2007-12-17,20.6539,4.987,/zofWP7ZKhoVTh2VUltaDo4LRQXc.jpg,"Adventure, Action, Comedy, Romance"
E.T. the Extra-Terrestrial,movie,"[12, 878, 10751]","An alien is left behind on Earth and saved by the 10-year-old Elliott who decides to keep him hidden in his home. While a task force hunts for the extra-terrestrial, Elliott, his brother, and his little sister Gertie form an emotional bond with their new friend, and try to help him find his way home.",1982-06-11,21.2786,7.518,/an0nD6uq6byfxXCfk6lQBzdL2J1.jpg,"Adventure, Science Fiction, Family"
It Follows,movie,"[27, 9648]",A young woman is followed by an unknown supernatural force after a sexual encounter.,2015-02-04,28.7379,6.58,/iwnQ1JH1wdWrGYkgWySptJ5284A.jpg,"Horror, Mystery"
Fall,movie,[53],"For best friends Becky and Hunter, life is all about conquering fears and pushing limits. But after they climb 2,000 feet to the top of a remote, abandoned radio tower, they find themselves stranded with no way down. Now Becky and Hunter's expert climbing skills will be put to the ultimate test as they desperately fight to survive the elements, a lack of supplies, and vertigo-inducing heights.",2022-08-11,27.0858,7.1,/spCAxD99U1A6jsiePFoqdEcY0dG.jpg,Thriller
The Ugly Stepsister,movie,"[27, 35, 18]","In a fairy-tale kingdom where beauty is a brutal business, Elvira battles to compete with her incredibly beautiful stepsister, Agnes, and she will go to any length to catch the Prince’s eye.",2025-03-07,19.1285,7.323,/rayAREIKtSinuov10GvrZHyXfXH.jpg,"Horror, Comedy, Drama"
Exploits of a Young Don Juan,movie,"[35, 18]","In 1914, sixteen year old Roger returned home from boarding school during vacation to find his puberty hit hard in a house filled with beautiful women. These women have previous engagements with other men who are away, and during this time, Roger impregnates them all, including his aunt and sister, then devises plans to cuckold the men.",1986-11-04,21.4117,6.151,/xvtRgQIRegLjsjaIkKQbh0hk3Qy.jpg,"Comedy, Drama"
The Lego Movie,movie,"[16, 10751, 12, 35, 14]","An ordinary Lego mini-figure, mistakenly thought to be the extraordinary MasterBuilder, is recruited to join a quest to stop an evil Lego tyrant from conquering the universe.",2014-02-06,37.6297,7.432,/lbctonEnewCYZ4FYoTZhs8cidAl.jpg,"Animation, Family, Adventure, Comedy, Fantasy"
The Princess and the Frog,movie,"[16, 10749, 14, 10751]","A waitress, desperate to fulfill her dreams as a restaurant owner, is set on a journey to turn a frog prince back into a human being, but she has to face the same problem after she kisses him.",2009-12-08,21.4637,7.2,/yprv5PbnEksoVj2v6XEnDBg9joR.jpg,"Animation, Romance, Fantasy, Family"
Kill Code,movie,"[28, 53, 878]","North America has been divided into four main quadrants. A power-hungry corporation has taken over the conventional prison system and made criminals the new law enforcers.  The owner of that corporation, nanoscientist Eion Prescott, created a nano-virus called Onyx. Which is distributed through deadly watches to criminals. First, infecting them. Then, forcing them into eliminating each other for freedom. Who can topple the corporation's entire system from within?",2026-04-16,20.4341,4.974,/bXvSKLCillha6wxY0yxoRCM2WQl.jpg,"Action, Thriller, Science Fiction"
Predator,movie,"[878, 28, 12, 53]",A team of elite commandos on a secret mission in a Central American jungle come to find themselves hunted by an extraterrestrial warrior.,1987-06-12,22.6211,7.577,/k3mW4qfJo6SKqe6laRyNGnbB9n5.jpg,"Science Fiction, Action, Adventure, Thriller"
9th Company,movie,"[10752, 18, 36]","Russian army recruits complete training and take their posting in late 1980s Afghanistan, where the insurgents are slowly gaining the upper hand.",2005-09-19,22.6943,6.656,/yKPr5DbUZRPsdT1gOhUnTVsnplg.jpg,"War, Drama, History"
The Conjuring: The Devil Made Me Do It,movie,"[27, 9648, 53]","Paranormal investigators Ed and Lorraine Warren encounter what would become one of the most sensational cases from their files. The fight for the soul of a young boy takes them beyond anything they'd ever seen before, to mark the first time in U.S. history that a murder suspect would claim demonic possession as a defense.",2021-05-25,24.212,7.338,/xbSuFiJbbBWCkyCCKIMfuDCA4yV.jpg,"Horror, Mystery, Thriller"
Guy Ritchie's The Covenant,movie,"[10752, 28, 53]","After an ambush, Afghan interpreter Ahmed goes to Herculean lengths to save US Army Sergeant John Kinley's life. When Kinley learns that Ahmed and his family were not given safe passage to America as promised, he must return to the war zone and repay his debt.",2023-04-19,22.2168,7.717,/kVG8zFFYrpyYLoHChuEeOGAd6Ru.jpg,"War, Action, Thriller"
Snow White,movie,"[10751, 14]","Following the benevolent King's disappearance, the Evil Queen dominated the once fair land with a cruel streak. Princess Snow White flees the castle when the Queen, in her jealousy over Snow White's inner beauty, tries to kill her. Deep into the dark woods, she stumbles upon seven magical dwarves and a young bandit named Jonathan. Together, they strive to survive the Queen's relentless pursuit and aspire to take back the kingdom.",2025-03-19,26.1246,4.273,/oLxWocqheC8XbXbxqJ3x422j9PW.jpg,"Family, Fantasy"
After We Fell,movie,"[18, 10749]","Just as Tessa's life begins to become unglued, nothing is what she thought it would be. Not her friends nor her family. The only person that she should be able to rely on is Hardin, who is furious when he discovers the massive secret that she's been keeping. Before Tessa makes the biggest decision of her life, everything changes because of revelations about her family.",2021-09-01,27.0393,6.998,/dU4HfnTEJDf9KvxGS9hgO7BVeju.jpg,"Drama, Romance"
Ice Age: Dawn of the Dinosaurs,movie,"[16, 35, 10751, 12]","Times are changing for Manny the moody mammoth, Sid the motor mouthed sloth and Diego the crafty saber-toothed tiger. Life heats up for our heroes when they meet some new and none-too-friendly neighbors – the mighty dinosaurs.",2009-06-26,24.1486,6.776,/cXOLaxcNjNAYmEx1trZxOTKhK3Q.jpg,"Animation, Comedy, Family, Adventure"
The Magnificent Seven,movie,"[12, 28, 37]","Looking to mine for gold, greedy industrialist Bartholomew Bogue seizes control of the Old West town of Rose Creek. With their lives in jeopardy, Emma Cullen and other desperate residents turn to bounty hunter Sam Chisolm for help. Chisolm recruits an eclectic group of gunslingers to take on Bogue and his ruthless henchmen. With a deadly showdown on the horizon, the seven mercenaries soon find themselves fighting for more than just money once the bullets start to fly.",2016-09-14,24.3737,6.498,/ezcS78TIjgr85pVdaPDd2rSPVNs.jpg,"Adventure, Action, Western"
Five Nights at Freddy's 2,movie,"[27, 53]","One year since the supernatural nightmare at Freddy Fazbear's Pizza, the stories about what transpired there have been twisted into a campy local legend, inspiring the town's first ever Fazfest. With the truth kept from her, Abby sneaks out to reconnect with Freddy, Bonnie, Chica, and Foxy, setting into motion a terrifying series of events that will reveal dark secrets about the real origin of Freddy's, and unleash a decades-hidden horror.",2025-12-03,24.1886,6.587,/udAxQEORq2I5wxI97N2TEqdhzBE.jpg,"Horror, Thriller"
Mean Girls,movie,"[18, 35]","Cady Heron is a hit with The Plastics, the A-list girl clique at her new school, until she makes the mistake of falling for Aaron Samuels, the ex-boyfriend of alpha Plastic Regina George.",2004-04-30,27.9458,7.227,/2ZkuQXvVhh45uSvkBej4S7Ix1NJ.jpg,"Drama, Comedy"
Your Fault,movie,"[18, 10749]",The love between Noah and Nick seems unwavering despite their parents' attempts to separate them. But his job and her entry into college open up their lives to new relationships that will shake the foundations of both their relationship and the Leister family itself.,2024-12-26,19.4671,7.087,/1sQA7lfcF9yUyoLYC0e6Zo3jmxE.jpg,"Drama, Romance"
Spider-Man 2,movie,"[28, 12, 878]","Peter Parker is going through a major identity crisis. Burned out from being Spider-Man, he decides to shelve his superhero alter ego, which leaves the city suffering in the wake of carnage left by the evil Doc Ock. In the meantime, Parker still can't act on his feelings for Mary Jane Watson, a girl he's loved since childhood. A certain anger begins to brew in his best friend Harry Osborn as well...",2004-06-25,22.3772,7.328,/aGuvNAaaZuWXYQQ6N2v7DeuP6mB.jpg,"Action, Adventure, Science Fiction"
The Handmaiden,movie,"[53, 18, 10749]","1930s Korea, in the period of Japanese occupation, a new girl, Sook-hee, is hired as a handmaiden to a Japanese heiress, Hideko, who lives a secluded life on a large countryside estate with her domineering Uncle Kouzuki. But the maid has a secret. She is a pickpocket recruited by a swindler posing as a Japanese Count to help him seduce the Lady to steal her fortune.",2016-06-01,22.5458,8.175,/dLlH4aNHdnmf62umnInL8xPlPzw.jpg,"Thriller, Drama, Romance"
Free Guy,movie,"[35, 12, 878]","A bank teller discovers he is actually a background player in an open-world video game, and decides to become the hero of his own story. Now, in a world where there are no limits, he is determined to be the guy who saves his world his way before it's too late.",2021-08-11,20.7835,7.437,/dxraF0qPr1OEgJk17ltQTO84kQF.jpg,"Comedy, Adventure, Science Fiction"
The Cheating Wife,movie,[18],"Two widows who find solace in each other and eventually fall in love. But when one of their supposedly dead husbands returns home blind, they are forced to hide their forbidden affair, testing the limits of love and loyalty.",2026-06-26,21.931,2.5,/3KVI4XvSTnGeUf5UriMN12uw4qj.jpg,Drama
How the Grinch Stole Christmas,movie,"[10751, 35, 14]",The Grinch decides to rob Whoville of Christmas - but a dash of kindness from little Cindy Lou Who and her family may be enough to melt his heart...,2000-11-17,18.3276,6.782,/1WZbbPApEivA421gCOluuzMMKCk.jpg,"Family, Comedy, Fantasy"
Resident Evil,movie,"[27, 878]","Bryan, a medical courier, unwittingly finds himself fighting for survival as one fateful, horrifying night collapses around him in chaos.",2026-09-16,28.7186,0.0,/guq5cJ43v0qcMtLqrYHe5P9fgFM.jpg,"Horror, Science Fiction"
Zodiac,movie,"[80, 9648, 53]","Over the course of a decade, editors of the San Francisco Chronicle entice themselves in the murders of the Zodiac Killer. However, as time runs its course, interest in the case dwindles in the eyes of the professionals. The Killer stops interacting with the public. However, believing he has the answers, an amateur cartoonist from the initial sightings races against time to prevent what he believes is another murder.",2007-03-02,28.2401,7.532,/6YmeO4pB7XTh8P8F960O1uA14JO.jpg,"Crime, Mystery, Thriller"
The Passenger,movie,[53],"Hassan, a Somali-American airport shuttle driver in Minneapolis, is struggling to make ends meet. When Lloyd, a stranded twenty-something at the airport, offers to pay Hassan to take him overland to Chicago, it seems worth the risk. But as the realization grows that his passenger is not what he seems, Hassan finds himself trapped in a terrifying ride that he can’t escape, knowing that saving himself might put countless others in danger.",2026-06-05,19.2966,5.511,/i9XqCdF0jrgqveYUaLjOSiRepIq.jpg,Thriller
Fifty Shades Freed,movie,"[18, 10749]","Believing they have left behind shadowy figures from their past, newlyweds Christian and Ana fully embrace an inextricable connection and shared life of luxury. But just as she steps into her role as Mrs. Grey and he relaxes into an unfamiliar stability, new threats could jeopardize their happy ending before it even begins.",2018-01-17,21.4156,6.669,/jjPJ4s3DWZZvI4vw8Xfi4Vqa1Q8.jpg,"Drama, Romance"
Sing 2,movie,"[16, 35, 10751, 10402]","Buster and his new cast now have their sights set on debuting a new show at the Crystal Tower Theater in glamorous Redshore City. But with no connections, he and his singers must sneak into the Crystal Entertainment offices, run by the ruthless wolf mogul Jimmy Crystal, where the gang pitches the ridiculous idea of casting the lion rock legend Clay Calloway in their show. Buster must embark on a quest to find the now-isolated Clay and persuade him to return to the stage.",2021-12-01,22.2702,7.832,/aWeKITRFbbwY8txG5uCj4rMCfSP.jpg,"Animation, Comedy, Family, Music"
Sicario: Day of the Soldado,movie,"[28, 80, 53]",Agent Matt Graver teams up with operative Alejandro Gillick to prevent Mexican drug cartels from smuggling terrorists across the United States border.,2018-06-27,25.9367,6.944,/qcLYofEhNh51Sk1jUWjmKHLzkqw.jpg,"Action, Crime, Thriller"
Here the Whole Time,movie,"[35, 10749]","An insecure teenager's vacation plans are ruined by an unexpected visitor: his neighbor and school crush who will spend two weeks sleeping at his house. The days that promised peace, tranquility and epic series marathons end up bringing a whirlwind of feelings and unresolved issues.",2026-06-18,17.7963,7.429,/y3zqa6qmLz2C2bUImOgYs6JxDNT.jpg,"Comedy, Romance"
Ready Player One,movie,"[12, 28, 878]","When the creator of a popular video game system dies, a virtual contest is created to compete for his fortune.",2018-03-28,24.5857,7.587,/pU1ULUq8D3iRxl1fdX2lZIzdHuI.jpg,"Adventure, Action, Science Fiction"
365 Days: This Day,movie,"[10749, 18]","Laura and Massimo are back and hotter than ever. But the reunited couple's new beginning is complicated by Massimo’s family ties and a mysterious man who enters Laura’s life to win her heart and trust, at any cost.",2022-04-26,22.6968,5.946,/7qU0SOVcQ8BTJLodcAlulUAG16C.jpg,"Romance, Drama"
Dracula,movie,"[27, 14, 10749]","In late 15th-century Eastern Europe, Prince Vlad II’s bride is brutally murdered. As a result, he renounces God and damns Heaven itself. Cursed with eternal life, Vlad is reborn as Dracula, an immortal warlord who defies fate in a blood-soaked crusade to wrench his lost love back from death.",2025-07-30,20.3446,7.244,/ykyRfv7JDofLxXLAwtLXaSuaFfM.jpg,"Horror, Fantasy, Romance"
No Country for Old Men,movie,"[80, 53, 37]","Llewelyn Moss stumbles upon dead bodies, $2 million and a hoard of heroin in a Texas desert, but methodical killer Anton Chigurh comes looking for it, with local sheriff Ed Tom Bell hot on his trail. The roles of prey and predator blur as the violent pursuit of money and justice collide.",2007-11-09,24.2873,7.95,/6d5XOczc226jECq0LIX0siKtgHR.jpg,"Crime, Thriller, Western"
Over the Hedge,movie,"[12, 16, 35, 10751]","A scheming raccoon fools a mismatched family of forest creatures into helping him repay a debt of food, by invading the new suburban sprawl that popped up while they were hibernating – and learns a lesson about family himself.",2006-05-17,23.492,6.605,/jtZnymorbnHY7mOiBXR14ZDJseM.jpg,"Adventure, Animation, Comedy, Family"
John Wick: Chapter 3 - Parabellum,movie,"[28, 53, 80]","Super-assassin John Wick returns with a $14 million price tag on his head and an army of bounty-hunting killers on his trail. After killing a member of the shadowy international assassin’s guild, the High Table, John Wick is excommunicado, but the world’s most ruthless hit men and women await his every turn.",2019-05-15,22.7662,7.439,/ziEuG1essDuWuC5lpWUaw1uXY2O.jpg,"Action, Thriller, Crime"
Behind the Screens,movie,"[18, 53]","Seven close friends reunite for a dinner gathering and decide to play a seemingly harmless game. Throughout the evening, every message, email, and phone call they receive must be shared openly with the group.",2026-07-23,18.1145,7.0,/5XhXoKGzI2sLjDixWUUzVqDRnzt.jpg,"Drama, Thriller"
Eternal Sunshine of the Spotless Mind,movie,"[878, 18, 10749]","Joel Barish, heartbroken that his girlfriend underwent a procedure to erase him from her memory, decides to do the same. However, as he watches his memories of her fade away, he realises that he still loves her, and may be too late to correct his mistake.",2004-03-19,25.6236,8.089,/5MwkWH9tYHv3mV9OdYTMR5qreIz.jpg,"Science Fiction, Drama, Romance"
The Help,movie,[18],"Aibileen Clark is a middle-aged African-American maid who has spent her life raising white children and has recently lost her only son; Minny Jackson is an African-American maid who has often offended her employers despite her family's struggles with money and her desperate need for jobs; and Eugenia ""Skeeter"" Phelan is a young white woman who has recently moved back home after graduating college to find out her childhood maid has mysteriously disappeared. These three stories intertwine to explain how life in Jackson, Mississippi revolves around ""the help""; yet they are always kept at a certain distance because of racial lines.",2011-08-09,23.3677,8.206,/3kmfoWWEc9Vtyuaf9v5VipRgdjx.jpg,Drama
Young Hearts,movie,"[18, 10749]","14-year-old Elias increasingly feels like an outsider in his village. When he meets his new neighbour of the same age, Alexander, Elias is confronted with his burgeoning sexuality.",2024-10-26,20.8379,8.6,/iGCtYxfuvXfy0BD5m6p7vKuPOxS.jpg,"Drama, Romance"
One Flew Over the Cuckoo's Nest,movie,[18],"A petty criminal fakes insanity to serve his sentence in a mental ward rather than prison. He soon finds himself as a leader to the other patients—and an enemy to the cruel, domineering nurse who runs the ward.",1975-11-19,20.2282,8.406,/kjWsMh72V6d8KRLV4EOoSJLT1H7.jpg,Drama
Wrath of Man,movie,"[53, 80, 18]","A cold and mysterious new security guard for a Los Angeles cash truck company surprises his co-workers when he unleashes precision skills during a heist. The crew is left wondering who he is and where he came from. Soon, the marksman's ultimate motive becomes clear as he takes dramatic and irrevocable steps to settle a score.",2021-04-22,22.1183,7.571,/M7SUK85sKjaStg4TKhlAVyGlz3.jpg,"Thriller, Crime, Drama"
72 HOURS,movie,"[35, 80]","To save his career, a 40-year-old ad exec joins a crew of twentysomethings for a wild Miami bachelor party after they mistakenly add him to a group chat.",2026-07-20,20.0811,6.814,/9Bu1PW2R1XayqRqnl0aDOgMcrdS.jpg,"Comedy, Crime"
Charlie and the Chocolate Factory,movie,"[12, 35, 10751, 14]","A young boy wins a tour through the most magnificent chocolate factory in the world, led by the world's most unusual candy maker.",2005-07-13,24.5432,7.038,/iKP6wg3c6COUe8gYutoGG7qcPnO.jpg,"Adventure, Comedy, Family, Fantasy"
Mourning Wife,movie,"[18, 10749]","Director Daisuke Goto, the master of the cinematic Pink Eiga, is back with this retelling of the classic film noir, The Postman Always Rings Twice. A married woman, tasked with running her handicapped husband’s failing printing business, meets a drifter and they fall in love. Soon a plan to murder the husband is put into motion and the forces of fate begin to show their hand. Featuring bravura filmmaking, fantastic performances and steamy sex, the Mourning Wife is a worthy follow up for any fan of Daisuke Goto’s masterpiece A Lonely Cow Weeps at Dawn.",2001-09-28,18.541,4.5,/4cfd33evWkw8TPq95WkHeU82m8O.jpg,"Drama, Romance"
Mickey 17,movie,"[878, 35, 12]","Unlikely hero Mickey Barnes finds himself in the extraordinary circumstance of working for an employer who demands the ultimate commitment to the job… to die, for a living.",2025-02-28,20.2927,6.831,/edKpE9B5qN3e559OuMCLZdW1iBZ.jpg,"Science Fiction, Comedy, Adventure"
The Good Dinosaur,movie,"[12, 16, 10751]",An epic journey into the world of dinosaurs where an Apatosaurus named Arlo makes an unlikely human friend.,2015-11-14,22.8055,6.7,/8RSkxOO80btfKjyiC5ZiTaCHIT8.jpg,"Adventure, Animation, Family"
Seven Snipers,movie,"[28, 53]","When a former elite sniper is hunted down by the ruthless warlord who once held her captive, she must fight to the death to protect the daughter she has raised in hiding, on a remote Australian farm.",2026-04-30,19.3762,6.155,/pK6tGCG6UAgUT5FTq3ylGErHxQQ.jpg,"Action, Thriller"
Aladdin,movie,"[16, 10751, 12, 14, 10749]","In the boorish city of Agrabah, kind-hearted street urchin Aladdin and Princess Jasmine fall in love, although she can only marry a prince. He and power-hungry Grand Vizier Jafar vie for a magic lamp that can fulfill their wishes.",1992-11-25,25.9181,7.657,/eLFfl7vS8dkeG1hKp5mwbm37V83.jpg,"Animation, Family, Adventure, Fantasy, Romance"
Constantine,movie,"[14, 28, 27]","John Constantine has literally been to Hell and back. When he teams up with a policewoman to solve the mysterious suicide of her twin sister, their investigation takes them through the world of demons and angels that exists beneath the landscape of contemporary Los Angeles.",2005-02-08,25.2457,7.2,/vPYgvd2MwHlxTamAOjwVQp4qs1W.jpg,"Fantasy, Action, Horror"
2001: A Space Odyssey,movie,"[878, 9648, 12]","Humanity finds a mysterious object buried beneath the lunar surface and sets off to find its origins with the help of HAL 9000, the world's most advanced super computer.",1968-04-02,21.4317,8.045,/ve72VxNqjGM69Uky4WTo2bK6rfq.jpg,"Science Fiction, Mystery, Adventure"
Get Out,movie,"[9648, 53, 27]","Chris and his girlfriend Rose go upstate to visit her parents for the weekend. At first, Chris reads the family's overly accommodating behavior as nervous attempts to deal with their daughter's interracial relationship, but as the weekend progresses, a series of increasingly disturbing discoveries lead him to a truth that he never could have imagined.",2017-02-24,22.5564,7.625,/tFXcEccSQMf3lfhfXKSU9iRBpa3.jpg,"Mystery, Thriller, Horror"
Poor Things,movie,"[878, 10749, 35]","Brought back to life by an unorthodox scientist, a young woman runs off with a lawyer on a whirlwind adventure across the continents. Free from the prejudices of her times, she grows steadfast in her purpose to stand for equality and liberation.",2023-12-07,24.8924,7.63,/kCGlIMHnOm8JPXq3rXM6c5wMxcT.jpg,"Science Fiction, Romance, Comedy"
Anora,movie,"[18, 35, 10749]","A young sex worker from Brooklyn gets her chance at a Cinderella story when she meets and impulsively marries the son of an oligarch. Once the news reaches Russia, her fairytale is threatened as his parents set out to get the marriage annulled.",2024-10-14,25.19,7.1,/cgXk2tNYhJZLXdBDO5DidAVzQ82.jpg,"Drama, Comedy, Romance"
Life Is Beautiful,movie,"[35, 18]",A touching story of an Italian book seller of Jewish ancestry who lives in his own little fairy tale. His creative and happy life would come to an abrupt halt when his entire family is deported to a concentration camp during World War II. While locked up he tries to convince his son that the whole thing is just a game.,1997-12-20,21.5693,8.437,/74hLDKjD5aGYOotO6esUVaeISa2.jpg,"Comedy, Drama"
Kill Bill: Vol. 1,movie,"[28, 80]","An assassin is shot by her ruthless employer, Bill, and other members of their assassination circle – but she lives to plot her vengeance.",2003-10-10,22.9055,8.0,/v7TaX8kXMXs5yFFGR41guUDNcnB.jpg,"Action, Crime"
Sicario,movie,"[28, 80, 53]",An idealistic FBI agent is enlisted by a government task force to aid in the escalating war against drugs at the border area between the U.S. and Mexico.,2015-09-17,24.2496,7.427,/lz8vNyXeidqqOdJW9ZjnDAMb5Vr.jpg,"Action, Crime, Thriller"
PAW Patrol: The Mighty Movie,movie,"[12, 16, 35, 10751, 878]","A magical meteor crash lands in Adventure City and gives the PAW Patrol pups superpowers, transforming them into The Mighty Pups.",2023-09-21,22.3967,6.9,/aTvePCU7exLepwg5hWySjwxojQK.jpg,"Adventure, Animation, Comedy, Family, Science Fiction"
The Meg,movie,"[28, 878, 27]","A deep sea submersible pilot revisits his past fears in the Mariana Trench, and accidentally unleashes the seventy foot ancestor of the Great White Shark believed to be extinct.",2018-08-08,21.5417,6.252,/eyWICPcxOuTcDDDbTMOZawoOn8d.jpg,"Action, Science Fiction, Horror"
Bohemian Rhapsody,movie,"[10402, 18]","Singer Freddie Mercury, guitarist Brian May, drummer Roger Taylor and bass guitarist John Deacon take the music world by storm when they form the rock 'n' roll band Queen in 1970. Hit songs become instant classics. When Mercury's increasingly wild lifestyle starts to spiral out of control, Queen soon faces its greatest challenge yet – finding a way to keep the band together amid the success and excess.",2018-10-24,20.6897,7.951,/lHu1wtNaczFPGFDTrjCSzeLPTKN.jpg,"Music, Drama"
Snatch,movie,"[80, 35]","Unscrupulous boxing promoters, violent bookies, a Russian gangster, incompetent amateur robbers, and supposedly Jewish jewellers fight to track down a priceless stolen diamond.",2000-09-01,22.6959,7.828,/kJZoAHq1SLDdWjeNGtlHAnGpmFV.jpg,"Crime, Comedy"
The Fifth Element,movie,"[878, 28, 12]","In 2257, a taxi driver is unintentionally given the task of saving a young girl who is part of the key that will ensure the survival of humanity.",1997-05-02,25.3694,7.59,/fPtlCO1yQtnoLHOwKtWz7db6RGU.jpg,"Science Fiction, Action, Adventure"
Emilia Pérez,movie,"[18, 53]","Rita, an underrated lawyer working for a large law firm more interested in getting criminals out of jail than bringing them to justice, is hired by the leader of a criminal organization.",2024-08-21,16.1419,6.421,/7seqaCaaXDNUHOx4DqwpoOH8pPa.jpg,"Drama, Thriller"
The Grinch,movie,"[16, 35, 10751, 14]",The Grinch hatches a scheme to ruin Christmas when the residents of Whoville plan their annual holiday celebration. But a certain little who might change things.,2018-11-08,25.3527,6.862,/Al7DMUp8bqUN4JwXVNxfJYyv5cH.jpg,"Animation, Comedy, Family, Fantasy"
The Exorcist,movie,[27],"When a mysterious entity possesses a young girl, her mother seeks the help of two Catholic priests to save her life.",1973-12-26,17.8841,7.744,/5x0CeVHJI8tcDx8tUUwYHQSNILq.jpg,Horror
Zack Snyder's Justice League,movie,"[28, 12, 14]","Determined to ensure Superman's ultimate sacrifice was not in vain, Bruce Wayne aligns forces with Diana Prince with plans to recruit a team of metahumans to protect the world from an approaching threat of catastrophic proportions.",2021-03-18,26.0082,8.079,/tnAuB8q5vv7Ax9UAEje5Xi4BXik.jpg,"Action, Adventure, Fantasy"
Birds of Prey (and the Fantabulous Emancipation of One Harley Quinn),movie,"[28, 80]","Harley Quinn joins forces with a singer, an assassin and a police detective to help a young girl who had a hit placed on her after she stole a rare diamond from a crime lord.",2020-02-05,20.379,6.9,/h4VB6m0RwcicVEZvzftYZyKXs6K.jpg,"Action, Crime"
Black Hawk Down,movie,"[28, 10752, 36]","When U.S. Rangers and an elite Delta Force team attempt to kidnap two underlings of a Somali warlord, their Black Hawk helicopters are shot down, and the Americans suffer heavy casualties, facing intense fighting from the militia on the ground.",2001-12-28,20.1316,7.399,/7fU5dSqKRL4XHeEUz62rCKBfYok.jpg,"Action, War, History"
Alien: Romulus,movie,"[27, 878]","While scavenging the deep ends of a derelict space station, a group of young space colonizers come face to face with the most terrifying life form in the universe.",2024-08-13,21.4925,7.163,/2uSWRTtCG336nuBiG8jOTEUKSy8.jpg,"Horror, Science Fiction"
Princess Mononoke,movie,"[12, 14, 16]","Ashitaka, a prince of the disappearing Emishi people, is cursed by a demonized boar god and must journey to the west to find a cure. Along the way, he encounters San, a young human woman fighting to protect the forest, and Lady Eboshi, who is trying to destroy it. Ashitaka must find a way to bring balance to this conflict.",1997-07-12,26.7971,8.3,/cMYCDADoLKLbB83g4WnJegaZimC.jpg,"Adventure, Fantasy, Animation"
Megamind,movie,"[16, 28, 35, 10751, 878]","After Megamind, a highly intelligent alien supervillain, defeats his long-time nemesis Metro Man, Megamind creates a new hero to fight, but must act to save the city when his ""creation"" becomes an even worse villain than he was.",2010-10-28,21.3026,7.037,/uZ9ytt3sPTx62XTfN56ILSuYWRe.jpg,"Animation, Action, Comedy, Family, Science Fiction"
Catch Me If You Can,movie,"[18, 80]","A true story about Frank Abagnale Jr. who, before his 19th birthday, successfully conned millions of dollars worth of checks as a Pan Am pilot, doctor, and legal prosecutor. An FBI agent makes it his mission to put him behind bars. But Frank not only eludes capture, he revels in the pursuit.",2002-12-16,22.3641,7.977,/ctjEj2xM32OvBXCq8zAdK3ZrsAj.jpg,"Drama, Crime"
The Wizard of Oz,movie,"[12, 14, 10751]","Young Dorothy finds herself in a magical world where she makes friends with a lion, a scarecrow and a tin man as they make their way along the yellow brick road to talk with the Wizard and ask for the things they miss most in their lives. The Wicked Witch of the West is the only thing that could stop them.",1939-08-21,22.63,7.582,/uCC3j4pV9eOZwzDUWp2ilbcTf1f.jpg,"Adventure, Fantasy, Family"
Pacific Rim,movie,"[28, 878, 12]","Using massive piloted robots to combat the alien threat, Earth's survivors take the fight to the invading alien force lurking in the depths of the Pacific Ocean. Nearly defenseless in the face of the relentless enemy, the forces of mankind have no choice but to turn to two unlikely heroes who now stand as Earth's final hope against the mounting apocalypse.",2013-07-11,23.0429,6.945,/8wo4eN8dWKaKlxhSvBz19uvj8gA.jpg,"Action, Science Fiction, Adventure"
Trolls World Tour,movie,"[10751, 16, 35, 14, 12, 10402]","Queen Poppy and Branch make a surprising discovery — there are other Troll worlds beyond their own, and their distinct differences create big clashes between these various tribes. When a mysterious threat puts all of the Trolls across the land in danger, Poppy, Branch, and their band of friends must embark on an epic quest to create harmony among the feuding Trolls to unite them against certain doom.",2020-03-11,20.1471,7.2,/7W0G3YECgDAfnuiHG91r8WqgIOe.jpg,"Family, Animation, Comedy, Fantasy, Adventure, Music"
Maleficent: Mistress of Evil,movie,"[10751, 14, 12]","Maleficent and her goddaughter Aurora begin to question the complex family ties that bind them as they are pulled in different directions by impending nuptials, unexpected allies, and dark new forces at play.",2019-10-16,24.7008,7.294,/vloNTScJ3w7jwNwtNGoG8DbTThv.jpg,"Family, Fantasy, Adventure"
Memento,movie,"[9648, 53]","Leonard Shelby is tracking down the man who raped and murdered his wife. The difficulty of locating his wife's killer, however, is compounded by the fact that he suffers from a rare, untreatable form of short-term memory loss. Although he can recall details of life before his accident, Leonard cannot remember what happened fifteen minutes ago, where he's going, or why.",2000-10-11,27.1892,8.174,/nzlv62aC0octS5AklAiWpXLX9Z0.jpg,"Mystery, Thriller"
The Untouchables,movie,"[80, 36, 53]","Elliot Ness, an ambitious prohibition agent, is determined to take down Al Capone. In order to achieve this goal, he forms a group given the nickname “The Untouchables”.",1987-06-03,14.7186,7.753,/tPq0R4jTO4Ey8ZspFaWK9wGA4Ls.jpg,"Crime, History, Thriller"
The Pianist,movie,"[18, 10752]","The true story of pianist Władysław Szpilman's experiences in Warsaw during the Nazi occupation. When the Jews of the city find themselves forced into a ghetto, Szpilman finds work playing in a café; and when his family is deported in 1942, he stays behind, works for a while as a laborer, and eventually goes into hiding in the ruins of the war-torn city.",2002-09-17,27.9401,8.371,/2hFvxCCWrTmCYwfy7yum0GKRi3Y.jpg,"Drama, War"
Mulan,movie,"[16, 10751, 12]","When Imperial China calls one man from every family to defend the empire from invading Huns, a young woman disguises herself as a soldier to take her ailing father’s place. Facing ruthless invaders, brutal training, and the risk of execution if discovered, she must decide who she truly is— and what she’s willing to fight for.",1998-06-18,19.712,7.902,/jAbexAtB0aSfP5Ay4TpWHARyVnG.jpg,"Animation, Family, Adventure"
Raya and the Last Dragon,movie,"[16, 28, 12, 14, 10751]","Long ago, in the fantasy world of Kumandra, humans and dragons lived together in harmony. But when an evil force threatened the land, the dragons sacrificed themselves to save humanity. Now, 500 years later, that same evil has returned and it’s up to a lone warrior, Raya, to track down the legendary last dragon to restore the fractured land and its divided people.",2021-03-03,20.9759,7.795,/5nVhgCzxKbK47OLIKxCR1syulOn.jpg,"Animation, Action, Adventure, Fantasy, Family"
Wild Side,movie,[18],A transgender woman returns — with her two male lovers — to her family home in the countryside to look after her dying mother.,2004-02-08,17.1398,5.813,/aZ0ETlO7sFMW5PKBHIt4kxBhldh.jpg,Drama
The Nightmare Before Christmas,movie,"[14, 16, 10751]","Tired of scaring humans every October 31 with the same old bag of tricks, Jack Skellington, the spindly king of Halloween Town, kidnaps Santa Claus and plans to deliver shrunken heads and other ghoulish gifts to children on Christmas morning. But as Christmas approaches, Jack's rag-doll girlfriend, Sally, tries to foil his misguided plans.",1993-10-09,20.9498,7.8,/oQffRNjK8e19rF7xVYEN8ew0j7b.jpg,"Fantasy, Animation, Family"
The Bride!,movie,"[878, 27, 14]",A lonely Frankenstein travels to 1930s Chicago to ask groundbreaking scientist Dr. Euphronious to create a companion for him. The two revive a murdered young woman and The Bride is born. But what ensues is beyond what either of them imagined.,2026-03-04,21.2655,6.113,/lV8YHwGkYZsm6EfIqnhaSz2avKt.jpg,"Science Fiction, Horror, Fantasy"
Psycho,movie,"[27, 53, 9648]","When larcenous real estate clerk Marion Crane goes on the lam with a wad of cash and hopes of starting a new life, she ends up at the notorious Bates Motel, where manager Norman Bates cares for his housebound mother.",1960-06-22,30.4738,8.408,/yz4QVqPx3h1hD1DfqqQkCq3rmxW.jpg,"Horror, Thriller, Mystery"
The Beekeeper,movie,"[28, 80, 53]",One man's campaign for vengeance takes on national stakes after he is revealed to be a former operative of a powerful and clandestine organization known as Beekeepers.,2024-01-08,19.598,7.281,/A7EByudX0eOzlkQ2FIbogzyazm2.jpg,"Action, Crime, Thriller"
Midnight Matinee,movie,"[27, 9648, 53, 10770]","Even though a devastating murder took place during a small town's horror film festival two years earlier, townspeople want another festival.",1988-10-12,22.4387,5.4,/czam6wq46B9UCZvq85vicElckFq.jpg,"Horror, Mystery, Thriller, TV Movie"
Accidental Partners,movie,"[35, 10749]",Two women discover they were both scammed by the same man (who also got them pregnant). They form an alliance to take revenge.,2026-03-12,19.5005,8.874,/j0CIVzeR7hRAPBPGR54qDZoOQpp.jpg,"Comedy, Romance"
Teenage Mutant Ninja Turtles,movie,"[878, 28, 12, 35]","When a kingpin threatens New York City, a group of mutated turtle warriors must emerge from the shadows to protect their home.",2014-08-07,23.977,5.931,/azL2ThbJMIkts3ZMt3j1YgBUeDB.jpg,"Science Fiction, Action, Adventure, Comedy"
Despicable Me 2,movie,"[16, 35, 10751, 878]",Gru is recruited by the Anti-Villain League to help deal with a powerful new super criminal.,2013-06-26,23.2751,6.948,/5Fh4NdoEnCjCK9wLjdJ9DJNFl2b.jpg,"Animation, Comedy, Family, Science Fiction"
City of God,movie,"[18, 80]","In the poverty-stricken favelas of Rio de Janeiro in the 1970s, two young men choose different paths. Rocket is a budding photographer who documents the increasing drug-related violence of his neighborhood, while José “Zé” Pequeno is an ambitious drug dealer diving into a dangerous life of crime.",2002-08-30,24.5461,8.427,/k7eYdWvhYQyRQoU2TB2A2Xu2TfD.jpg,"Drama, Crime"
Elemental,movie,"[16, 35, 10751, 10749]","In a city where fire, water, land and air residents live together, a fiery young woman and a go-with-the-flow guy will discover something elemental: how much they have in common.",2023-06-14,27.7777,7.596,/4Y1WNkd88JXmGfhtWR7dmDAo1T2.jpg,"Animation, Comedy, Family, Romance"
1917,movie,"[10752, 18, 36]","At the height of the First World War, two young British soldiers must cross enemy territory and deliver a message that will stop a deadly attack on hundreds of soldiers.",2019-12-25,19.9934,7.984,/iZf0KyrE25z1sage4SYFLCCrMi9.jpg,"War, Drama, History"
Mercy,movie,"[878, 28, 53]","In the near future, a detective stands on trial accused of murdering his wife. He has ninety minutes to prove his innocence to the advanced AI Judge he once championed, before it determines his fate.",2026-01-19,21.2301,7.082,/pyok1kZJCfyuFapYXzHcy7BLlQa.jpg,"Science Fiction, Action, Thriller"
The Get Out,movie,"[28, 53]","A nightclub owner is on the verge of leaving his dangerous past behind for retirement with his girlfriend. When masked gunmen rob him and he finds himself squeezed by ruthless cartels, a mysterious newcomer arrives with an interest in buying the business. With danger closing in from all sides, he must navigate a deadly web of deception, power, and survival  -  where escape may no longer be an option.",2026-06-18,19.0465,6.112,/zlkeH0s7dDxcnuPcHBqAyXFUxqN.jpg,"Action, Thriller"
Obsessed,movie,"[18, 10749]","A secret, passionate affair happens in the summer of 1969 between Colonel Jin Pyeong, trapped in a loveless marriage with Soo Jin, and Jong Ga Heun, the Chinese-Korean wife of Captain Kyung Woo Jin.",2014-05-14,20.1473,6.675,/XdVqGnvRqCQXalcJPDGIeDn7Kj.jpg,"Drama, Romance"
Nuremberg,movie,"[36, 18]","In postwar Germany, an American psychiatrist must determine whether Nazi prisoners are fit to go on trial for war crimes, and finds himself in a complex battle of intellect and ethics with Hermann Göring, Hitler's right-hand man.",2025-11-06,21.9071,7.604,/xthXNYltOOm80vW5Kxjzxx5gvQ6.jpg,"History, Drama"
Eternals,movie,"[878, 28, 12]","The Eternals are a team of ancient aliens who have been living on Earth in secret for thousands of years. When an unexpected tragedy forces them out of the shadows, they are forced to reunite against mankind’s most ancient enemy, the Deviants.",2021-11-03,22.6698,6.757,/lFByFSLV5WDJEv3KabbdAF959F2.jpg,"Science Fiction, Action, Adventure"
World War Z,movie,"[28, 27, 878]","Life for former United Nations investigator Gerry Lane and his family seems content. Suddenly, the world is plagued by a mysterious infection turning whole human populations into rampaging mindless zombies. After barely escaping the chaos, Lane is persuaded to go on a mission to investigate this disease. What follows is a perilous trek around the world where Lane must brave horrific dangers and long odds to find answers before human civilization falls.",2013-06-19,21.8791,6.849,/aCnVdvExw6UWSeQfr0tUH3jr4qG.jpg,"Action, Horror, Science Fiction"
Incredibles 2,movie,"[28, 12, 16, 10751]","Elastigirl springs into action to save the day, while Mr. Incredible faces his greatest challenge yet – taking care of the problems of his three children.",2018-06-14,29.308,7.453,/9lFKBtaVIhP7E2Pk0IY1CwTKTMZ.jpg,"Action, Adventure, Animation, Family"
A Clockwork Orange,movie,"[878, 80]","In a near-future Britain, young Alexander DeLarge and his pals get their kicks beating and raping anyone they please. When not destroying the lives of others, Alex swoons to the music of Beethoven. The state, eager to crack down on juvenile crime, gives an incarcerated Alex the option to undergo an invasive procedure that'll rob him of all personal agency. In a time when conscience is a commodity, can Alex change his tune?",1971-10-28,24.3998,8.17,/4sHeTAp65WrSSuc05nRBKddhBxO.jpg,"Science Fiction, Crime"
Subservience,movie,"[27, 878, 53]","With his wife out sick, a struggling father brings home a lifelike AI, only to have his self-aware new help want everything her new family has to offer... Like the affection of her owner and she'll kill to get it.",2024-08-15,19.2346,6.648,/gBenxR01Uy0Ev9RTIw6dVBPoyQU.jpg,"Horror, Science Fiction, Thriller"
The Passion of the Christ,movie,[18],A graphic portrayal of the last twelve hours of Jesus of Nazareth's life.,2004-02-25,28.37,7.539,/rBM5o2HpmCfDejuIPybI09tkY3V.jpg,Drama
Nosferatu,movie,"[27, 14]","A gothic tale of obsession between a haunted young woman and the terrifying vampire infatuated with her, causing untold horror in its wake.",2024-12-25,21.4279,6.715,/5qGIxdEO841C0tdY8vOdLoRVrr0.jpg,"Horror, Fantasy"
Mission: Impossible,movie,"[12, 28, 53]","When Ethan Hunt, the leader of a crack espionage team whose perilous operation has gone awry with no explanation, discovers that a mole has penetrated the CIA, he's surprised to learn that he's the prime suspect. To clear his name, Hunt now must ferret out the real double agent and, in the process, even the score.",1996-05-22,27.1068,7.027,/l5uxY5m5OInWpcExIpKG6AR3rgL.jpg,"Adventure, Action, Thriller"
Ice Cream Man,movie,"[27, 35]",An idyllic summer town descends into madness when an ice cream man serves kids sweet delights with horrifying results.,2026-08-03,19.5374,4.7,/c987gxFjXqYOxZEZKcTkS1ONTWH.jpg,"Horror, Comedy"
Taken 3,movie,"[53, 28]","Ex-government operative Bryan Mills finds his life is shattered when he's falsely accused of a murder that hits close to home. As he's pursued by a savvy police inspector, Mills employs his particular set of skills to track the real killer and exact his unique brand of justice.",2014-12-16,23.0425,6.262,/vzvMXMypMq7ieDofKThsxjHj9hn.jpg,"Thriller, Action"
Ralph Breaks the Internet,movie,"[28, 12, 16, 35, 10751, 878]","Video game bad guy Ralph and fellow misfit Vanellope von Schweetz must risk it all by traveling to the World Wide Web in search of a replacement part to save Vanellope's video game, Sugar Rush. In way over their heads, Ralph and Vanellope rely on the citizens of the internet — the netizens — to help navigate their way, including an entrepreneur named Yesss, who is the head algorithm and the heart and soul of trend-making site BuzzzTube.",2018-11-20,22.1494,7.154,/iVCrhBcpDaHGvv7CLYbK6PuXZo1.jpg,"Action, Adventure, Animation, Comedy, Family, Science Fiction"
Godzilla x Kong: The New Empire,movie,"[28, 12, 878]","Following their explosive showdown, Godzilla and Kong must reunite against a colossal undiscovered threat hidden within our world, challenging their very existence – and our own.",2024-03-27,23.7692,7.039,/z1p34vh7dEOnLDmyCrlUVLuoDzd.jpg,"Action, Adventure, Science Fiction"
Detective Conan: Fallen Angel of the Highway,movie,"[16, 28, 9648, 80]","When a string of deadly highway incidents begin, Conan Edogawa's investigations point towards an orchestrated plot rather than mere accidents. As he uncovers a conspiracy involving hidden identities and advanced technology, the case escalates into a high-speed race against time to stop a calculating mastermind before more lives are lost.",2026-04-10,19.9826,7.5,/vvOk7a7k7Sp6UdHcqV4baRlK6CC.jpg,"Animation, Action, Mystery, Crime"
Ted,movie,"[35, 14]","John Bennett, a man whose childhood wish of bringing his teddy bear to life came true, now must decide between keeping the relationship with the bear or his girlfriend, Lori.",2012-06-29,22.5622,6.454,/1QVZXQQHCEIj8lyUhdBYd2qOYtq.jpg,"Comedy, Fantasy"
They Will Kill You,movie,"[28, 35, 27, 53]","A woman answers a help wanted ad to be a housekeeper in a mysterious New York City high-rise, unaware that she is entering a community that has seen a number of disappearances over the years and may be under the grip of a Satanic cult.",2026-03-25,20.8485,7.0,/6oI4oQKTWMVUlr8Ivqydp28Ruu6.jpg,"Action, Comedy, Horror, Thriller"
A Serbian Film,movie,"[80, 27, 53]","Retired porn star Milos leads a normal family life trying to make ends meet. Presented with the opportunity of a lifetime to financially support his family for the rest of their lives, Milos must participate in one last mysterious film. From then on, Milos is drawn into a maelstrom of unbelievable cruelty and mayhem.",2010-01-06,28.7822,5.447,/yIQqiw3Az5QYNHLCUoCTtxXH24G.jpg,"Crime, Horror, Thriller"
American Pie,movie,"[35, 10749]","At a high-school party, four friends find that losing their collective virginity isn't as easy as they had thought. But they still believe that they need to do so before college. To motivate themselves, they enter a pact to all ""score"" by their senior prom.",1999-07-09,21.1383,6.619,/5P68by2Thn8wHAziyWGEw2O7hco.jpg,"Comedy, Romance"
The Emperor's New Groove,movie,"[12, 16, 35, 10751, 14]","When the self‑absorbed Emperor Kuzco is accidentally transformed into a llama, he must rely on a humble villager to survive the jungle and reclaim his throne.",2000-12-15,26.5155,7.566,/wwbgkXQBEKtnyIJapk6gUgWkVw8.jpg,"Adventure, Animation, Comedy, Family, Fantasy"
Godzilla Minus One,movie,"[878, 27, 28]","In postwar Japan, Godzilla brings new devastation to an already scorched landscape. With no military intervention or government help in sight, the survivors must join together in the face of despair and fight back against an unrelenting horror.",2023-11-03,22.9796,7.595,/2E2WTX0TJEflAged6kzErwqX1kt.jpg,"Science Fiction, Horror, Action"
Maze Runner: The Death Cure,movie,"[878, 28, 12, 53]","Thomas leads his group of escaped Gladers on their final and most dangerous mission yet. To save their friends, they must break into the legendary Last City, a WCKD-controlled labyrinth that may turn out to be the deadliest maze of all. Anyone who makes it out alive will get answers to the questions the Gladers have been asking since they first arrived in the maze.",2018-01-10,21.6325,7.079,/s8K0US4tUEoOrQ1LDh0eppuwGDx.jpg,"Science Fiction, Action, Adventure, Thriller"
Dark Phoenix,movie,"[878, 28, 12]","The X-Men face their most formidable and powerful foe when one of their own, Jean Grey, starts to spiral out of control. During a rescue mission in outer space, Jean is nearly killed when she's hit by a mysterious cosmic force. Once she returns home, this force not only makes her infinitely more powerful, but far more unstable. The X-Men must now band together to save her soul and battle aliens that want to use Grey's new abilities to rule the galaxy.",2019-06-05,24.4652,5.96,/cCTJPelKGLhALq3r51A9uMonxKj.jpg,"Science Fiction, Action, Adventure"
Eyes Wide Shut,movie,"[18, 53, 9648]","After Dr. Bill Harford's wife, Alice, admits to having sexual fantasies about a man she met, Bill becomes obsessed with having a sexual encounter. He discovers an underground sexual group and attends one of their meetings -- and quickly discovers that he is in over his head.",1999-07-16,23.7985,7.484,/knEIz1eNGl5MQDbrEAVWA7iRqF9.jpg,"Drama, Thriller, Mystery"
Jurassic World,movie,"[12, 878, 53, 28]","Twenty-two years after the events of Jurassic Park, Isla Nublar now features a fully functioning dinosaur theme park, Jurassic World, as originally envisioned by John Hammond.",2015-06-06,21.5774,6.703,/rhr4y79GpxQF9IsfJItRXVaoGs4.jpg,"Adventure, Science Fiction, Thriller, Action"
Sonic the Hedgehog,movie,"[28, 878, 35, 10751]","Powered with incredible speed, Sonic The Hedgehog embraces his new home on Earth. That is, until Sonic sparks the attention of super-uncool evil genius Dr. Robotnik. Now it’s super-villain vs. super-sonic in an all-out race across the globe to stop Robotnik from using Sonic’s unique power for world domination.",2020-02-12,19.4544,7.3,/aQvJ5WPzZgYVDrxLX4R6cLJCEaQ.jpg,"Action, Science Fiction, Comedy, Family"
Raiders of the Lost Ark,movie,"[12, 28]","When Dr. Indiana Jones – the tweed-suited professor who just happens to be a celebrated archaeologist – is hired by the government to locate the legendary Ark of the Covenant, he finds himself up against the entire Nazi regime.",1981-06-12,21.1839,7.928,/ceG9VzoRAVGwivFU403Wc3AHRys.jpg,"Adventure, Action"
Pretty Lethal,movie,"[28, 53, 27]",A troupe of ballerinas find themselves fighting for survival as they attempt to escape from a remote inn after their bus breaks down on the way to a dance competition.,2026-03-13,21.5158,6.8,/znTPnXCK3lEQJgqXCvP7e5FUz6f.jpg,"Action, Thriller, Horror"
Remarkably Bright Creatures,movie,"[18, 9648]","Through unlikely bonds formed during night shifts at a local aquarium, Tova, an elderly widow, learns of a life-changing discovery that may bring her joy and wonder once again.",2026-05-07,22.9594,8.435,/9HcEqn3D4J6b2Z0jK54id9nA0fr.jpg,"Drama, Mystery"
No Time to Die,movie,"[28, 53, 12]","Bond has left active service and is enjoying a tranquil life in Jamaica. His peace is short-lived when his old friend Felix Leiter from the CIA turns up asking for help. The mission to rescue a kidnapped scientist turns out to be far more treacherous than expected, leading Bond onto the trail of a mysterious villain armed with dangerous new technology.",2021-09-29,23.1741,7.338,/iUgygt3fscRoKWCV1d0C7FbM9TP.jpg,"Action, Thriller, Adventure"
Tenet,movie,"[28, 53, 878]","Armed with only one word - Tenet - and fighting for the survival of the entire world, the Protagonist journeys through a twilight world of international espionage on a mission that will unfold in something beyond real time.",2020-08-22,20.1627,7.171,/aCIFMriQh8rvhxpN1IWGgvH0Tlg.jpg,"Action, Thriller, Science Fiction"
undertone,movie,"[27, 9648]",The host of a popular paranormal podcast becomes haunted by terrifying recordings mysteriously sent her way.,2026-03-12,21.8848,6.035,/2PFgFMnrdCPXWiZl1PUvky7Mo9D.jpg,"Horror, Mystery"
The Revenant,movie,"[37, 18, 12]","In the 1820s, a frontiersman, Hugh Glass, sets out on a path of vengeance against those who left him for dead after a bear mauling.",2015-12-25,25.0318,7.54,/ji3ecJphATlVgWNY0B0RVXZizdf.jpg,"Western, Drama, Adventure"
Ghostbusters: Afterlife,movie,"[14, 35, 12]","When single mom Callie and her two kids Trevor and Phoebe arrive in a small Oklahoma town, they begin to discover their connection to the original Ghostbusters and the secret legacy their grandfather left behind.",2021-11-18,20.0341,7.309,/sg4xJaufDiQl7caFEskBtQXfD4x.jpg,"Fantasy, Comedy, Adventure"
Return to Silent Hill,movie,"[27, 9648]","When James receives a mysterious letter from his lost love Mary, he is drawn to Silent Hill—a once-familiar town now consumed by darkness. As he searches for her, James faces monstrous creatures and unravels a terrifying truth that will push him to the edge of his sanity.",2026-01-21,21.513,5.396,/mdw7bSnE11WpwWf3ViXtnavuqiT.jpg,"Horror, Mystery"
John Wick: Chapter 2,movie,"[28, 53, 80]","John Wick is forced out of retirement by a former associate looking to seize control of a shadowy international assassins’ guild. Bound by a blood oath to aid him, Wick travels to Rome and does battle against some of the world’s most dangerous killers.",2017-02-08,23.7943,7.346,/hXWBc0ioZP3cN4zCu6SN3YHXZVO.jpg,"Action, Thriller, Crime"
Beast,movie,"[28, 18]","MMA legend Patton James, now a commercial fisherman, is pulled back into the cage when his brother is in danger. Reuniting with his old coach Sammy, he commits to one final fight in one championship against the brutal champion Xavier Grau.",2026-04-10,19.0574,7.4,/7NrvUI3vnW8H3rD7ExKcTL7KRcQ.jpg,"Action, Drama"
Hulk,movie,"[878, 12, 28, 18]","Bruce Banner, a genetics researcher with a tragic past, suffers massive radiation exposure in his laboratory that causes him to transform into a raging green monster when he gets angry.",2003-06-19,23.8571,5.598,/UllIft2jLSBaay3zQyMV4GNdfy.jpg,"Science Fiction, Adventure, Action, Drama"
The Mortuary Assistant,movie,"[27, 9648]","Rebecca Owens, a recent mortuary science graduate takes a night shift job at River Fields Mortuary. Initially, the job seems straightforward — embalming bodies, completing paperwork, and keeping things tidy. But once Rebecca starts working the night shift, things take a dark turn.",2026-02-13,20.6809,5.3,/7k7hY1HqUYryPdRio0fuDMaIq4N.jpg,"Horror, Mystery"
The Hunger Games: Mockingjay - Part 1,movie,"[878, 12, 53]","After surviving the Quarter Quell, Katniss finds herself in the hidden stronghold of District 13, where the rebellion against the Capitol is gaining momentum. Struggling with the weight of becoming the symbol of resistance, she must navigate fragile alliances while trying to protect those she loves. As propaganda battles rage and Panem moves closer to full-scale war, Katniss is forced to confront the true cost of revolution.",2014-11-19,21.6121,6.816,/4FAA18ZIja70d1Tu5hr5cj2q1sB.jpg,"Science Fiction, Adventure, Thriller"
Once Upon a Time... in Hollywood,movie,"[35, 18, 53]","Los Angeles, 1969. TV star Rick Dalton, a struggling actor specializing in westerns, and stuntman Cliff Booth, his best friend, try to survive in a constantly changing movie industry. Dalton is the neighbor of the young and promising actress and model Sharon Tate, who has just married the prestigious Polish director Roman Polanski…",2019-07-24,27.4107,7.42,/8j58iEBw9pOXFD2L0nt0ZXeHviB.jpg,"Comedy, Drama, Thriller"
Memories of Murder,movie,"[80, 18, 53]","A sadistic serial rapist and murderer of young women terrorizes a small province in 1980s South Korea. To prevent further crimes, three increasingly desperate detectives with conflicting methods race against time to unravel the violent mind of the killer in a futile effort to solve the case.",2003-04-25,24.8909,8.061,/jcgUjx1QcupGzjntTVlnQ15lHqy.jpg,"Crime, Drama, Thriller"
Terminator Genisys,movie,"[878, 28, 53]","The year is 2029. John Connor, leader of the resistance continues the war against the machines. At the Los Angeles offensive, John's fears of the unknown future begin to emerge when TECOM spies reveal a new plot by SkyNet that will attack him from both fronts; past and future, and will ultimately change warfare forever.",2015-06-23,25.7465,5.958,/oZRVDpNtmHk8M1VYy1aeOWUXgbC.jpg,"Science Fiction, Action, Thriller"
Virgin,movie,"[18, 10749]","Iris, an 18-year old virgin marries Joaquin, a rich widower, because of money. However, when he learns that Iris is not really a virgin, their honeymoon turns to a bloodbath.",2024-10-29,18.5122,6.3,/iVS3ZiPsKy8Hhc5Dipqgrjmoj2b.jpg,"Drama, Romance"
Clue,movie,"[35, 80, 9648]","Clue finds six colorful dinner guests gathered at the mansion of their host, Mr. Boddy -- who turns up dead after his secret is exposed: He was blackmailing all of them. With the killer among them, the guests and Boddy's chatty butler must suss out the culprit before the body count rises.",1985-12-13,17.9744,7.207,/aRxbYOYHS8T73nzR8hsLousoplR.jpg,"Comedy, Crime, Mystery"
Babygirl,movie,"[10749, 53]",A high-powered CEO puts her career and family on the line when she begins a torrid affair with her much younger intern.,2024-12-25,25.1044,5.724,/ilwO6elz3mLV9CToT7C8pjVeKX0.jpg,"Romance, Thriller"
The Mist,movie,"[27, 878, 53]","After a violent storm, a dense cloud of mist envelops a small Maine town, trapping David Drayton and his five-year-old son in a local grocery store with other local residents. They soon discover that the mist conceals deadly horrors that threaten their lives, and worse, their sanity.",2007-11-21,20.2252,6.953,/c4UgUKZjM0Qzy5t4hAXSOFHYsnb.jpg,"Horror, Science Fiction, Thriller"
Nobody 2,movie,"[28, 53, 35, 80]","Former assassin Hutch Mansell takes his family on a nostalgic vacation to a small-town theme park, only to be pulled back into violence when they clash with a corrupt operator, a crooked sheriff, and a ruthless crime boss.",2025-08-13,20.1043,6.923,/svXVRoRSu6zzFtCzkRsjZS7Lqpd.jpg,"Action, Thriller, Comedy, Crime"
King Kong,movie,"[12, 18, 28]","In 1933 New York, an overly ambitious movie producer coerces his cast and hired ship crew to travel to mysterious Skull Island, where they encounter Kong, a giant ape who is immediately smitten with the leading lady.",2005-12-12,20.9175,6.901,/6a2HY6UmD7XiDD3NokgaBAXEsD2.jpg,"Adventure, Drama, Action"
Spa Weekend,movie,[35],"Four lifelong friends realize that somewhere between careers, relationships, families, and everyday responsibilities, they’ve forgotten how to take care of themselves and each other. Burned out and overdue for a break, the women escape to a luxury spa retreat for an unforgettable weekend dedicated to fun, laughter, and a lot of really bad decisions.",2026-08-20,18.0353,6.696,/i3I19SbOyz6AIl0cSYdyVJRucMr.jpg,Comedy
Unfaithful,movie,"[53, 18, 10749]",A New York suburban couple's marriage goes dangerously awry when the wife indulges in an adulterous fling.,2002-05-10,19.3346,6.721,/bjiHEhuiwhIygzjczbTPAA07cGc.jpg,"Thriller, Drama, Romance"
The Simpsons Movie,movie,"[16, 35, 10751]","After Homer accidentally pollutes the town's water supply, Springfield is encased in a gigantic dome by the EPA and the Simpsons are declared fugitives.",2007-07-25,19.6651,7.023,/s3b8TZWwmkYc2KoJ5zk77qB6PzY.jpg,"Animation, Comedy, Family"
Mr. & Mrs. Smith,movie,"[28, 35, 18, 53]","A husband and wife struggle to keep their marriage alive until they realize they are both secretly working as assassins. Now, their respective assignments require them to kill each other.",2005-06-07,22.7487,6.693,/kjD700RtyhveN3ZbOnSvUSne0Qj.jpg,"Action, Comedy, Drama, Thriller"
The Hobbit: The Desolation of Smaug,movie,"[14, 12, 28]","The Dwarves, Bilbo and Gandalf have successfully escaped the Misty Mountains, and Bilbo has gained the One Ring. They all continue their journey to get their gold back from the Dragon, Smaug.",2013-12-11,24.7529,7.581,/xQYiXsheRCDBA39DOrmaw1aSpbk.jpg,"Fantasy, Adventure, Action"
Cannibal Holocaust,movie,[27],A New York University professor returns from a rescue mission to the Amazon rainforest with the footage shot by a lost team of documentarians who were making a film about the area's local cannibal tribes.,1980-02-07,29.1972,6.255,/otxZzMh53TsN7yYFqSZ3rwH1yMd.jpg,Horror
The Last Samurai,movie,"[18, 28, 10752]","Nathan Algren is an American hired to instruct the Japanese army in the ways of modern warfare, which finds him learning to respect the samurai and the honorable principles that rule them. Pressed to destroy the samurai's way of life in the name of modernization and open trade, Algren decides to become an ultimate warrior himself and to fight for their right to exist.",2003-12-05,24.6344,7.612,/a8jmJPs5eZBARmnuEEvZwbjwyz4.jpg,"Drama, Action, War"
Madagascar,movie,"[12, 16, 35, 10751]",Four animal friends get a taste of the wild life when they break out of captivity at the Central Park Zoo and wash ashore on the island of Madagascar.,2005-05-25,19.255,6.929,/zMpJY5CJKUufG9OTw0In4eAFqPX.jpg,"Adventure, Animation, Comedy, Family"
Alien: Covenant,movie,"[27, 878]","The crew of the colony ship Covenant, bound for a remote planet on the far side of the galaxy, discovers what they think is an uncharted paradise but is actually a dark, dangerous world.",2017-05-09,22.0671,6.186,/zecMELPbU5YMQpC81Z8ImaaXuf9.jpg,"Horror, Science Fiction"
Jurassic World: Fallen Kingdom,movie,"[12, 878, 53, 28]","Three years after Jurassic World was destroyed, Isla Nublar now sits abandoned. When the island's dormant volcano begins roaring to life, Owen and Claire mount a campaign to rescue the remaining dinosaurs from this extinction-level event.",2018-06-06,20.9203,6.526,/x2Us3jR6ToMJjbcPbLimYoxf6xr.jpg,"Adventure, Science Fiction, Thriller, Action"
Prisoners,movie,"[18, 53, 80]","After his six-year-old daughter is abducted, a desperate father takes justice into his own hands when he loses faith in the detective leading the investigation, setting both men on a collision course as the search descends into obsession and moral compromise.",2013-09-19,24.6757,8.106,/uhviyknTT5cEQXbn6vWIqfM4vGm.jpg,"Drama, Thriller, Crime"
TRON: Ares,movie,"[878, 12, 28]","A highly sophisticated Program called Ares is sent from the digital world into the real world on a dangerous mission, marking humankind's first encounter with A.I. beings.",2025-10-08,18.021,6.46,/chpWmskl3aKm1aTZqUHRCtviwPy.jpg,"Science Fiction, Adventure, Action"
Hotel Transylvania,movie,"[16, 35, 10751, 14]","Welcome to Hotel Transylvania, Dracula's lavish five-stake resort, where monsters and their families can live it up and no humans are allowed. One special weekend, Dracula has invited all his best friends to celebrate his beloved daughter Mavis's 118th birthday. For Dracula catering to all of these legendary monsters is no problem but the party really starts when one ordinary guy stumbles into the hotel and changes everything!",2012-09-20,22.9692,6.969,/eJGvzGrsfe2sqTUPv5IwLWXjVuR.jpg,"Animation, Comedy, Family, Fantasy"
The Devil's Advocate,movie,"[27, 18, 9648]","Aspiring Florida defense lawyer Kevin Lomax accepts a job at a New York law firm. With the stakes getting higher every case, Kevin quickly learns that his boss has something far more evil planned.",1997-10-17,24.2536,7.481,/5ZzBGpxy55OQzHxKVY11IpY6a0o.jpg,"Horror, Drama, Mystery"
Batman v Superman: Dawn of Justice,movie,"[28, 12, 14]","Fearing the actions of a god-like Super Hero left unchecked, Gotham City’s own formidable, forceful vigilante takes on Metropolis’s most revered, modern-day savior, while the world wrestles with what sort of hero it really needs. And with Batman and Superman at war with one another, a new threat quickly arises, putting mankind in greater danger than it’s ever known before.",2016-03-23,20.0232,6.011,/5UsK3grJvtQrtzEgqNlDljJW96w.jpg,"Action, Adventure, Fantasy"
Charlie's Angels,movie,"[28, 35, 12]","The captivating crime-fighting trio who are masters of disguise, espionage and martial arts are back! When a devious mastermind embroils them in a plot to destroy individual privacy, the Angels, aided by their loyal sidekick Bosley, set out to bring down the bad guys. But when a terrible secret is revealed, it makes the Angels targets for assassination.",2000-11-02,20.8314,5.853,/paDTaHGLxhacythNZCT86VPanm6.jpg,"Action, Comedy, Adventure"
Wonder Woman,movie,"[28, 12, 14]",An Amazon princess comes to the world of Man in the grips of the First World War to confront the forces of evil and bring an end to human conflict.,2017-05-30,20.0534,7.204,/v4ncgZjG2Zu8ZW5al1vIZTsSjqX.jpg,"Action, Adventure, Fantasy"
Brave,movie,"[12, 16, 10751, 14]","In the mystical Scottish Highlands, Merida is the princess of a kingdom ruled by King Fergus and Queen Elinor. An unruly daughter and an accomplished archer, Merida one day defies a sacred custom of the land and inadvertently brings turmoil to the kingdom. In an attempt to set things right, Merida seeks out an eccentric old Wise Woman and is granted an ill-fated wish. Also figuring into Merida's quest — and serving as comic relief — are the kingdom's three lords: the enormous Lord MacGuffin, the surly Lord Macintosh, and the disagreeable Lord Dingwall.",2012-06-21,22.0741,7.034,/1XAuDtMWpL0sYSFK0R6EZate2Ux.jpg,"Adventure, Animation, Family, Fantasy"
Peaky Blinders: The Immortal Man,movie,"[80, 18]","After his estranged son gets embroiled in a Nazi plot, self-exiled gangster Tommy Shelby must return to Birmingham to save his family — and his nation.",2026-03-05,20.1819,7.179,/gRMalasZEzsZi4w2VFuYusfSfqf.jpg,"Crime, Drama"
The Blind Side,movie,[18],"The story of Michael Oher, a homeless and traumatized boy who became an All American football player and first round NFL draft pick with the help of a caring woman and her family.",2009-11-20,18.8052,7.664,/PhpAdRopu0sOWf0BY7vVtxrRD3.jpg,Drama
28 Days Later,movie,"[27, 53, 878]","Twenty-eight days after a killer virus was accidentally unleashed from a British research facility, a small group of London survivors are caught in a desperate struggle to protect themselves from the infected. Carried by animals and humans, the virus turns those it infects into homicidal maniacs -- and it's absolutely impossible to contain.",2002-10-31,20.2763,7.246,/sQckQRt17VaWbo39GIu0TMOiszq.jpg,"Horror, Thriller, Science Fiction"
American Psycho,movie,"[53, 18, 80]","A wealthy New York investment banking executive hides his alternate psychopathic ego from his co-workers and friends as he escalates deeper into his illogical, gratuitous fantasies.",2000-04-13,23.3519,7.403,/9uGHEgsiUXjCNq8wdq4r49YL8A1.jpg,"Thriller, Drama, Crime"
Kiki's Delivery Service,movie,"[16, 10751, 14]","A young witch, on her mandatory year of independent life, finds fitting into a new community difficult while she supports herself by running an air courier service.",1989-07-29,26.851,7.84,/Aufa4YdZIv4AXpR9rznwVA5SEfd.jpg,"Animation, Family, Fantasy"
Scream VI,movie,"[27, 53, 80]","Following the latest Ghostface killings, the four survivors leave Woodsboro behind and start a fresh chapter.",2023-03-08,25.7599,6.929,/wDWwtvkRRlgTiUr6TyLSMX8FCuZ.jpg,"Horror, Thriller, Crime"
CODA,movie,"[18, 10402, 10749]","As a CODA (Child of Deaf Adults), Ruby is the only hearing person in her deaf family. When the family's fishing business is threatened, Ruby finds herself torn between pursuing her love of music and her fear of abandoning her parents.",2021-08-13,22.216,7.88,/BzVjmm8l23rPsijLiNLUzuQtyd.jpg,"Drama, Music, Romance"
The Marvels,movie,"[878, 12, 28]","When her duties send her to an anomalous wormhole linked to a Kree revolutionary, Carol's powers become entangled with that of Jersey City super-fan Kamala Khan, aka Ms. Marvel, and Carol's estranged niece, now S.A.B.E.R. astronaut Captain Monica Rambeau. Together, this unlikely trio must team up and learn to work in concert to save the universe.",2023-11-08,24.9327,5.914,/9GBhzXMFjgcZ3FdR9w3bUMMTps5.jpg,"Science Fiction, Adventure, Action"
Ant-Man and the Wasp: Quantumania,movie,"[28, 12, 878]","Super-Hero partners Scott Lang and Hope van Dyne, along with with Hope's parents Janet van Dyne and Hank Pym, and Scott's daughter Cassie Lang, find themselves exploring the Quantum Realm, interacting with strange new creatures and embarking on an adventure that will push them beyond the limits of what they thought possible.",2023-02-15,25.0267,6.223,/qnqGbB22YJ7dSs4o6M7exTpNxPz.jpg,"Action, Adventure, Science Fiction"
Encanto,movie,"[16, 35, 10751, 14]","The tale of an extraordinary family, the Madrigals, who live hidden in the mountains of Colombia, in a magical house, in a vibrant town, in a wondrous, charmed place called an Encanto. The magic of the Encanto has blessed every child in the family—every child except one, Mirabel. But when she discovers that the magic surrounding the Encanto is in danger, Mirabel decides that she, the only ordinary Madrigal, might just be her exceptional family's last hope.",2021-10-13,21.9134,7.565,/4j0PNHkMr5ax3IA8tjtxcmPU3QT.jpg,"Animation, Comedy, Family, Fantasy"
Fast & Furious Presents: Hobbs & Shaw,movie,"[28, 12, 35]","Ever since US Diplomatic Security Service Agent Hobbs and lawless outcast Shaw first faced off, they just have traded smack talk and body blows. But when cyber-genetically enhanced anarchist Brixton's ruthless actions threaten the future of humanity, they join forces to defeat him.",2019-07-31,20.4638,6.823,/qRyy2UmjC5ur9bDi3kpNNRCc5nc.jpg,"Action, Adventure, Comedy"
Men in Black,movie,"[28, 12, 35, 878]","After a police chase with an otherworldly being, a New York City cop is recruited as an agent in a top-secret organization established to monitor and police alien activity on Earth: the Men in Black. Agent K and new recruit Agent J find themselves in the middle of a deadly plot by an intergalactic terrorist who has arrived on Earth to assassinate two ambassadors from opposing galaxies.",1997-07-02,17.1041,7.227,/uLOmOF5IzWoyrgIF5MfUnh5pa1X.jpg,"Action, Adventure, Comedy, Science Fiction"
Godzilla: King of the Monsters,movie,"[878, 28]","Follows the heroic efforts of the crypto-zoological agency Monarch as its members face off against a battery of god-sized monsters, including the mighty Godzilla, who collides with Mothra, Rodan, and his ultimate nemesis, the three-headed King Ghidorah. When these ancient super-species, thought to be mere myths, rise again, they all vie for supremacy, leaving humanity's very existence hanging in the balance.",2019-05-29,21.5958,6.685,/mzOHg7Q5q9yUmY0b9Esu8Qe6Nnm.jpg,"Science Fiction, Action"
Guardians of the Galaxy,movie,"[28, 878, 12]","Light years from Earth, 26 years after being abducted, Peter Quill finds himself the prime target of a manhunt after discovering an orb wanted by Ronan the Accuser.",2014-07-30,19.5784,7.907,/r7vmZjiyZw9rpJMQJdXpjgiCOk9.jpg,"Action, Science Fiction, Adventure"
Furious 7,movie,"[28, 80, 53]",Deckard Shaw seeks revenge against Dominic Toretto and his family for his comatose brother.,2015-04-01,17.6927,7.214,/ktofZ9Htrjiy0P6LEowsDaxd3Ri.jpg,"Action, Crime, Thriller"
Kingdom 5: The Clash of Souls,movie,"[28, 12, 10752]","Except for the state of Qin, the six rival states join forces to form an allied army led by military adviser Riboku. The allied army then targets Qin. Meanwhile, Shin of Qin jumps into the war that will determine the fate of Qin.",2026-07-17,19.2673,8.5,/iSPPbrrkiiT2O8WkLjUL2YafEJw.jpg,"Action, Adventure, War"
Pixels,movie,"[28, 35, 878, 12, 14]",Video game experts are recruited by the military to fight 1980s-era video game characters who've attacked New York.,2015-07-16,24.4097,5.787,/d26S5EfVXLNxRXqyFy1yyl3qRq3.jpg,"Action, Comedy, Science Fiction, Adventure, Fantasy"
Cast Away,movie,"[12, 18]","Chuck Noland, a top international manager for FedEx, and Kelly, a Ph.D. student, are in love and heading towards marriage. Then Chuck's plane to Malaysia crashes at sea during a terrible storm. He's the only survivor, and finds himself marooned on a desolate island. With no way to escape, Chuck must find ways to survive in his new home.",2000-12-22,17.2143,7.667,/7lLJgKnAicAcR5UEuo8xhSMj18w.jpg,"Adventure, Drama"
Mufasa: The Lion King,movie,"[12, 10751, 16]","Mufasa, a cub lost and alone, meets a sympathetic lion named Taka, the heir to a royal bloodline. The chance meeting sets in motion an expansive journey of a group of misfits searching for their destiny.",2024-12-18,19.0772,7.29,/jbOSUAWMGzGL1L4EaUF8K6zYFo7.jpg,"Adventure, Family, Animation"
Amélie,movie,"[35, 10749]","At a tiny Parisian café, the adorable yet painfully shy Amélie accidentally discovers a gift for helping others. Soon Amelie is spending her days as a matchmaker, guardian angel, and all-around do-gooder. But when she bumps into a handsome stranger, will she find the courage to become the star of her very own love story?",2001-04-25,24.0066,7.919,/nSxDa3M9aMvGVLoItzWTepQ5h5d.jpg,"Comedy, Romance"
Sonic the Hedgehog 2,movie,"[28, 12, 10751, 35]","After settling in Green Hills, Sonic is eager to prove he has what it takes to be a true hero. His test comes when Dr. Robotnik returns, this time with a new partner, Knuckles, in search for an emerald that has the power to destroy civilizations. Sonic teams up with his own sidekick, Tails, and together they embark on a globe-trotting journey to find the emerald before it falls into the wrong hands.",2022-03-30,18.6043,7.419,/6DrHO1jr3qVrViUO6s6kFiAGM7.jpg,"Action, Adventure, Family, Comedy"
The Bad Guys,movie,"[28, 12, 16, 35, 80, 10751]","When the Bad Guys, a crew of criminal animals, are finally caught after years of heists and being the world’s most-wanted villains, Mr. Wolf brokers a deal to save them all from prison.",2022-03-17,18.0403,7.515,/7qop80YfuO0BwJa1uXk1DXUUEwv.jpg,"Action, Adventure, Animation, Comedy, Crime, Family"
The Boy and the Heron,movie,"[16, 14, 18]","While the Second World War rages, the teenage Mahito, haunted by his mother's tragic death, is relocated from Tokyo to the serene rural home of his new stepmother Natsuko, a woman who bears a striking resemblance to the boy's mother.  As he tries to adjust, this strange new world grows even stranger following the appearance of a persistent gray heron, who perplexes and bedevils Mahito, dubbing him the ""long-awaited one.""",2023-07-14,20.9157,7.385,/f4oZTcfGrVTXKTWg157AwikXqmP.jpg,"Animation, Fantasy, Drama"
Over Your Dead Body,movie,"[28, 35, 53]","A dysfunctional couple head to a remote cabin to ""reconnect"", but each has secret intentions to kill the other.",2026-03-14,21.2939,6.423,/kZCauMzAt9eMAhLMopCqnFw1Q5k.jpg,"Action, Comedy, Thriller"
Captain America: The Winter Soldier,movie,"[28, 12, 878]","After the cataclysmic events in New York with The Avengers, Steve Rogers, aka Captain America is living quietly in Washington, D.C. and trying to adjust to the modern world. But when a S.H.I.E.L.D. colleague comes under attack, Steve becomes embroiled in a web of intrigue that threatens to put the world at risk. Joining forces with the Black Widow, Captain America struggles to expose the ever-widening conspiracy while fighting off professional assassins sent to silence him at every turn. When the full scope of the villainous plot is revealed, Captain America and the Black Widow enlist the help of a new ally, the Falcon. However, they soon find themselves up against an unexpected and formidable enemy—the Winter Soldier.",2014-03-20,20.0862,7.654,/tVFRpFw3xTedgPGqxW0AOI8Qhh0.jpg,"Action, Adventure, Science Fiction"
The Secret Life of Pets 2,movie,"[16, 35, 10751, 12]","Max the terrier must cope with some major life changes when his owner gets married and has a baby. When the family takes a trip to the countryside, nervous Max has numerous run-ins with canine-intolerant cows, hostile foxes and a scary turkey. Luckily for Max, he soon catches a break when he meets Rooster, a gruff farm dog who tries to cure the lovable pooch of his neuroses.",2019-05-24,20.8609,6.948,/s9xg4V5EDKiphgIksVJ9gewBM11.jpg,"Animation, Comedy, Family, Adventure"
Elio,movie,"[16, 12, 878, 10751, 35]","Elio, a space fanatic with an active imagination, finds himself on a cosmic misadventure where he must form new bonds with eccentric alien lifeforms, navigate a crisis of intergalactic proportions and somehow discover who he is truly meant to be.",2025-06-18,22.657,6.92,/7z8jDiTZZco9moIKpTUImFtTy7o.jpg,"Animation, Adventure, Science Fiction, Family, Comedy"
Madagascar: Escape 2 Africa,movie,"[12, 16, 35, 10751]","Alex, Marty, and other zoo animals find a way to escape from Madagascar when the penguins reassemble a wrecked airplane. The precariously repaired craft stays airborne just long enough to make it to the African continent. There the New Yorkers encounter members of their own species for the first time. Africa proves to be a wild place, but Alex and company wonder if it is better than their Central Park home.",2008-10-30,19.9306,6.532,/agRbLOHgN46TQO4YdKR462iR7To.jpg,"Adventure, Animation, Comedy, Family"
Legend,movie,"[12, 14]","Set in a timeless mythical forest inhabited by fairies, goblins, unicorns and mortals, this fantastic story follows a mystical forest dweller, chosen by fate, to undertake a heroic quest. He must save the beautiful Princess  Lili and defeat the demonic Lord of Darkness, or the world will be plunged into a never-ending ice age.",1985-08-28,22.4889,6.258,/6n3PQSYpZRK5YPk2w8JEwED7AZk.jpg,"Adventure, Fantasy"
Rise of the Planet of the Apes,movie,"[53, 28, 18, 878]","A highly intelligent chimpanzee named Caesar has been living a peaceful suburban life ever since he was born. But when he gets taken to a cruel primate facility, Caesar decides to revolt against those who have harmed him.",2011-08-03,21.6994,7.353,/oqA45qMyyo1TtrnVEBKxqmTPhbN.jpg,"Thriller, Action, Drama, Science Fiction"
The Thing,movie,"[27, 9648, 878]",A research team in Antarctica is hunted by a shape-shifting alien that assumes the appearance of its victims.,1982-06-25,23.0452,8.073,/tzGY49kseSE9QAKk47uuDGwnSCu.jpg,"Horror, Mystery, Science Fiction"
The Dreamers,movie,"[18, 10749]","When Isabelle and Theo invite Matthew to stay with them, what begins as a casual friendship ripens into a sensual voyage of discovery and desire in which nothing is off limits and everything is possible.",2003-10-10,20.7456,7.179,/gBb7GGaFYPu7nEUYvC8G4LaJJN1.jpg,"Drama, Romance"
Jack Reacher,movie,"[80, 18, 53, 28]","One morning in an ordinary town, five people are shot dead in a seemingly random attack. All evidence points to a single suspect: an ex-military sniper who is quickly brought into custody. The interrogation yields one written note: 'Get Jack Reacher!'. Reacher, an enigmatic ex-Army investigator, believes the authorities have the right man but agrees to help the sniper's defense attorney. However, the more Reacher delves into the case, the less clear-cut it appears. So begins an extraordinary chase for the truth, pitting Jack Reacher against an unexpected enemy, with a skill for violence and a secret to keep.",2012-12-20,18.5745,6.677,/uQBbjrLVsUibWxNDGA4Czzo8lwz.jpg,"Crime, Drama, Thriller, Action"
9 Songs,movie,"[18, 10402, 10749]","Matt, a young glaciologist, soars across the vast, silent, icebound immensities of the South Pole as he recalls his love affair with Lisa. They meet at a mobbed rock concert in a vast music hall - London's Brixton Academy. They are in bed at night's end. Together, over a period of several months, they pursue a mutual sexual passion whose inevitable stages unfold in counterpoint to nine live-concert songs.",2004-07-16,19.7499,5.539,/91O7z0vo7MiNWd5xD2BoivwbQsb.jpg,"Drama, Music, Romance"
I Am Legend,movie,"[18, 878, 53]","Robert Neville is a scientist who was unable to stop the spread of the terrible virus that was incurable and man-made. Immune, Neville is now the last human survivor in what is left of New York City and perhaps the world. For three years, Neville has faithfully sent out daily radio messages, desperate to find any other survivors who might be out there. But he is not alone.",2007-12-12,20.5936,7.223,/iPDkaSdKk2jRLTM65UOEoKtsIZ8.jpg,"Drama, Science Fiction, Thriller"
THE RIBBON HERO,movie,"[16, 14, 18, 28]","When the monstrous Nergal devastates her kingdom, Princess Sapphire reawakens as the Ribbon Hero and fights to save her new home from the same dark fate.",2026-08-07,19.3044,6.31,/nUCkV0iODxbULZQ5vRN1sDjPrpk.jpg,"Animation, Fantasy, Drama, Action"
Cruella,movie,"[35, 80, 18]","In 1970s London amidst the punk rock revolution, a young grifter named Estella is determined to make a name for herself with her designs. She befriends a pair of young thieves who appreciate her appetite for mischief, and together they are able to build a life for themselves on the London streets. One day, Estella’s flair for fashion catches the eye of the Baroness von Hellman, a fashion legend who is devastatingly chic and terrifyingly haute. But their relationship sets in motion a course of events and revelations that will cause Estella to embrace her wicked side and become the raucous, fashionable and revenge-bent Cruella.",2021-05-26,19.5672,7.967,/hjS9mH8KvRiGHgjk6VUZH7OT0Ng.jpg,"Comedy, Crime, Drama"
Halloween,movie,"[27, 53]","Fifteen years after murdering his sister on Halloween Night 1963, Michael Myers escapes from a mental hospital and returns to the small town of Haddonfield, Illinois to kill again.",1978-10-24,19.3508,7.557,/wijlZ3HaYMvlDTPqJoTCWKFkCPU.jpg,"Horror, Thriller"
Divergent,movie,"[28, 12, 878]","In a world divided into factions based on personality types, Tris learns that she's been classified as Divergent and won't fit in. When she discovers a plot to destroy Divergents, Tris and the mysterious Four must find out what makes Divergents dangerous before it's too late.",2014-03-14,16.6172,6.9,/aNh4Q3iuPKDMPi2SL7GgOpiLukX.jpg,"Action, Adventure, Science Fiction"
Turning Red,movie,"[16, 10751, 35, 14]","Thirteen-year-old Mei is experiencing the awkwardness of being a teenager with a twist – when she gets too excited, she transforms into a giant red panda.",2022-03-10,19.2081,7.3,/qsdjk9oAKSQMWs0Vt5Pyfh6O4GZ.jpg,"Animation, Family, Comedy, Fantasy"
The Parent Trap,movie,"[35, 10751, 10749]","Hallie Parker and Annie James are identical twins who were separated at a young age due to their parents' divorce. Unbeknownst to their parents, the girls are sent to the same summer camp, where they meet, discover the truth about their relationship, and come up with a plan to switch places in an effort to reunite their mother and father.",1998-07-28,22.0794,7.216,/p4dGmi8u9W0HHyVXcgWPoiFfKTF.jpg,"Comedy, Family, Romance"
Scream,movie,"[80, 27, 9648]","A year after the murder of her mother, a teenage girl is terrorized by a masked killer who targets her and her friends by using scary movies as part of a deadly game.",1996-12-20,19.6381,7.432,/lr9ZIrmuwVmZhpZuTCW8D9g0ZJe.jpg,"Crime, Horror, Mystery"
Puss in Boots,movie,"[28, 12, 16, 35, 10751]","Long before he even met Shrek, the notorious fighter, lover and outlaw Puss in Boots becomes a hero when he sets off on an adventure with the tough and street smart Kitty Softpaws and the mastermind Humpty Dumpty to save his town. This is the true story of The Cat, The Myth, The Legend... The Boots.",2011-10-27,21.1502,6.617,/7a5Jzjr9TmffGy76y1SZhn3sCiz.jpg,"Action, Adventure, Animation, Comedy, Family"
Pirates of the Caribbean: Dead Men Tell No Tales,movie,"[12, 28, 14]","Thrust into an all-new adventure, a down-on-his-luck Capt. Jack Sparrow feels the winds of ill-fortune blowing even more strongly when deadly ghost sailors led by his old nemesis, the evil Capt. Salazar, escape from the Devil's Triangle. Jack's only hope of survival lies in seeking out the legendary Trident of Poseidon, but to find it, he must forge an uneasy alliance with a brilliant and beautiful astronomer and a headstrong young man in the British navy.",2017-05-23,18.6141,6.664,/6lAPOAFYFWIO3SQRemEY2wInQMC.jpg,"Adventure, Action, Fantasy"
A Quiet Place,movie,"[27, 18, 878]",A family is forced to live in silence while hiding from creatures that hunt by sound.,2018-04-03,26.8223,7.395,/nAU74GmpUk7t5iklEp3bufwDq4n.jpg,"Horror, Drama, Science Fiction"
Aliens,movie,"[28, 53, 878]","Ripley, the sole survivor of the Nostromo's deadly encounter with the monstrous Alien, returns to Earth after drifting through space in hypersleep for 57 years. Although her story is initially met with skepticism, she agrees to accompany a team of Colonial Marines back to LV-426.",1986-07-18,21.5762,7.966,/r1x5JGpyqZU8PYhbs4UcrO1Xb6x.jpg,"Action, Thriller, Science Fiction"
Event Horizon,movie,"[27, 878, 9648]","In 2047, a group of astronauts are sent to investigate and salvage the starship Event Horizon which disappeared mysteriously seven years before on its maiden voyage. However, it soon becomes evident that something sinister resides in its corridors.",1997-08-15,25.9125,6.593,/qfluaDXv0cIdLwgQWzNB2piHL2q.jpg,"Horror, Science Fiction, Mystery"
Anaconda,movie,"[12, 35, 27]","A group of friends facing mid-life crises head to the rainforest with the intention of remaking their favorite movie from their youth, only to find themselves in a fight for their lives against natural disasters, giant snakes and violent criminals.",2025-12-24,19.9631,5.811,/hBxN6dwrANN1ic3a4G9x6JZcR3C.jpg,"Adventure, Comedy, Horror"
Ready or Not,movie,"[27, 35]",A young bride's wedding night turns into her worst nightmare when her ridiculously rich in-laws force her to play a gruesome game of hide-and-seek.,2019-08-21,20.726,7.096,/oJD9KQFoObZmxAS1je56SIFVNJt.jpg,"Horror, Comedy"
Melancoly Baby,movie,"[10749, 18]","Olga is married to Laurent, who is devoted to his career and often leaves Olga at home alone when he travels away for work.  Whilst she is rich and wants for nothing, she is terribly bored with life.  When Laurent is working away she meets up with his colleague Pierre and through him meets Claude, who is unemployed and fed up of his situation.  Can Olga and Claude help each other to get their lives back on track?",1979-08-29,16.6637,6.333,/uArNywm0DsF9pts3v8QXS9iZ5Yy.jpg,"Romance, Drama"
John Wick,movie,"[28, 53]",Ex-hitman John Wick comes out of retirement to track down the gangsters that took everything from him.,2014-10-16,19.2953,7.463,/wXqWR7dHncNRbxoEGybEy7QTe9h.jpg,"Action, Thriller"
Akira,movie,"[16, 878, 28]",A secret military project endangers Neo-Tokyo when it turns a biker gang member into a rampaging psychic psychopath that only two teenagers and a group of psychics can stop.,1988-06-10,19.8945,7.94,/neZ0ykEsPqxamsX6o5QNUFILQrz.jpg,"Animation, Science Fiction, Action"
Companion,movie,"[27, 878, 53]","During a weekend getaway at a secluded lakeside estate, a group of friends finds themselves entangled in a web of secrets, deception, and advanced technology. As tensions rise and loyalties are tested, they uncover unsettling truths about themselves and the world around them.",2025-01-22,18.3952,7.003,/oCoTgC3UyWGfyQ9thE10ulWR7bn.jpg,"Horror, Science Fiction, Thriller"
The Da Vinci Code,movie,"[53, 9648]","A murder in Paris’ Louvre Museum and cryptic clues in some of Leonardo da Vinci’s most famous paintings lead to the discovery of a religious mystery. For 2,000 years a secret society closely guards information that — should it come to light — could rock the very foundations of Christianity.",2006-05-17,21.4542,6.734,/9ejKfNk0LBhSI9AahH4f9NJNZNM.jpg,"Thriller, Mystery"
Gladiator II,movie,"[28, 12, 18]","Years after witnessing the death of the revered hero Maximus at the hands of his uncle, Lucius is forced to enter the Colosseum after his home is conquered by the tyrannical Emperors who now lead Rome with an iron fist. With rage in his heart and the future of the Empire at stake, Lucius must look to his past to find strength and honor to return the glory of Rome to its people.",2024-11-13,20.6516,6.598,/2cxhvwyEwRlysAmRH4iodkvo0z5.jpg,"Action, Adventure, Drama"
Captain America: The First Avenger,movie,"[28, 12, 878]","During World War II, Steve Rogers is a sickly man from Brooklyn who's transformed into super-soldier Captain America to aid in the war effort. Rogers must stop the Red Skull – Adolf Hitler's ruthless head of weaponry, and the leader of an organization that intends to use a mysterious device of untold powers for world domination.",2011-07-22,19.6776,7.01,/vSNxAJTlD0r02V9sPYpOjqDZXUK.jpg,"Action, Adventure, Science Fiction"
Five Nights at Freddy's,movie,"[27, 53]","Recently fired and desperate for work, a troubled young man named Mike agrees to take a position as a night security guard at an abandoned theme restaurant: Freddy Fazbear's Pizzeria. But he soon discovers that nothing at Freddy's is what it seems.",2023-10-25,17.6466,7.28,/7BpNtNfxuocYEVREzVMO75hso1l.jpg,"Horror, Thriller"
The Grand Budapest Hotel,movie,"[35, 18]","The Grand Budapest Hotel tells of a legendary concierge at a famous European hotel between the wars and his friendship with a young employee who becomes his trusted protégé. The story involves the theft and recovery of a priceless Renaissance painting, the battle for an enormous family fortune and the slow and then sudden upheavals that transformed Europe during the first half of the 20th century.",2014-02-26,22.1709,8.025,/eWdyYQreja6JGCzqHWXpWHDrrPo.jpg,"Comedy, Drama"
Saw,movie,"[27, 9648, 80]","Two men wake up to find themselves shackled in a grimy, abandoned bathroom. As they struggle to comprehend their predicament, they discover a disturbing tape left behind by the sadistic mastermind known as Jigsaw. With a chilling voice and cryptic instructions, Jigsaw informs them that they must partake in a gruesome game in order to secure their freedom.",2004-10-01,18.1686,7.427,/rLNSOudrayDBo1uqXjrhxcjODIC.jpg,"Horror, Mystery, Crime"
The Menu,movie,"[35, 27]","A young couple travels to a remote island to eat at an exclusive restaurant where the chef has prepared a lavish menu, with some shocking surprises.",2022-11-17,19.5209,7.182,/fPtUgMcLIboqlTlPrq0bQpKK8eq.jpg,"Comedy, Horror"
The SpongeBob SquarePants Movie,movie,"[12, 16, 35, 10751, 14]","There's trouble brewing in Bikini Bottom. Someone has stolen King Neptune's crown, and it looks like Mr. Krab, SpongeBob's boss, is the culprit. Though he's just been passed over for the promotion of his dreams, SpongeBob stands by his boss, and along with his best pal Patrick, sets out on a treacherous mission to Shell City to reclaim the crown and save Mr. Krab's life.",2004-11-19,18.9114,7.104,/1rvzKV1d18EbDVaEd4VDzK3cgnY.jpg,"Adventure, Animation, Comedy, Family, Fantasy"
The Stain,movie,"[27, 53, 10749]","When Malee, a young woman with a dark past, is drawn by fate to an apartment where she must confront haunting memories from her childhood, she encounters Pran, a botanist, a tea blending master, and the founder of a Thai floral tea brand.",2026-02-26,15.9513,4.7,/vPxVvwMduxySggqEyHpwQNtjbx6.jpg,"Horror, Thriller, Romance"
Vixen!,movie,[18],"In a Canadian mountain resort, Vixen Palmer resides with her naive pilot husband Tom. While he's away flying in tourists, she sleeps with practically everybody including a husband and his wife, and even her biker brother. However, the only one she won't bed is her brother's friend... who is Black.",1968-10-15,23.7241,5.523,/9KMZWDA3xTrlgrScqdMisINQmsh.jpg,Drama
A Bug's Life,movie,"[12, 16, 35, 10751]","On behalf of ""oppressed bugs everywhere,"" an inventive ant named Flik hires a troupe of warrior bugs to defend his bustling colony from a horde of freeloading grasshoppers led by the evil-minded Hopper.",1998-11-25,19.3964,6.982,/Ah3J9OJVc2CNCuH2zMydXy9fmIC.jpg,"Adventure, Animation, Comedy, Family"
The Sixth Sense,movie,"[9648, 53, 18]","Following an unexpected tragedy, child psychologist Malcolm Crowe meets a nine year old boy named Cole Sear, who is hiding a dark secret.",1999-08-06,20.7982,7.954,/vOyfUXNFSnaTk7Vk5AjpsKTUWsu.jpg,"Mystery, Thriller, Drama"
Wreck-It Ralph,movie,"[10751, 16, 35, 12]","Wreck-It Ralph is the 9-foot-tall, 643-pound villain of an arcade video game named Fix-It Felix Jr., in which the game's titular hero fixes buildings that Ralph destroys. Wanting to prove he can be a good guy and not just a villain, Ralph escapes his game and lands in Hero's Duty, a first-person shooter where he helps the game's hero battle against alien invaders. He later enters Sugar Rush, a kart racing game set on tracks made of candies, cookies and other sweets. There, Ralph meets Vanellope von Schweetz who has learned that her game is faced with a dire threat that could affect the entire arcade, and one that Ralph may have inadvertently started.",2012-11-01,19.8646,7.361,/nrEupcBwf4O1zihCM34NoXusZDq.jpg,"Family, Animation, Comedy, Adventure"
Once Upon a Time in the West,movie,"[18, 37]","As the railroad builders advance unstoppably through the Arizona desert on their way to the sea, Jill arrives in the small town of Flagstone with the intention of starting a new life.",1968-12-21,16.9453,8.268,/qbYgqOczabWNn2XKwgMtVrntD6P.jpg,"Drama, Western"
Transformers: Age of Extinction,movie,"[878, 28, 12]","As humanity picks up the pieces after the battle of Chicago, a shadowy group reveals itself in an attempt to control the direction of history…while an ancient, powerful new menace sets Earth in its crosshairs. With help from Cade Yeager, Optimus Prime and the Autobots rise to meet their most fearsome challenge yet.",2014-06-25,19.3503,5.972,/jyzrfx2WaeY60kYZpPYepSjGz4S.jpg,"Science Fiction, Action, Adventure"
Total Recall,movie,"[28, 12, 878]","Construction worker Douglas Quaid's obsession with the planet Mars leads him to visit Rekall, a virtual vacation company that manufactures memories. When something goes wrong during Quaid's memory implant procedure, his life turns upside down, leading him to question what is reality and what isn't.",1990-06-01,20.9166,7.328,/wVbeL6fkbTKSmNfalj4VoAUUqJv.jpg,"Action, Adventure, Science Fiction"
Irreversible,movie,"[18, 53, 80]",A woman’s lover and her ex-boyfriend take justice into their own hands after she becomes the victim of a rapist. Because some acts can’t be undone. Because man is an animal. Because the desire for vengeance is a natural impulse. Because most crimes remain unpunished.,2002-05-22,18.5461,7.17,/rxeDxo8FvZpLu6iplNpxdtAVnfu.jpg,"Drama, Thriller, Crime"
Your Fault: London,movie,"[10749, 18]","Nick and Noah are both embarking on life-changing adventures that are threatening to pull them apart—Nick in business with his father and Noah starting a fresh chapter at Oxford University. Now living separate lives, and meeting new people, they find themselves entangled in temptations, rivalries, and betrayals and their bond is tested like never before. As secrets unravel and temptation rises, they must fight to hold onto each other—or risk losing everything.",2026-06-17,17.6267,7.474,/nLxu237EJAisFCYKK48hN9Plobx.jpg,"Romance, Drama"
JUJUTSU KAISEN: Execution,movie,"[16, 28, 14]","A veil abruptly descends over the busy Shibuya area amid the bustling Halloween crowds, trapping countless civilians inside. Satoru Gojo, the strongest jujutsu sorcerer, steps into the chaos. But lying in wait are curse users and spirits scheming to seal him away. Yuji Itadori, accompanied by his classmates and other top-tier jujutsu sorcerers, enters the fray in an unprecedented clash of curses — the Shibuya Incident. In the aftermath, ten colonies across Japan are transformed into dens of curses in a plan orchestrated by Noritoshi Kamo. As the deadly Culling Game starts, Special Grade sorcerer Yuta Okkotsu is assigned to carry out Yuji's execution for his perceived crimes. A compilation movie of Shibuya Incident including the first two episodes of the Culling Games arc.",2025-11-07,18.7025,6.1,/v0s3dx6am0RzfsuK3KdEy8ZoCDs.jpg,"Animation, Action, Fantasy"
Maleficent,movie,"[14, 12, 28, 10751, 10749]","A beautiful, pure-hearted young woman, Maleficent has an idyllic life growing up in a peaceable forest kingdom, until one day when an invading army threatens the harmony of the land. She rises to be the land's fiercest protector, but she ultimately suffers a ruthless betrayal – an act that begins to turn her heart into stone. Bent on revenge, Maleficent faces an epic battle with the invading King's successor and, as a result, places a curse upon his newborn infant Aurora. As the child grows, Maleficent realizes that Aurora holds the key to peace in the kingdom – and to Maleficent's true happiness as well.",2014-05-28,18.6261,7.09,/ik8PugpL41s137RAWEGTAWu0dPo.jpg,"Fantasy, Adventure, Action, Family, Romance"
Sin City: A Dame to Kill For,movie,"[28, 80, 53]",Some of Sin City's most hard-boiled citizens cross paths with a few of its more reviled inhabitants.,2014-08-20,16.924,6.402,/50kALxDX4mmzIRljbNbPY0u4cie.jpg,"Action, Crime, Thriller"
The Nun,movie,[27],A priest with a dark past and a novice nearing her final vows are sent by the Vatican to Romania to investigate a nun's death and face a demonic force.,2018-09-05,20.4122,5.908,/sFC1ElvoKGdHJIWRpNB3xWJ9lJA.jpg,Horror
Terminator: Dark Fate,movie,"[878, 28, 12, 53]","Decades after Sarah Connor prevented Judgment Day, a lethal new Terminator is sent to eliminate the future leader of the resistance. In a fight to save mankind, battle-hardened Sarah Connor teams up with an unexpected ally and an enhanced super soldier to stop the deadliest Terminator yet.",2019-10-23,17.2392,6.421,/vqzNJRH4YyquRiWxCCOH0aXggHI.jpg,"Science Fiction, Action, Adventure, Thriller"
Exchange Wife 2,movie,"[10749, 18]","Kyeong-soo, an art dealer who specializes in painting, goes to evaluate the requested painting and accidentally damages it. Chang-in, the owner of the painting, suggests one thing from Kyung-soo, who was at a loss.",2023-02-03,18.021,6.0,/9ZzZUuMNoCRdPpNrSKYZSvRzc5w.jpg,"Romance, Drama"
Practical Magic 2,movie,"[10749, 14, 35]",The Owens sisters must confront the dark curse that threatens to unravel their family once and for all.,2026-09-09,19.6741,0.0,/2lSf1aoZA6UpTEBxVGqnJ7QayIP.jpg,"Romance, Fantasy, Comedy"
My Neighbor Totoro,movie,"[14, 16, 10751]","Two sisters move to the country with their father in order to be closer to their hospitalized mother, and discover the surrounding trees are inhabited by Totoros, magical spirits of the forest. When the youngest runs away from home, the older sister seeks help from the spirits to find her.",1988-04-16,17.2039,8.067,/rtGDOeG9LzoerkDGZF9dnVeLppL.jpg,"Fantasy, Animation, Family"
Girls Like Girls,movie,"[10749, 18]","After her mother's passing, 17-year-old Coley navigates new feelings of intimacy with Sonya in rural Oregon, where both girls must overcome their mutual uncertainties and self-doubt to embrace their connection.",2026-06-18,23.4833,7.5,/gbP30EOIwUW0HZY9BwQMTRrk8uX.jpg,"Romance, Drama"
Dungeons & Dragons: Honor Among Thieves,movie,"[12, 14, 35]","A charming thief and a band of unlikely adventurers undertake an epic heist to retrieve a lost relic, but things go dangerously awry when they run afoul of the wrong people.",2023-03-23,20.7315,7.357,/v7UF7ypAqjsFZFdjksjQ7IUpXdn.jpg,"Adventure, Fantasy, Comedy"
Monsters vs Aliens,movie,"[16, 10751, 12, 878]","When Susan Murphy is unwittingly clobbered by a meteor full of outer space gunk on her wedding day, she mysteriously grows to 49-feet-11-inches. The military jumps into action and captures Susan, secreting her away to a covert government compound. She is renamed Ginormica and placed in confinement with a ragtag group of Monsters...",2009-03-19,15.4259,6.265,/hpHarddVj34j53T7NsoUGdKj4mP.jpg,"Animation, Family, Adventure, Science Fiction"
The Matrix Resurrections,movie,"[878, 28, 12]","Plagued by strange memories, Neo's life takes an unexpected turn when he finds himself back inside the Matrix.",2021-12-16,20.9092,6.309,/8c4a8kE7PizaGQQnditMmI1xbRp.jpg,"Science Fiction, Action, Adventure"
Lilo & Stitch,movie,"[16, 10751, 35, 878]","As Stitch, a runaway genetic experiment from a faraway planet, wreaks havoc on the Hawaiian Islands, he becomes the mischievous adopted alien ""puppy"" of an independent little girl named Lilo and learns about loyalty, friendship, and ʻohana, the Hawaiian tradition of family.",2002-06-21,19.6915,7.559,/cFuLvQJPoZpuruAtN3rVnMmLIH8.jpg,"Animation, Family, Comedy, Science Fiction"
Wifelike,movie,"[878, 9648, 53]","A grieving detective in the near-future hunts down criminals who trade artificial humans on the black market. In the fight to end AI exploitation, an underground resistance attempts to infiltrate him by sabotaging the programming of the artificial human assigned as his companion to behave like his late wife. She begins to question her reality as memories of a past life begin to surface in a world where nothing is as it seems.",2022-08-12,17.8849,6.592,/tea2gDZPxw0wfKC2S2VRWHagtt4.jpg,"Science Fiction, Mystery, Thriller"
Black Swan,movie,"[18, 53, 27]","A committed dancer struggles to maintain her sanity after winning the lead role in a production of Tchaikovsky's ""Swan Lake.""",2010-12-03,24.8964,7.684,/viWheBd44bouiLCHgNMvahLThqx.jpg,"Drama, Thriller, Horror"
Baby Driver,movie,"[28, 80]","After being coerced into working for a crime boss, a young getaway driver finds himself taking part in a heist doomed to fail.",2017-06-28,18.8732,7.444,/tYzFuYXmT8LOYASlFCkaPiAFAl0.jpg,"Action, Crime"
Birdman or (The Unexpected Virtue of Ignorance),movie,"[18, 35]","A fading actor best known for his portrayal of a popular superhero attempts to mount a comeback by appearing in a Broadway play. As opening night approaches, his attempts to become more altruistic, rebuild his career, and reconnect with friends and family prove more difficult than expected.",2014-10-17,21.352,7.436,/rHUg2AuIuLSIYMYFgavVwqt1jtc.jpg,"Drama, Comedy"
Meg 2: The Trench,movie,"[28, 878, 27]",An exploratory dive into the deepest depths of the ocean of a daring research team spirals into chaos when a malevolent mining operation threatens their mission and forces them into a high-stakes battle for survival.,2023-08-02,18.0603,6.366,/4m1Au3YkjqsxF8iwQy0fPYSxE0h.jpg,"Action, Science Fiction, Horror"
Mission: Impossible II,movie,"[12, 28, 53]","With computer genius Luther Stickell at his side and a beautiful thief on his mind, agent Ethan Hunt races across Australia and Spain to stop a former IMF agent from unleashing a genetically engineered biological weapon called Chimera. This mission, should Hunt choose to accept it, plunges him into the center of an international crisis of terrifying magnitude.",2000-05-24,20.5964,6.138,/hfnrual76gPeNFduhD4xzHWpfTw.jpg,"Adventure, Action, Thriller"
The Little Mermaid,movie,"[16, 10751, 14]",This colorful adventure tells the story of an impetuous mermaid princess named Ariel who falls in love with the very human Prince Eric and puts everything on the line for the chance to be with him. Memorable songs and characters -- including the villainous sea witch Ursula.,1989-11-17,18.6867,7.353,/plcZXvI310FkbwIptvd6rqk63LP.jpg,"Animation, Family, Fantasy"
Fuze,movie,"[28, 80, 53]",An unexploded WWII bomb is discovered on a busy construction site in the centre of London. Chaos ensues as the military and police begin a mass evacuation against a ticking clock.,2026-03-23,17.1602,7.258,/oMFdQE5hMJ9JjhNORegwTo0GKmh.jpg,"Action, Crime, Thriller"
Nobody,movie,"[28, 53]","Hutch Mansell, a suburban dad, overlooked husband, nothing neighbor — a ""nobody."" When two thieves break into his home one night, Hutch's unknown long-simmering rage is ignited and propels him on a brutal path that will uncover dark secrets he fought to leave behind.",2021-03-18,17.6762,7.865,/oBgWY00bEFeZ9N25wWVyuQddbAo.jpg,"Action, Thriller"
Jack Reacher: Never Go Back,movie,"[28, 53, 18, 80]","Years after resigning command of an elite military police unit, the nomadic, righter-of-wrongs Reacher is drawn back into the life he left behind when his friend and successor, Major Susan Turner is framed for espionage. Reacher will stop at nothing to prove her innocence and to expose the real perpetrators behind the killings of his former soldiers.",2016-10-19,18.8419,6.032,/cOg3UT2NYWHZxp41vpxAnVCOC4M.jpg,"Action, Thriller, Drama, Crime"
Jack Reacher: Never Go Back,movie,"[28, 53, 18, 80]","Years after resigning command of an elite military police unit, the nomadic, righter-of-wrongs Reacher is drawn back into the life he left behind when his friend and successor, Major Susan Turner is framed for espionage. Reacher will stop at nothing to prove her innocence and to expose the real perpetrators behind the killings of his former soldiers.",2016-10-19,18.8419,6.032,/cOg3UT2NYWHZxp41vpxAnVCOC4M.jpg,"Action, Thriller, Drama, Crime"
Edge of Tomorrow,movie,"[28, 878]","Major Bill Cage is an officer who has never seen a day of combat when he is unceremoniously demoted and dropped into combat. Cage is killed within minutes, managing to take an alpha alien down with him. He awakens back at the beginning of the same day and is forced to fight and die again... and again - as physical contact with the alien has thrown him into a time loop.",2014-05-27,21.1915,7.642,/nBM9MMa2WCwvMG4IJ3eiGUdbPe6.jpg,"Action, Science Fiction"
Kingsman: The Golden Circle,movie,"[28, 12, 35, 80, 878]","When an attack on the Kingsman headquarters takes place and a new villain rises, Eggsy and Merlin are forced to work together with the American agency known as the Statesman to save the world.",2017-09-20,20.189,6.942,/34xBL6BXNYFqtHO9zhcgoakS4aP.jpg,"Action, Adventure, Comedy, Crime, Science Fiction"
The Hunger Games: Catching Fire,movie,"[12, 28, 878]","After surviving the Hunger Games, Katniss and Peeta struggle with the consequences of their victory as unrest spreads across Panem. Forced back into the spotlight, they become symbols of hope and resistance while the Capitol prepares a new and deadly challenge that will change the future of the nation forever.",2013-11-15,21.4451,7.425,/vrQHDXjVmbYzadOXQ0UaObunoy2.jpg,"Adventure, Action, Science Fiction"
American Gangster,movie,"[18, 80]","Loosely based on the criminal career of Frank Lucas, a gangster from La Grange, North Carolina, who smuggled heroin into the United States on American service planes returning from the Vietnam War, before being detained by a task force led by Newark Detective Richie Roberts.",2007-11-02,20.9976,7.594,/sX9idXDqRUxE5ffww3n3RV5gL55.jpg,"Drama, Crime"
Greenland,movie,"[53, 28, 878]","John Garrity, his estranged wife and their young son embark on a perilous journey to find sanctuary as a planet-killing comet hurtles toward Earth. Amid terrifying accounts of cities getting levelled, the Garritys experience the best and worst in humanity. As the countdown to the global apocalypse approaches zero, their incredible trek culminates in a desperate and last-minute flight to a possible safe haven.",2020-07-29,21.4964,7.123,/bNo2mcvSwIvnx8K6y1euAc1TLVq.jpg,"Thriller, Action, Science Fiction"
There Will Be Blood,movie,[18],"Ruthless silver miner, turned oil prospector, Daniel Plainview, moves to oil-rich California. Using his son to project a trustworthy, family-man image, Plainview cons local landowners into selling him their valuable properties for a pittance. However, local preacher Eli Sunday suspects Plainview's motives and intentions, starting a slow-burning feud that threatens both their lives.",2007-12-26,20.0589,8.064,/fa0RDkAlCec0STeMNAhPaF89q6U.jpg,Drama
Basic Instinct,movie,"[53, 9648]","Catherine, a novelist with an insatiable sexual appetite, becomes a prime suspect when her boyfriend is brutally murdered -- a crime she had described in her latest story.",1992-03-20,18.2937,6.946,/76Ts0yoHk8kVQj9MMnoMixhRWoh.jpg,"Thriller, Mystery"
Cinderella,movie,"[10751, 14, 16, 10749]","Cinderella has faith her dreams of a better life will come true. With help from her loyal mice friends and a wave of her Fairy Godmother's wand, Cinderella's rags are magically turned into a glorious gown and off she goes to the Royal Ball. But when the clock strikes midnight, the spell is broken, leaving a single glass slipper... the only key to the ultimate fairy-tale ending!",1950-02-22,23.5857,7.052,/4nssBcQUBadCTBjrAkX46mVEKts.jpg,"Family, Fantasy, Animation, Romance"
Adultery Alumni Association 2,movie,"[18, 10749]","Hye Jin, Hee Kyung, and Han Hee who are among the high school alumni. They met at the alumni meeting and heard that the male alumni who did not have a chance to study during their school days were greatly successful as an investment company. And after seeing the settlement a few days later, I am happy to share my memories, but in fact, their purpose (?) Is separate. They are difficult to afford, and they want to get help from Zhengzhou. Since then, Zhengzhou has been enjoying the love of female alumni.",2019-02-18,17.0908,4.7,/wJHAEuL4ObSAp33T2iADrti0fAM.jpg,"Drama, Romance"
Braveheart,movie,"[28, 18, 36, 10752]","Enraged at the slaughter of Murron, his new bride and childhood love, Scottish warrior William Wallace slays a platoon of the local English lord's soldiers. This leads the village to revolt and, eventually, the entire country to rise up against English rule.",1995-05-24,18.5109,7.945,/or1gBugydmjToAEq7OZY0owwFk.jpg,"Action, Drama, History, War"
A Quiet Place Part II,movie,"[878, 53, 27]","Following the events at home, the Abbott family now face the terrors of the outside world. Forced to venture into the unknown, they realize that the creatures that hunt by sound are not the only threats that lurk beyond the sand path.",2021-05-21,22.9254,7.428,/4q2hz2m8hubgvijz8Ez0T2Os2Yv.jpg,"Science Fiction, Thriller, Horror"
Apocalypto,movie,"[28, 18, 36]","Set in the Mayan civilization, when a man's idyllic presence is brutally disrupted by a violent invading force, he is taken on a perilous journey to a world ruled by fear and oppression where a harrowing end awaits him. Through a twist of fate and spurred by the power of his love for his woman and his family he will make a desperate break to return home and to ultimately save his way of life.",2006-12-07,23.1496,7.662,/cRY25Q32kDNPFDkFkxAs6bgCq3L.jpg,"Action, Drama, History"
Her,movie,"[10749, 878, 18]","In the not so distant future, Theodore, a lonely writer, purchases a newly developed operating system designed to meet the user's every need. To Theodore's surprise, a romantic relationship develops between him and his operating system. This unconventional love story blends science fiction and romance in a sweet tale that explores the nature of love and the ways that technology isolates and connects us all.",2013-12-18,20.0934,7.836,/eCOtqtfvn7mxGl6nfmq4b1exJRc.jpg,"Romance, Science Fiction, Drama"
The Godfather Part III,movie,"[80, 18, 53]","In the midst of trying to legitimize his business dealings in 1979 New York and Italy, aging mafia don, Michael Corleone seeks forgiveness for his sins while taking a young protege under his wing.",1990-12-25,19.405,7.419,/lm3pQ2QoQ16pextRsmnUbG2onES.jpg,"Crime, Drama, Thriller"
Anyone but You,movie,"[10749, 35]","After an amazing first date, Bea and Ben’s fiery attraction turns ice cold — until they find themselves unexpectedly reunited at a destination wedding in Australia. So they do what any two mature adults would do: pretend to be a couple.",2023-12-21,17.3109,6.755,/5qHoazZiaLe7oFBok7XlUhg96f2.jpg,"Romance, Comedy"
Oldboy,movie,"[53, 9648]","With no clue how he came to be imprisoned, drugged and tortured for 15 years, a desperate man seeks revenge on his captors.",2003-11-21,21.589,8.235,/pWDtjs568ZfOTMbURQBYuT4Qxka.jpg,"Thriller, Mystery"
Play Dirty,movie,"[80, 28, 53]","Expert thief Parker gets a shot at a major heist, but to pull it off he and his team must outsmart a South American dictator, the New York mob, and the world's richest man.",2025-09-30,17.5837,6.596,/ovZ0zq0NwRghtWI1oLaM0lWuoEw.jpg,"Crime, Action, Thriller"
Green Lantern,movie,"[12, 28, 878]","For centuries, a small but powerful force of warriors called the Green Lantern Corps has sworn to keep intergalactic order. Each Green Lantern wears a ring that grants him superpowers. But when a new enemy called Parallax threatens to destroy the balance of power in the Universe, their fate and the fate of Earth lie in the hands of the first human ever recruited.",2011-06-14,18.0815,5.189,/fj21HwUprqjjwTdkKC1XZurRSpV.jpg,"Adventure, Action, Science Fiction"
Solo Leveling -ReAwakening-,movie,"[28, 12, 14, 16]","Over a decade after 'gates' connecting worlds appeared, awakening 'hunters' with superpowers, weakest hunter Sung Jinwoo encounters a double dungeon and accepts a mysterious quest, becoming the only one able to level up, changing his fate. A catch-up recap of the first season coupled with an exclusive sneak peek of the first two episodes of the highly anticipated second season in one momentous theatrical fan experience.",2024-11-26,14.8463,7.163,/uzHMp5heVLR68kbbUEXFPsmxYsM.jpg,"Action, Adventure, Fantasy, Animation"
Una storia ambigua,movie,[35],"Countess Anna Guerrieri, a rich and provocative noblewoman, marries Romano, an important fascist who is very loyal to the party. Sadly his sexual performance is found very lacking by the Countess, and so frustrated, she decides to look elsewhere for satisfaction and ends up setting her sights on Stefano, a naive and inexperienced young nephew undergraduate who has recently arrived from the provinces.",1986-05-15,16.8127,4.375,/xYlgfHR6QwaPvtIa3hyA69MN5Rd.jpg,Comedy
Pan's Labyrinth,movie,"[14, 18, 10752]","In post–civil war Spain, 10-year-old Ofelia moves with her pregnant mother to live under the control of her cruel stepfather. Drawn into a mysterious labyrinth, she meets a faun who reveals that she may be a lost princess from an underground kingdom. To return to her true father, she must complete a series of surreal and perilous tasks that blur the line between reality and fantasy.",2006-10-11,26.823,7.768,/z7xXihu5wHuSMWymq5VAulPVuvg.jpg,"Fantasy, Drama, War"
Enola Holmes 3,movie,"[12, 80, 9648]","Adventure follows detective Enola Holmes to Malta, where her plans to tie the knot unravel when Sherlock's disappearance plunges her into a perilous case.",2026-06-30,16.9338,6.766,/7kRYHH9H9PjBFwz1FprbHB2AAjI.jpg,"Adventure, Crime, Mystery"
Ford v Ferrari,movie,"[18, 36, 28]","American car designer Carroll Shelby and the British-born driver Ken Miles work together to battle corporate interference, the laws of physics, and their own personal demons to build a revolutionary race car for Ford Motor Company and take on the dominating race cars of Enzo Ferrari at the 24 Hours of Le Mans in France in 1966.",2019-11-13,19.3252,8.006,/dR1Ju50iudrOh3YgfwkAU1g2HZe.jpg,"Drama, History, Action"
The Little Mermaid,movie,"[12, 10751, 14, 10749]","The youngest of King Triton’s daughters, and the most defiant, Ariel longs to find out more about the world beyond the sea, and while visiting the surface, falls for the dashing Prince Eric. With mermaids forbidden to interact with humans, Ariel makes a deal with the evil sea witch, Ursula, which gives her a chance to experience life on land, but ultimately places her life – and her father’s crown – in jeopardy.",2023-05-18,20.0999,6.252,/ym1dxyOk4jFcSl4Q2zmRrA5BEEN.jpg,"Adventure, Family, Fantasy, Romance"
Independence Day,movie,"[28, 12, 878]","Strange phenomena surface around the globe. The skies ignite. Terror races through the world's major cities. As these extraordinary events unfold, it becomes increasingly clear that a force of incredible magnitude has arrived. Its mission: total annihilation over the Fourth of July weekend. The last hope to stop the destruction is an unlikely group of people united by fate and unimaginable circumstances.",1996-07-02,22.9565,6.916,/p0BPQGSPoSa8Ml0DAf2mB2kCU0R.jpg,"Action, Adventure, Science Fiction"
Nando Between Two Worlds - A Sintonia Film,movie,"[80, 53, 18]","Caught between family life and his obligations to the criminal underworld, Nando faces an impossible choice about where his true loyalties lie.",2026-08-12,15.2553,6.159,/lP558W6RgDYaQvs9GKNGPUhVOLU.jpg,"Crime, Thriller, Drama"
Girl in the Basement,movie,"[53, 80, 10770]","Sara is a teen girl who is looking forward to her 18th birthday to move away from her controlling father Don. But before she could even blow out the candles, Don imprisons her in the basement of their home.",2021-02-27,18.6626,7.572,/tPP9n6r5QrIKPnshnJqE7klptj2.jpg,"Thriller, Crime, TV Movie"
The Evil Dead,movie,[27],"In 1979, a group of college students find a Sumerian Book of the Dead in an old wilderness cabin they've rented for a weekend getaway.",1982-05-25,20.0156,7.264,/54C1qdaiSijIU5NeNb4WsPJdNkG.jpg,Horror
Star Wars: The Rise of Skywalker,movie,"[12, 28, 878]","The surviving Resistance faces the First Order once again as the journey of Rey, Finn and Poe Dameron continues. With the power and knowledge of generations behind them, the final battle begins.",2019-12-18,17.7249,6.25,/db32LaOibwEliAmSL2jjDF6oDdj.jpg,"Adventure, Action, Science Fiction"
Rocky,movie,[18],"Rocky Balboa is a Philadelphia club fighter who seems to be going nowhere. But when a stroke of fate puts him in the ring with a world heavyweight champion, Rocky knows that it's his one shot at the big time — a once-in-a-lifetime opportunity to go the distance and come out a winner!",1976-12-03,20.6267,7.801,/xSI0dbKLDETwhiVUy6hGE8KXUln.jpg,Drama
Good Boy,movie,"[53, 18, 9648]","Tommy, a volatile 19-year-old, revels in drugs, parties and violence. After getting separated from his friends on a drunken bender, he is abducted by a shadowy figure. He wakes to find himself imprisoned in the basement of a remote Yorkshire house, inhabited by a very strange family. But what unfolds is not what he could possibly expect.",2026-03-05,16.711,7.301,/eWb841fMkSNly5gfL9J1N0xzVYI.jpg,"Thriller, Drama, Mystery"
David,movie,"[16, 10751, 18, 36, 12]","From the songs of his mother’s heart to the whispers of a faithful God, David’s story begins in quiet devotion. When the giant Goliath rises to terrorize a nation, a young shepherd armed with only a sling, a few stones, and unshakable faith steps forward. Pursued by power and driven by purpose, his journey tests the limits of loyalty, love, and courage—culminating in a battle not just for a crown, but for the soul of a kingdom.",2025-12-14,16.9885,8.1,/bESlrLOrsQ9gKzaGQGHXKOyIUtX.jpg,"Animation, Family, Drama, History, Adventure"
Primate,movie,"[27, 53]","College student Lucy and her friends spend their vacation at her family's home in Hawaii, which includes her pet chimpanzee, Ben. However, when Ben contracts rabies after being bitten by a rabid animal, the group must fight for their lives in order to avoid the now-violent chimp.",2026-01-01,17.85,6.506,/rKleYiEj4pFqxedTRWfujLooi84.jpg,"Horror, Thriller"
Possible Love,movie,[18],A laid-off worker and his wife cross paths with a documentary filmmaker and her spouse and confront their hidden desires.,2026-09-23,16.9766,0.0,/dLz9yHeLw4x4sD0WTSNi7HuK2ke.jpg,Drama
Pretty Woman,movie,"[10749, 35]","Vivian is a carefree, streetwise diamond in the rough when she meets sophisticated billionaire Edward in a chance encounter that turns into a week-long business arrangement. But Vivian's energetic spirit challenges Edward's no-nonsense approach to life, and soon they are teaching each other – and falling in love!",1990-03-23,16.9612,7.443,/hVHUfT801LQATGd26VPzhorIYza.jpg,"Romance, Comedy"
I Swear,movie,"[18, 36]","Diagnosed with Tourette Syndrome at 15, John Davidson navigates his way against the odds through troubled teenage years and into adulthood, finding inspiration in the kindness of others to discover his true purpose in life.",2025-09-22,20.5821,8.238,/vUwyhNWBKkSwK8ELvEeBRwV724h.jpg,"Drama, History"
The Greatest Showman,movie,[18],"The story of American showman P.T. Barnum, founder of the circus that became the famous traveling Ringling Bros. and Barnum & Bailey Circus.",2017-12-20,19.4691,7.9,/b9CeobiihCx1uG1tpw8hXmpi7nm.jpg,Drama
Atonement,movie,"[18, 10749]",A young girl irrevocably changes the course of several lives when she accuses her older sister's lover of a crime he did not commit.,2007-02-27,16.955,7.633,/hMRIyBjPzxaSXWM06se3OcNjIQa.jpg,"Drama, Romance"
Demon Slayer -Kimetsu no Yaiba- The Movie: Mugen Train,movie,"[16, 28, 14]","Tanjiro Kamado, joined with Inosuke Hashibira, a boy raised by boars who wears a boar's head, and Zenitsu Agatsuma, a scared boy who reveals his true power when he sleeps, boards the Infinity Train on a new mission with the Fire Hashira, Kyojuro Rengoku, to defeat a demon who has been tormenting the people and killing the demon slayers who oppose it!",2020-10-16,20.5477,8.227,/h8Rb9gBr48ODIwYUttZNYeMWeUU.jpg,"Animation, Action, Fantasy"
The Phoenician Scheme,movie,"[35, 12, 80]","Wealthy businessman Zsa-zsa Korda appoints his only daughter, a nun, as sole heir to his estate. As Korda embarks on a new enterprise, they soon become the target of scheming tycoons, foreign terrorists, and determined assassins.",2025-05-23,16.2686,6.518,/u2jxeYLXTYfu0bqJmnLGIgZswib.jpg,"Comedy, Adventure, Crime"
Law Abiding Citizen,movie,"[18, 80, 53]",A frustrated man decides to take justice into his own hands after a plea bargain sets one of his family's killers free. He targets not only the killer but also the district attorney and others involved in the deal.,2009-10-15,17.291,7.397,/fcEXcip7v0O1ndV4VUdFqJSqbOg.jpg,"Drama, Crime, Thriller"
The Matrix Reloaded,movie,"[12, 28, 53, 878]","The Resistance builds in numbers as humans are freed from the Matrix and brought to the city of Zion. Neo discovers his superpowers, including the ability to see the code inside the Matrix. With machine sentinels digging to Zion in 72 hours, Neo, Morpheus and Trinity must find the Keymaker to ultimately reach the Source.",2003-05-15,19.4641,7.086,/aA5qHS0FbSXO8PxcxUIHbDrJyuh.jpg,"Adventure, Action, Thriller, Science Fiction"
X,movie,[27],"In 1979, a group of young filmmakers set out to make an adult film in rural Texas, but when their reclusive, elderly hosts catch them in the act, the cast find themselves fighting for their lives.",2022-03-17,20.802,6.708,/lopZSVtXzhFY603E9OqF7O1YKsh.jpg,Horror
I Know Who You Are,movie,"[36, 18]","On 1949 October 1, the day of the founding ceremony of the People's Republic of China, Xiao Dali enters the city and is reorganized as the director of the public security police station. He finds that primary school teacher Feng Jingbo is full of doubts. With the high vigilance of a soldier and the sense of responsibility of a public security official, Dali insists on partnering with Feng and becomes his neighbor. He then spends his whole life carrying out a nearly four-decade pursuit without regrets.",2026-06-19,22.3341,7.2,/ozQe6oNmGHvwk2zdCQilMikUTBZ.jpg,"History, Drama"
The Long Walk,movie,"[878, 53, 27]","In a dystopian 1970s America, fifty teenage boys take part in a deadly annual walking contest, forced to maintain a minimum pace or be executed, until only one survivor remains.",2025-09-10,20.3293,6.868,/wobVTa99eW0ht6c1rNNzLkazPtR.jpg,"Science Fiction, Thriller, Horror"
Night at the Museum: Secret of the Tomb,movie,"[12, 35, 14, 10751]","When the magic powers of The Tablet of Ahkmenrah begin to die out, Larry Daley spans the globe, uniting favorite and new characters while embarking on an epic quest to save the magic before it is gone forever.",2014-12-17,13.958,6.229,/xwgy305K6qDs3D20xUO4OZu1HPY.jpg,"Adventure, Comedy, Fantasy, Family"
The Empire Strikes Back,movie,"[12, 28, 878]","The epic saga continues as Luke Skywalker, in hopes of defeating the evil Galactic Empire, learns the ways of the Jedi from aging master Yoda. But Darth Vader is more determined than ever to capture Luke. Meanwhile, rebel leader Princess Leia, cocky Han Solo, Chewbacca, and droids C-3PO and R2-D2 are thrown into various stages of capture, betrayal and despair.",1980-05-20,17.4435,8.393,/nNAeTmF4CtdSgMDplXTDPOpYzsX.jpg,"Adventure, Action, Science Fiction"
Room in Rome,movie,"[18, 10749]","A hotel room in the center of Rome serves as the setting for Alba and Natasha, two sexy and recently acquainted women, to have a physical adventure that touches their very souls.",2010-05-07,19.1475,6.41,/w90ItYf9qagQKVEBr1uFxPomAtf.jpg,"Drama, Romance"
Justice League,movie,"[28, 12, 878]","Fuelled by his restored faith in humanity and inspired by Superman's selfless act, Bruce Wayne and Diana Prince assemble a team of metahumans consisting of Barry Allen, Arthur Curry and Victor Stone to face the catastrophic threat of Steppenwolf and the Parademons who are on the hunt for three Mother Boxes on Earth.",2017-11-15,17.8902,6.069,/eifGNCSDuxJeS1loAXil5bIGgvC.jpg,"Action, Adventure, Science Fiction"
David,movie,"[16, 10751, 18, 36, 12]","From the songs of his mother’s heart to the whispers of a faithful God, David’s story begins in quiet devotion. When the giant Goliath rises to terrorize a nation, a young shepherd armed with only a sling, a few stones, and unshakable faith steps forward. Pursued by power and driven by purpose, his journey tests the limits of loyalty, love, and courage—culminating in a battle not just for a crown, but for the soul of a kingdom.",2025-12-14,16.9885,8.0,/bESlrLOrsQ9gKzaGQGHXKOyIUtX.jpg,"Animation, Family, Drama, History, Adventure"
Fargo,movie,"[80, 18, 53]","Jerry, a small-town Minnesota car salesman is bursting at the seams with debt... but he's got a plan. He's going to hire two thugs to kidnap his wife in a scheme to collect a hefty ransom from his wealthy father-in-law. It's going to be a snap and nobody's going to get hurt... until people start dying. Enter Police Chief Marge, a coffee-drinking, parka-wearing - and extremely pregnant - investigator who'll stop at nothing to get her man. And if you think her small-time investigative skills will give the crooks a run for their ransom... you betcha!",1996-03-08,19.4909,7.85,/rt7cpEr1uP6RTZykBFhBTcRaKvG.jpg,"Crime, Drama, Thriller"
"Snoopy Presents: There's No Place Like Home, Snoopy",movie,"[16, 10751]","When Snoopy's beloved doghouse goes missing, he tries to track it down, and learns what makes a house feel like home.",2026-07-30,16.8155,8.446,/YbC4SlzE030BgxWdKDdlatMh5W.jpg,"Animation, Family"
Madagascar 3: Europe's Most Wanted,movie,"[16, 10751, 35, 12]","Animal pals Alex, Marty, Melman, and Gloria are still trying to make it back to New York's Central Park Zoo. They are forced to take a detour to Europe to find the penguins and chimps who broke the bank at a Monte Carlo casino. When French animal-control officer Capitaine Chantel DuBois picks up their scent, Alex and company are forced to hide out in a traveling circus.",2012-06-06,17.2813,6.647,/ekraj4ksvIKeuvQVEevEJkuybZd.jpg,"Animation, Family, Comedy, Adventure"
The Beloved,movie,[18],"The acclaimed film director Esteban Martínez is a legend both for his films and for his past marked by violence and excess. For his new project, he offers his daughter Emilia a role under the pretext of helping her with her stalled acting career. Living together on set will foster a closeness they haven’t shared for years, but it will also reopen old wounds that never healed.",2026-05-16,16.6148,6.873,/whk02IOeEHz8KCYZGm3fF92zg0v.jpg,Drama
Shazam! Fury of the Gods,movie,"[35, 28, 14]","Billy Batson and his foster siblings, who transform into superheroes by saying ""Shazam!"", are forced to get back into action and fight the Daughters of Atlas, who they must stop from using a weapon that could destroy the world.",2023-03-15,16.3138,6.4,/3GrRgt6CiLIUXUtoktcv1g2iwT5.jpg,"Comedy, Action, Fantasy"
Casino Royale,movie,"[12, 28, 53]","Le Chiffre, a banker to the world's terrorists, is scheduled to participate in a high-stakes poker game in Montenegro, where he intends to use his winnings to establish his financial grip on the terrorist market. M sends Bond—on his maiden mission as a 00 Agent—to attend this game and prevent Le Chiffre from winning. With the help of Vesper Lynd and Felix Leiter, Bond enters the most important poker game in his already dangerous career.",2006-11-14,27.7109,7.576,/lMrxYKKhd4lqRzwUHAy5gcx9PSO.jpg,"Adventure, Action, Thriller"
Rush Hour,movie,"[28, 35, 80]","When Hong Kong Inspector Lee is summoned to Los Angeles to investigate a kidnapping, the FBI doesn't want any outside help and assigns cocky LAPD Detective James Carter to distract Lee from the case. Not content to watch the action from the sidelines, Lee and Carter form an unlikely partnership and investigate the case themselves.",1998-09-18,19.3495,7.084,/nwPhAsfnb7f46bZkWLG7IRP5HXr.jpg,"Action, Comedy, Crime"
(500) Days of Summer,movie,"[35, 18, 10749]","Tom, greeting-card writer and hopeless romantic, is caught completely off-guard when his girlfriend, Summer, suddenly dumps him. He reflects on their 500 days together to try to figure out where their love affair went sour, and in doing so, Tom rediscovers his true passions in life.",2009-07-17,22.028,7.304,/qXAuQ9hF30sQRsXf40OfRVl0MJZ.jpg,"Comedy, Drama, Romance"
Civil War,movie,"[10752, 28, 18]","In the near future, a group of war journalists attempt to survive while reporting the truth as the United States stands on the brink of civil war.",2024-04-10,22.9754,6.847,/sh7Rg8Er3tFcN9BpKIPOMvALgZd.jpg,"War, Action, Drama"
PAW Patrol: The Movie,movie,"[28, 12, 16, 35, 10751]",Ryder and the pups are called to Adventure City to stop Mayor Humdinger from turning the bustling metropolis into a state of chaos.,2021-08-09,20.2416,7.3,/jXavWyam2VPR6bOhLwwuP3K2Hw4.jpg,"Action, Adventure, Animation, Comedy, Family"
Shrek Forever After,movie,"[35, 12, 14, 16, 10751]","A midlife-crisis burdened Shrek, longing for the days of when he felt like a real ogre, makes a pact with magic deal-maker Rumpelstiltskin. But when he's duped and sent to a twisted version of Far Far Away—where Rumpelstiltskin is king, ogres are hunted, and he and Fiona have never met—he sets out to restore his world and reclaim his true love.",2010-05-16,20.0155,6.413,/6HrfPZtKcGmX2tUWW3cnciZTaSD.jpg,"Comedy, Adventure, Fantasy, Animation, Family"
Minions,movie,"[10751, 16, 12, 35]","Minions Stuart, Kevin and Bob are recruited by Scarlet Overkill, a super-villain who, alongside her inventor husband Herb, hatches a plot to take over the world.",2015-06-17,18.861,6.424,/dr02BdCNAUPVU07aOodwPYv6HCf.jpg,"Family, Animation, Adventure, Comedy"
Bullet Train,movie,"[28, 35, 53]","Unlucky assassin Ladybug is determined to do his job peacefully after one too many gigs gone off the rails. Fate, however, may have other plans, as Ladybug's latest mission puts him on a collision course with lethal adversaries from around the globe—all with connected, yet conflicting, objectives—on the world's fastest train.",2022-08-03,18.5931,7.409,/j8szC8OgrejDQjjMKSVXyaAjw3V.jpg,"Action, Comedy, Thriller"
Dilwale Dulhania Le Jayenge,movie,"[35, 18, 10749]","Raj is a rich, carefree, happy-go-lucky second generation NRI. Simran is the daughter of Chaudhary Baldev Singh, who in spite of being an NRI is very strict about adherence to Indian values. Simran has left for India to be married to her childhood fiancé. Raj leaves for India with a mission at his hands, to claim his lady love under the noses of her whole family. Thus begins a saga.",1995-10-20,14.3307,8.504,/lfRkUr7DYdHldAqi3PwdQGBRBPM.jpg,"Comedy, Drama, Romance"
Pokémon Detective Pikachu,movie,"[28, 12, 14]","In a world where people collect pocket-size monsters (Pokémon) to do battle, a boy comes across an intelligent monster who seeks to be a detective.",2019-05-03,19.7726,6.898,/uhWvnFgg3BNlcUz0Re1HfQqIcCD.jpg,"Action, Adventure, Fantasy"
The Garfield Movie,movie,"[12, 16, 35, 10751]","Garfield, the world-famous, Monday-hating, lasagna-loving indoor cat, is about to have a wild outdoor adventure! After an unexpected reunion with his long-lost father – scruffy street cat Vic – Garfield and his canine friend Odie are forced from their perfectly pampered life into joining Vic in a hilarious, high-stakes heist.",2024-04-30,18.4927,6.954,/p6AbOJvMQhBmffd0PIv0u8ghWeY.jpg,"Adventure, Animation, Comedy, Family"
Love Me Love Me,movie,"[10749, 18]","After her brother's death, June moves to Milan for a fresh start, finding comfort in Will, the perfect honor student at her new international school. But when his troubled best friend James—hiding a dangerous life in clandestine MMA fights—sparks a rivalry that quickly turns into irresistible attraction, June must choose between safety and a love that upends everything she thought she wanted.",2026-02-12,18.3332,6.107,/jfwHKRHRE2X4NTexdzblaioHH51.jpg,"Romance, Drama"
Ghostbusters,movie,"[35, 14]","After losing their university jobs, three parapsychologists start a ghost-catching business in New York City and uncover a supernatural threat that could destroy the world.",1984-06-08,19.8365,7.498,/7E8nLijS9AwwUEPu2oFYOVKhdFA.jpg,"Comedy, Fantasy"
Back to the Future Part II,movie,"[12, 35, 878]","Marty and Doc are at it again as the time-traveling duo head to 2015 to nip some McFly family woes in the bud. But things go awry thanks to bully Biff Tannen and a pesky sports almanac. In a last-ditch attempt to set things straight, Marty finds himself bound for 1955 and face to face with his teenage parents -- again.",1989-11-22,18.8338,7.784,/hQq8xZe5uLjFzSBt4LanNP7SQjl.jpg,"Adventure, Comedy, Science Fiction"
Migration,movie,"[10751, 35, 12, 16]","After a migrating duck family alights on their pond with thrilling tales of far-flung places, the Mallard family embarks on a family road trip, from New England, to New York City, to tropical Jamaica.",2023-12-06,19.2848,7.359,/ldfCF9RhR40mppkzmftxapaHeTo.jpg,"Family, Comedy, Adventure, Animation"
Drive,movie,"[18, 53, 80]","Driver is a skilled Hollywood stuntman who moonlights as a getaway driver for criminals. Though he projects an icy exterior, lately he's been warming up to a pretty neighbor named Irene and her young son, Benicio. When Irene's husband gets out of jail, he enlists Driver's help in a million-dollar heist. The job goes horribly wrong, and Driver must risk his life to protect Irene and Benicio from the vengeful masterminds behind the robbery.",2011-09-15,17.5989,7.583,/602vevIURmpDfzbnv5Ubi6wIkQm.jpg,"Drama, Thriller, Crime"
Mission: Impossible - Rogue Nation,movie,"[28, 12]","Ethan and team take on their most impossible mission yet—eradicating 'The Syndicate', an International and highly-skilled rogue organization committed to destroying the IMF.",2015-07-28,20.1178,7.224,/fRJLXQBHK2wyznK5yZbO7vmsuVK.jpg,"Action, Adventure"
Once Upon a Time in the Middle East,movie,"[18, 10752]","Xu Fu travels to the Middle East to work as a chef in a Chinese restaurant to pay off family debts, where he meets floor manager Ma Junsheng. Their Dragon Restaurant rises to fame, attracting crowds with authentic‑tasting Chinese food. But war breaks out, and local conditions take a drastic turn for the worse. No one can remain unaffected. What lies ahead for them? And how will the Dragon Restaurant hold on amid the war?",2026-08-08,23.3098,9.174,/wAuGgXjA7GV8NrKfmUKl2AP8vqG.jpg,"Drama, War"
Ice Road: Vengeance,movie,"[28, 53, 18]","Big rig ice road driver Mike McCann travels to Nepal to scatter his late brother’s ashes on Mt. Everest. While on a packed tour bus traversing the deadly 12,000 ft. terrain of the infamous Road to the Sky, McCann and his mountain guide encounter a group of mercenaries and must fight to save themselves, the busload of innocent travelers, and the local villagers’ homeland.",2025-06-27,15.3647,6.249,/cQN9rZj06rXMVkk76UF1DfBAico.jpg,"Action, Thriller, Drama"
Lenin,movie,"[28, 18, 10749]","In a village trapped by generations of bloodshed, a determined young man dares to challenge the traditions fueling an endless cycle of violence.",2026-07-10,14.4432,6.167,/rAHQviBq8Fxi20hNtHPGLnr4L0f.jpg,"Action, Drama, Romance"
The Usual Suspects,movie,"[18, 80, 53]","Held in an L.A. interrogation room, Verbal Kint attempts to convince the feds that a mythic crime lord, Keyser Soze, not only exists, but was also responsible for drawing him and his four partners into a multi-million dollar heist that ended with an explosion in San Pedro harbor – leaving few survivors. Verbal lures his interrogators with an incredible story of the crime lord's almost supernatural prowess.",1995-07-19,19.3947,8.165,/99X2SgyFunJFXGAYnDv3sb9pnUD.jpg,"Drama, Crime, Thriller"
No Other Choice,movie,"[35, 80, 53]","After being laid off and humiliated by a ruthless job market, a veteran paper mill manager descends into violence in a desperate bid to reclaim his dignity.",2025-09-24,14.8241,7.517,/vc2S0dvgpsM0XfSiXZDMVkRCSSU.jpg,"Comedy, Crime, Thriller"
The Lion King,movie,"[12, 18, 10751, 16]","Simba idolizes his father, King Mufasa, and takes to heart his own royal destiny. But not everyone in the kingdom celebrates the new cub's arrival. Scar, Mufasa's brother—and former heir to the throne—has plans of his own. The battle for Pride Rock is ravaged with betrayal, tragedy and drama, ultimately resulting in Simba's exile. With help from a curious pair of newfound friends, Simba will have to figure out how to grow up and take back what is rightfully his.",2019-07-12,22.2348,7.092,/dzBtMocZuJbjLOXvrl4zGYigDzh.jpg,"Adventure, Drama, Family, Animation"
Taken,movie,"[28, 53]","Bryan Mills, a former government operative, is trying to reconnect with his teenage daughter Kim. After reluctantly agreeing with his ex-wife to let Kim go to Paris on vacation with a friend, his worst nightmare comes true. While on the phone with his daughter shortly after she arrives in Paris, she and her friend are abducted by a gang of human traffickers. Working against the clock, Bryan relies on his extensive training and skills to track down the ruthless gang that abducted her and launch a one-man war to rescue his daughter.",2008-02-18,18.1394,7.409,/ognkaUSNgJe1a2pjB4UNdzEo5jT.jpg,"Action, Thriller"
Zombieland,movie,"[35, 27]","Columbus has made a habit of running from what scares him. Tallahassee doesn't have fears. If he did, he'd kick their ever-living ass. In a world overrun by zombies, these two are perfectly evolved survivors. But now, they're about to stare down the most terrifying prospect of all: each other.",2009-10-02,17.6527,7.261,/dUkAmAyPVqubSBNRjRqCgHggZcK.jpg,"Comedy, Horror"
That Time I Got Reincarnated as a Slime the Movie: Tears of the Azure Sea,movie,"[16, 14, 12, 35]","After concluding the opening ceremony of the Demon Kingdom Federation Tempest, Rimuru and his companions are invited by the Celestial Emperor Hermesia of the great elven nation – the Magi Dynasty Salion – to visit her private resort island. As the group enjoys their brief vacation, a mysterious woman named Yura appears. A new incident unfolds against the backdrop of the boundless azure sea.",2026-02-27,18.1661,8.182,/oblkRIWuKTF46CsnLhBiE7Otn3z.jpg,"Animation, Fantasy, Adventure, Comedy"
Storm on Sesame Street,movie,"[10751, 16]","In the Storm on Sesame Street special, Elmo and his friends work together to get ready for a big storm, learning how to be prepared, have courage, and calm their bodies and minds when things feel scary. After the storm passes, Sesame Street looks different, and everyone pitches in to help their neighbors rebuild their homes. With the help of the neighborhood, including celebrity guests Post Malone and Michelle Buteau, Elmo and Abby set out to make a difference, and discover that small acts of kindness, and support from friends, can make the biggest difference of all.",2026-08-03,15.9679,5.9,/w4GrHRGgRQOYG95f2oVLYzGJ4Md.jpg,"Family, Animation"
The Proposal,movie,"[35, 10749, 18]","When she learns she's in danger of losing her visa status and being deported, overbearing book editor Margaret Tate forces her put-upon assistant, Andrew Paxton, to marry her.",2009-06-02,19.2547,7.178,/6stnAm1wSek8ZrislwK4xGTyCnt.jpg,"Comedy, Romance, Drama"
American Beauty,movie,[18],"Lester Burnham, a depressed suburban father in a mid-life crisis, decides to turn his hectic life around after developing an infatuation with his daughter's attractive friend.",1999-09-15,17.6073,8.0,/wby9315QzVKdW9BonAefg8jGTTb.jpg,Drama
Stop! That! Train!,movie,"[28, 35]","Best friends and train stewardesses Tess and DeeDee trade their dreary shifts on the Stank Rail for the glitzy Glamazonian Express. However, when a catastrophic Stormaganza threatens to crash the high-speed train into Celebration, Florida, the duo in coach must join forces with the snobby first-class attendants, a hot but dimwitted co-conductor, and fabulous US President Judy Gagwell to save the day.",2026-06-12,15.3565,5.2,/7t69fo096Ddre1fEmCitxTdQ89v.jpg,"Action, Comedy"
The Lego Batman Movie,movie,"[16, 28, 35, 10751]","A cooler-than-ever Bruce Wayne must deal with the usual suspects as they plan to rule Gotham City, while discovering that he has accidentally adopted a teenage orphan who wishes to become his sidekick.",2017-02-08,17.3213,7.259,/e1TliRWOdXQ73pRunbpFiGst6Kd.jpg,"Animation, Action, Comedy, Family"
Percy Jackson & the Olympians: The Lightning Thief,movie,"[12, 14, 10751]","Accident prone teenager, Percy discovers he's actually a demi-God, the son of Poseidon, and he is needed when Zeus' lightning is stolen. Percy must master his new found skills in order to prevent a war between the Gods that could devastate the entire world.",2010-02-01,14.8354,6.215,/brzpTyZ5bnM7s53C1KSk1TmrMO6.jpg,"Adventure, Fantasy, Family"
Kung Fu Panda 4,movie,"[28, 12, 16, 35, 10751, 14]","Po is gearing up to become the spiritual leader of his Valley of Peace, but also needs someone to take his place as Dragon Warrior. As such, he will train a new kung fu practitioner for the spot and will encounter a villain called the Chameleon who conjures villains from the past.",2024-03-02,19.1709,7.0,/kDp1vUBnMpe8ak4rjgl3cLELqjU.jpg,"Action, Adventure, Animation, Comedy, Family, Fantasy"
The Ministry of Ungentlemanly Warfare,movie,"[28, 35, 10752]","During World War II, the British Army assigns a group of competent soldiers to carry out a mission against the Nazi forces behind enemy lines... A true story about a secret British WWII organization — the Special Operations Executive. Founded by Winston Churchill, their irregular warfare against the Germans helped to change the course of the war, and gave birth to modern black operations.",2024-04-18,23.1703,6.997,/8aF0iAKH9MJMYAZdi0Slg77RYa2.jpg,"Action, Comedy, War"
War for the Planet of the Apes,movie,"[18, 878, 10752]","Caesar and his apes are forced into a deadly conflict with an army of humans led by a ruthless Colonel. After the apes suffer unimaginable losses, Caesar wrestles with his darker instincts and begins his own mythic quest to avenge his kind. As the journey finally brings them face to face, Caesar and the Colonel are pitted against each other in an epic battle that will determine the fate of both their species and the future of the planet.",2017-07-11,19.0118,7.225,/3vYhLLxrTtZLysXtIWktmd57Snv.jpg,"Drama, Science Fiction, War"
Superbad,movie,[35],Two co-dependent high school seniors are forced to deal with separation anxiety after their plan to stage a booze-soaked party goes awry.,2007-08-17,26.124,7.3,/ek8e8txUyUwd2BNqj6lFEerJfbq.jpg,Comedy
Dreamchild,movie,"[18, 10749]","François and Noémie run a sawmill in the mountains not far from the Swiss border. François has taken over his family's business, making him the fourth generation. He dreams of having a child. After years of failed fertility assistance, they give up on having a baby of their own and turn to adoption. But then François meets Patricia, new to the neighborhood. They begin a passionate affair. Soon after, Patricia gets pregnant.",2020-10-07,19.392,5.6,/mdLNmqIehGximKCHZre65hCcYxb.jpg,"Drama, Romance"
G.I. Joe: The Rise of Cobra,movie,"[12, 28, 53, 878]","From the Egyptian desert to deep below the polar ice caps, the elite G.I. JOE team uses the latest in next-generation spy and military equipment to fight the corrupt arms dealer Destro and the growing threat of the mysterious Cobra organization to prevent them from plunging the world into chaos.",2009-08-03,19.3193,5.783,/mc9b25IAprHfsaOz0wTshOwGHcY.jpg,"Adventure, Action, Thriller, Science Fiction"
母女汽车中心,movie,[10749],"Yeon Ja, a working mother, runs a car center after divorce and is raising her daughter all by herself. Her daughter, Ah Jung, started helping her when she became an adult, however, the customers don't trust weak-looking women to touch machines and the business at the car center is slow. Thanks to Ah Jung's punk boyfriend, Sung Hoon, they came up with an idea to turn the car center into a sexy car center.",2021-01-01,20.5011,4.0,/saca8CL9kk22AS5BfMbwSYgMvdp.jpg,Romance
Perfect Blue,movie,"[16, 53]","Rising pop star Mima Kirigoe quits singing to pursue a career as an actress. After she takes up a role on a popular detective show, her handlers and collaborators begin turning up murdered. Harboring feelings of guilt and haunted by visions of her former self, Mima's reality and fantasy meld into a frenzied paranoia.",1998-02-28,15.8929,8.3,/6WTiOCfDPP8XV4jqfloiVWf7KHq.jpg,"Animation, Thriller"
The Intern,movie,[35],"70-year-old widower Ben Whittaker has discovered that retirement isn't all it's cracked up to be. Seizing an opportunity to get back in the game, he becomes a senior intern at an online fashion site, founded and run by Jules Ostin.",2015-09-23,15.2116,7.226,/u7o3TwUgukRzTIyPwdMVdqmMRMD.jpg,Comedy
How to Train Your Dragon: The Hidden World,movie,"[16, 10751, 12]","As Hiccup fulfills his dream of creating a peaceful dragon utopia, Toothless’ discovery of an untamed, elusive mate draws the Night Fury away. When danger mounts at home and Hiccup’s reign as village chief is tested, both dragon and rider must make impossible decisions to save their kind.",2019-01-03,21.8146,7.751,/xvx4Yhf0DVH8G4LzNISpMfFBDy2.jpg,"Animation, Family, Adventure"
Heads of State,movie,"[28, 53, 35]","The UK Prime Minister and US President have a public rivalry that risks their countries' alliance. But when they become targets of a powerful enemy, they're forced to rely on each other as they go on a wild, multinational run. Allied with Noel, a brilliant MI6 agent, they must find a way to thwart a conspiracy that threatens the free world.",2025-06-24,15.2183,6.811,/lVgE5oLzf7ABmzyASEVcjYyHI41.jpg,"Action, Thriller, Comedy"
Kung Fu Panda 2,movie,"[16, 10751, 35, 28]","Po is finally living the dream as the Dragon Warrior—until a shadow from his past comes roaring back. When the ruthless peacock Lord Shen unleashes a devastating new weapon used to wipe out kung fu masters across the land, Po and the Furious Five race across China to put an end to his plans. But if Po is to have any hope of stopping him, he must first confront the truth of his origins—and find inner peace before his past tears him apart.",2011-05-25,21.4219,7.1,/mtqqD00vB4PGRt20gWtGqFhrkd0.jpg,"Animation, Family, Comedy, Action"
Kung Fu Panda 2,movie,"[16, 10751, 35, 28]","Po is finally living the dream as the Dragon Warrior—until a shadow from his past comes roaring back. When the ruthless peacock Lord Shen unleashes a devastating new weapon used to wipe out kung fu masters across the land, Po and the Furious Five race across China to put an end to his plans. But if Po is to have any hope of stopping him, he must first confront the truth of his origins—and find inner peace before his past tears him apart.",2011-05-25,21.4219,7.084,/mtqqD00vB4PGRt20gWtGqFhrkd0.jpg,"Animation, Family, Comedy, Action"
Hamnet,movie,"[18, 10749]","The powerful story of love and loss that inspired the creation of Shakespeare's timeless masterpiece, Hamlet.",2025-11-26,20.5037,7.7,/vbeyOZm2bvBXcbgPD3v6o94epPX.jpg,"Drama, Romance"
The Legend of Hei 2,movie,"[16, 14, 28, 12]","When an attack shatters the fragile peace between the spirit world and humanity, Hei teams up with Luye, the last disciple of his Shifu Wuxian, to expose a conspiracy that threatens both realms - and the bond they've sworn to protect.",2025-07-18,14.7287,8.976,/dRCUBiTKtsmju3fmSS4MK0ywcqR.jpg,"Animation, Fantasy, Action, Adventure"
Eternity,movie,"[10749, 35, 18]","In an afterlife where souls have one week to decide where to spend eternity, Joan is faced with the impossible choice between the man she spent her life with and her first love, who died young and has waited decades for her to arrive.",2025-11-10,18.1091,7.082,/yiwGcjfDKXD5PqQnyKUU9kspWQQ.jpg,"Romance, Comedy, Drama"
How to Lose a Guy in 10 Days,movie,"[35, 10749]","It's the battle of wills, as Andie needs to prove she can dump a guy in 10 days, whereas Ben needs to prove he can win a girl in 10 days. Now, the clock is ticking—and the wildly entertaining comedy smash is off and running in this irresistible tale of sex, lies and outrageous romantic fireworks!",2003-02-07,16.6806,6.868,/2dlftyPz7mTYbrsPvTogyFmYd7d.jpg,"Comedy, Romance"
Kung Fu Hustle,movie,"[28, 35, 80, 14]","It's the 1940s, and the notorious Axe Gang terrorizes Shanghai. Small-time criminals Sing and Bone hope to join, but they only manage to make lots of very dangerous enemies. Fortunately for them, kung fu masters and hidden strength can be found in unlikely places. Now they just have to take on the entire Axe Gang.",2004-02-10,16.0624,7.516,/exbyTbrvRUDKN2mcNEuVor4VFQW.jpg,"Action, Comedy, Crime, Fantasy"
Back to the Future Part III,movie,"[12, 35, 878]","The final installment finds Marty digging the trusty DeLorean out of a mineshaft and looking for Doc in the Wild West of 1885. But when their time machine breaks down, the travelers are stranded in a land of spurs. More problems arise when Doc falls for pretty schoolteacher Clara Clayton, and Marty tangles with Buford Tannen.",1990-05-25,22.8473,7.496,/crzoVQnMzIrRfHtQw0tLBirNfVg.jpg,"Adventure, Comedy, Science Fiction"
Check-In,movie,[18],"VMX hottest star Aliya Raymundo teams up with sexy siren Anya Austria as two receptionists in a cheap motel. Their quiet routine heats up with the arrival of a mysterious regular guest who begins to stir tension, desire, and conflict in their fragile relationship.",2026-05-01,17.0619,6.2,/r7tXZoO3rfkOpYQPCXftwugwny9.jpg,Drama
Ghostbusters: Frozen Empire,movie,"[14, 12, 35]","The Spengler family returns to where it all started - the iconic New York City firehouse - to team up with the original Ghostbusters, who've developed a top-secret research lab to take busting ghosts to the next level. But when the discovery of an ancient artifact unleashes an evil force, Ghostbusters new and old must join forces to protect their home and save the world from a second Ice Age.",2024-03-20,18.5442,6.442,/e1J2oNzSBdou01sUvriVuoYp0pJ.jpg,"Fantasy, Adventure, Comedy"
Infiltrate,movie,"[28, 53]","In a city overrun by crime, government Agent Lily Chen is forced to choose between her duty and her family when her husband is kidnapped, and she’s blackmailed into assassinating high-level criminals to save him. As she delves deeper into the criminal underworld, Lily’s relentless pursuit of justice unravels a web of corruption, leading to a final, life-altering decision that will change her world forever.",2026-07-09,15.5878,10.0,/8Cw8GF9wG63kF8pRRXwOx2kXGt.jpg,"Action, Thriller"
Helena,movie,[18],"Helena, the only hilot in a small town who secretly has affairs with her patients' husbands. After a pregnant patient dies upon discovering Helena's affair with her own husband, the enraged townsfolk turn against her.",2026-07-03,15.1051,4.0,/mcPq30k75P3kXQDF66NutDyEh64.jpg,Drama
The Twilight Saga: New Moon,movie,"[12, 14, 18, 10749]","Forks, Washington resident Bella Swan is reeling from the departure of her vampire love, Edward Cullen, and finds comfort in her friendship with Jacob Black, a werewolf. But before she knows it, she's thrust into a centuries-old conflict, and her desire to be with Edward at any cost leads her to take greater and greater risks.",2009-11-18,17.5237,5.986,/k2qTooPlHffgNABNWxeJdGMglPK.jpg,"Adventure, Fantasy, Drama, Romance"
Now You See Me,movie,"[53, 80]",An FBI agent and an Interpol detective track a team of illusionists who pull off bank heists during their performances and reward their audiences with the money.,2013-05-29,17.6652,7.326,/tWsNYbrqy1p1w6K9zRk0mSchztT.jpg,"Thriller, Crime"
Primal Fear,movie,"[80, 18, 53]","Defense attorney Martin Vail takes on jobs for money and prestige rather than any sense of the greater good. His latest case involves an altar boy, accused of brutally murdering the archbishop of Chicago. Vail finds himself up against his ex-pupil and ex-lover, but as the case progresses and the Church's dark secrets are revealed, Vail finds that what appeared a simple case takes on a darker, more dangerous aspect.",1996-04-03,19.6838,7.66,/qJf2TzE8nRTFbFMPJNW6c8mI0KU.jpg,"Crime, Drama, Thriller"
The Croods: A New Age,movie,"[16, 10751, 12, 14, 35]","Searching for a safer habitat, the prehistoric Crood family discovers an idyllic, walled-in paradise that meets all of its needs. Unfortunately, they must also learn to live with the Bettermans -- a family that's a couple of steps above the Croods on the evolutionary ladder. As tensions between the new neighbors start to rise, a new threat soon propels both clans on an epic adventure that forces them to embrace their differences, draw strength from one another, and survive together.",2020-11-25,16.1822,7.4,/tbVZ3Sq88dZaCANlUcewQuHQOaE.jpg,"Animation, Family, Adventure, Fantasy, Comedy"
Shaolin Soccer,movie,"[28, 35]",A young Shaolin follower reunites with his discouraged brothers to form a soccer team using their martial art skills to their advantage.,2001-07-05,15.0986,7.209,/z6ZQqwoxWy9muIxwUP4K2zWw7BU.jpg,"Action, Comedy"
The Naked Gun,movie,"[35, 80, 28]","Only one man has the particular set of skills... to lead Police Squad and save the world: Lt. Frank Drebin Jr. Following in his father's footsteps, he must solve a murder case to prevent Police Squad from closure.",2025-07-30,21.0078,6.354,/rwla9vqzrKVVKVKiOuROTIXGsxj.jpg,"Comedy, Crime, Action"
Gintama the Movie 2026: Yoshiwara in Flames,movie,"[16, 28, 878, 35]","Upon meeting a young boy named Seita who makes a living as a pickpocket, Gintoki discovers that he is pickpocketing out of a desire to meet his long-lost mother, Hinowa, Yoshiwara's number one courtesan. Gintoki and his friends venture to Yoshiwara to fulfill Seita's wish, but standing in their way is Housen, the Night King who rules Yoshiwara.",2026-02-13,18.036,9.6,/ih3mFlEZzsN9uQT7P4Zvaq4GkSm.jpg,"Animation, Action, Science Fiction, Comedy"
Fast Forever,movie,"[28, 80, 53]",The eleventh and final installment in The Fast Saga. Plot TBA.,2028-03-16,15.586,0.0,/xaRzhQZ3zK5lN6vEetG8PD17KPF.jpg,"Action, Crime, Thriller"
xXx,movie,"[28, 12, 53, 80, 18]","Xander Cage is your standard adrenaline junkie with no fear and a lousy attitude. When the US Government ""recruits"" him to go on a mission, he's not exactly thrilled. His mission: to gather information on an organization that may just be planning the destruction of the world, led by the nihilistic Yorgi.",2002-08-09,15.8692,5.989,/xeEw3eLeSFmJgXZzmF2Efww0q3s.jpg,"Action, Adventure, Thriller, Crime, Drama"
Exodus: Gods and Kings,movie,"[12, 18, 28]","The defiant leader Moses rises up against the Egyptian Pharaoh Ramses, setting 400,000 slaves on a monumental journey of escape from Egypt and its terrifying cycle of deadly plagues.",2014-12-03,17.2713,5.884,/uaDj37JtvLan9tihxZ18e6qL33b.jpg,"Adventure, Drama, Action"
Finding Dory,movie,"[12, 16, 10751]",Dory is reunited with her friends Nemo and Marlin in the search for answers about her past. What can she remember? Who are her parents? And where did she learn to speak Whale?,2016-06-16,15.0701,7.044,/3UVe8NL1E2ZdUZ9EDlKGJY5UzE.jpg,"Adventure, Animation, Family"
In Time,movie,"[28, 53, 878]","In the not-too-distant future, the aging gene has been switched off. To avoid overpopulation, time has become the currency and the way people pay for luxuries and necessities. The rich can live forever, while the rest struggle to negotiate for their immortality. A poor young man who suddenly comes into a fortune of time finds himself on the run from a corrupt police force known as the ""time keepers"".",2011-10-27,18.4302,6.97,/3Mwj2sIONQckOZP3YwsUXF7U5I4.jpg,"Action, Thriller, Science Fiction"
Child's Play,movie,[27],"After being shot in a toy store, a serial killer transfers his soul into a Good Guy doll. A mother then gifts it to her six-year-old son Andy, which unleashes terror upon the city.",1988-11-09,20.0665,6.764,/wvpgvcWNkF2HLuTEMIM7K83MvZ.jpg,Horror
Perfect Days,movie,[18],"Hirayama is content with his life as a toilet cleaner in Tokyo. Outside of his structured routine, he cherishes music on cassette tapes, books, and taking photos of trees. Through unexpected encounters, he reflects on finding beauty in the world.",2023-11-10,17.2755,7.819,/tvUHVSTJV9ITON3oyHaWp7oaAc8.jpg,Drama
Gone with the Wind,movie,"[18, 10752, 10749]",The spoiled daughter of a Georgia plantation owner conducts a tumultuous romance with a cynical profiteer during the American Civil War and Reconstruction Era.,1939-12-15,14.9747,7.905,/lNz2Ow0wGCAvzckW7EOjE03KcYv.jpg,"Drama, War, Romance"
Whistle,movie,"[27, 9648]","When a misfit group of unwitting high school students stumbles upon a cursed Aztec Death Whistle, they discover that blowing it unleashes a terrifying sound that summons their future deaths to hunt them down.",2026-01-20,19.2418,6.328,/vgonf5kGsiijUBjzxKTvechhT28.jpg,"Horror, Mystery"
The Mask,movie,"[35, 14, 80, 10749]","Timid bank clerk Stanley Ipkiss discovers a magical mask infused with the spirit of the Norse god Loki. Donning it transforms him into an unrestrained, green-faced, cartoon-like wild man. While the mask grants him the confidence to woo a local singer, it also makes him the target of a ruthless mobster.",1994-07-29,20.0179,6.996,/jPC2eYub74zwf2tPGVtzSlBW6Oy.jpg,"Comedy, Fantasy, Crime, Romance"
Ghost Rider,movie,"[53, 28, 14]","In order to save his dying father, young stunt cyclist Johnny Blaze sells his soul to Mephistopheles and sadly parts from the pure-hearted Roxanne Simpson, the love of his life. Years later, Johnny's path crosses again with Roxanne, now a go-getting reporter, and also with Mephistopheles, who offers to release Johnny's soul if Johnny becomes the fabled, fiery 'Ghost Rider'.",2007-01-15,19.0472,5.618,/4quwR1VwZouD0YF9AaD72kQAjxH.jpg,"Thriller, Action, Fantasy"
Life of Pi,movie,"[12, 18]","The story of an Indian boy named Pi, a zookeeper's son who finds himself in the company of a hyena, zebra, orangutan, and a Bengal tiger after a shipwreck sets them adrift in the Pacific Ocean.",2012-11-20,16.6992,7.414,/iLgRu4hhSr6V1uManX6ukDriiSc.jpg,"Adventure, Drama"
Smile 2,movie,"[27, 9648]","About to embark on a new world tour, global pop sensation Skye Riley begins experiencing increasingly terrifying and inexplicable events. Overwhelmed by the escalating horrors and the pressures of fame, Skye is forced to face her dark past to regain control of her life before it spirals out of control.",2024-10-16,21.608,6.583,/ht8Uv9QPv9y7K0RvUyJIaXOZTfd.jpg,"Horror, Mystery"
Wake Up Dead Man: A Knives Out Mystery,movie,"[53, 9648, 35]","When young priest Jud Duplenticy is sent to assist charismatic firebrand Monsignor Jefferson Wicks, it’s clear that all is not well in the pews. After a sudden and seemingly impossible murder rocks the town, the lack of an obvious suspect prompts local police chief Geraldine Scott to join forces with renowned detective Benoit Blanc to unravel a mystery that defies all logic.",2025-11-26,15.6806,7.209,/iV9LM8aUb83BjCCx2RUnKE5sSQg.jpg,"Thriller, Mystery, Comedy"
Tony,movie,"[18, 35]","A 19-year-old Anthony Bourdain travels to Provincetown and stumbles into the chaotic world of a restaurant kitchen, setting off a summer that will shape the course of his life.",2026-08-07,18.9199,7.5,/3WN0JWwRI7oGH7Ni2R6poVWej05.jpg,"Drama, Comedy"
The Others,movie,"[27, 9648, 53]","Grace is a woman who lives in an old house kept dark because her two children, Anne and Nicholas, have a rare sensitivity to light. When the family begins to suspect the house is haunted, Grace fights to protect her children at any cost in the face of strange events and disturbing visions.",2001-08-02,18.6538,7.618,/p8g1vlTvpM6nr2hMMiZ1fUlKF0D.jpg,"Horror, Mystery, Thriller"
Transformers: The Last Knight,movie,"[28, 12, 878]","Humans and Transformers are at war. Optimus Prime is gone. The key to saving our future lies buried in the secrets of the past, in the hidden history of Transformers on Earth. Saving our world falls upon the shoulders of an unlikely alliance: Cade Yeager; Bumblebee; an English Lord; and an Oxford Professor.",2017-06-16,16.3825,6.062,/s5HQf2Gb3lIO2cRcFwNL9sn1o1o.jpg,"Action, Adventure, Science Fiction"
"My Best Friend, His Girlfriend and Me",movie,[35],"Olli and Matze are best friends living, working and planning to travel the world together — until Matze's romance with Rebecca turns it all upside down.",2026-08-14,13.9585,6.129,/aWLshM7DZECutuQVpMfhDiPZUQC.jpg,Comedy
Tell Me What You Want,movie,"[10749, 18]","After his father's death, Eric Zimmerman travels to Spain to oversee his company's branches. In Madrid, he falls for Judith and engage in an intense, erotic relationship full of exploration. However, Eric fears his secret may end their affair.",2024-11-29,15.0428,6.1,/yZXYCiZQPB7Ui6D5206W1zDKv8P.jpg,"Romance, Drama"
Babylon,movie,"[18, 35]","A tale of outsized ambition and outrageous excess, tracing the rise and fall of multiple characters in an era of unbridled decadence and depravity during Hollywood's transition from silent films to sound films in the late 1920s.",2022-12-22,21.2151,7.335,/wjOHjWCUE0YzDiEzKv8AfqHj3ir.jpg,"Drama, Comedy"
Predator: Killer of Killers,movie,"[16, 28, 878, 53]","While three of the fiercest warriors in human history—a Viking raider, a ninja in feudal Japan, and a WWII pilot—are killers in their own right, they are merely prey for their new opponent: the ultimate killer of killers.",2025-06-05,16.0281,7.781,/2XDQa6EmFHSA37j1t0w88vpWqj9.jpg,"Animation, Action, Science Fiction, Thriller"
Prometheus,movie,"[878, 9648, 27]","A team of explorers discover a clue to the origins of mankind on Earth, leading them on a journey to the darkest corners of the universe. There, they must fight a terrifying battle to save the future of the human race.",2012-05-30,16.8792,6.608,/qsYQflQhOuhDpQ0W2aOcwqgDAeI.jpg,"Science Fiction, Mystery, Horror"
American Sniper,movie,"[10752, 28]","U.S. Navy SEAL Chris Kyle takes his sole mission—protect his comrades—to heart and becomes one of the most lethal snipers in American history. His pinpoint accuracy not only saves countless lives but also makes him a prime target of insurgents. Despite grave danger and his struggle to be a good husband and father to his family back in the States, Kyle serves four tours of duty in Iraq. However, when he finally returns home, he finds that he cannot leave the war behind.",2014-12-25,20.891,7.408,/i1U46OwMc6vlm7OoSUKfqUH615e.jpg,"War, Action"
Heart of the Beast,movie,"[12, 53]","After a harrowing plane crash, Special Forces officer James Belmont and his combat dog, Odin, find themselves stranded deep in the Alaskan wilderness. Together, they are forced into a brutal fight for survival against the elements.",2026-09-19,20.1484,0.0,/1ApfSA8JTqeha3GTFEY8syV4auq.jpg,"Adventure, Thriller"
Bad Boys: Ride or Die,movie,"[28, 35, 80]","After their late former Captain is framed, Lowrey and Burnett try to clear his name, only to end up on the run themselves.",2024-06-05,16.283,7.313,/oGythE98MYleE6mZlGs5oBGkux1.jpg,"Action, Comedy, Crime"
Looper,movie,"[28, 53, 878]","In the year 2044, time travel has not yet been invented but in 30 years it will have been. When the mob wants to get rid of someone, they will send their target into the past where a looper, a hired gun, like Joe is waiting to mop up. Joe is getting rich and life is good until the day the mob decides to close the loop, sending back Joe's future self for assassination.",2012-09-26,15.6109,6.915,/sNjL6SqErDBE8OUZlrDLkexfsCj.jpg,"Action, Thriller, Science Fiction"
Dear You,movie,"[18, 10751, 35]","Xiaowei travels to Thailand to find his ""billionaire grandfather"" who is out of contact due to debt problems, but unexpectedly find the one who has been corresponding with his grandmother for years is not her husband.",2026-04-30,16.0233,8.892,/rjmhzdVS3Ia535pFawju857e2Na.jpg,"Drama, Family, Comedy"
Men in Black II,movie,"[28, 35, 878]","Kay and Jay reunite to provide our best, last and only line of defense against a sinister seductress who levels the toughest challenge yet to the MIB's untarnished mission statement – protecting Earth from the scum of the universe. It's been four years since the alien-seeking agents averted an intergalactic disaster of epic proportions. Now it's a race against the clock as Jay must convince Kay – who not only has absolutely no memory of his time spent with the MIB, but is also the only living person left with the expertise to save the galaxy – to reunite with the MIB before the earth submits to ultimate destruction.",2002-07-03,13.5046,6.389,/enA22EPyzc2WQ1VVyY7zxresQQr.jpg,"Action, Comedy, Science Fiction"
Mike & Nick & Nick & Alice,movie,"[35, 878, 28]","Two gangsters and the woman they love try to survive the most dangerous night of their lives. As if that wasn’t enough, there’s one wild ingredient added to the mix: a time machine.",2026-03-14,16.371,6.702,/7F0jc75HrSkLVcvOXR2FXAIwuEv.jpg,"Comedy, Science Fiction, Action"
Full Metal Jacket,movie,"[18, 10752]",A pragmatic U.S. Marine observes the dehumanizing effects the U.S.-Vietnam War has on his fellow recruits from their brutal boot camp training to the bloody street fighting in Hue.,1987-06-26,19.5066,8.119,/kMKyx1k8hWWscYFnPbnxxN4Eqo4.jpg,"Drama, War"
The Fall Guy,movie,"[28, 35, 10749]","Fresh off an almost career-ending accident, stuntman Colt Seavers has to track down a missing movie star, solve a conspiracy and try to win back the love of his life while still doing his day job.",2024-04-24,17.5052,6.954,/e7olqFmzcIX5c23kX4zSmLPJi8c.jpg,"Action, Comedy, Romance"
It Chapter Two,movie,"[27, 53, 18]","27 years after overcoming the malevolent supernatural entity Pennywise, the former members of the Losers' Club, who have grown up and moved away from Derry, are brought back together by a devastating phone call.",2019-09-04,17.6097,6.831,/zfE0R94v1E8cuKAerbskfD3VfUt.jpg,"Horror, Thriller, Drama"
Cinema Paradiso,movie,"[18, 10749]","A filmmaker recalls his childhood, when he fell in love with the movies at his village's theater and formed a deep friendship with the theater's projectionist.",1988-11-17,19.1776,8.4,/9JhfVOveaY00o8njQu2Xrp4YWud.jpg,"Drama, Romance"
The Sound of Music,movie,"[18, 10751, 10402, 10749]","In the years before World War II, a tomboyish postulant at an Austrian abbey is hired as a governess in the home of a widowed naval captain with seven children and brings a new love of life and music into the home.",1965-03-29,19.0161,7.73,/c6CrUZypAsBCaRWX0M3RVRDbhNS.jpg,"Drama, Family, Music, Romance"
Madame Web,movie,"[28, 14]","Forced to confront revelations about her past, paramedic Cassandra Webb forges a relationship with three young women destined for powerful futures...if they can all survive a deadly present.",2024-02-14,19.8125,5.28,/rULWuutDcN5NvtiZi4FRPzRYWSh.jpg,"Action, Fantasy"
Neon Genesis Evangelion: The End of Evangelion,movie,"[16, 878, 18, 14, 28]","SEELE orders an all-out attack on NERV, aiming to destroy the Evas before Gendo can advance his own plans for the Human Instrumentality Project. Shinji is pushed to the limits of his sanity as he is forced to decide the fate of humanity.",1997-07-19,21.8625,8.266,/j6G24dqI4WgUtChhWjfnI4lnmiK.jpg,"Animation, Science Fiction, Drama, Fantasy, Action"
Now You See Me 2,movie,"[80, 53]","One year after outwitting the FBI and winning the public’s adulation with their mind-bending spectacles, the Four Horsemen resurface only to find themselves face to face with a new enemy who enlists them to pull off their most dangerous heist yet.",2016-06-02,16.4266,6.824,/A81kDB6a1K86YLlcOtZB27jriJh.jpg,"Crime, Thriller"
A.I. Artificial Intelligence,movie,"[18, 878, 12]","David, a robotic boy—the first of his kind programmed to love—is adopted as a test case by a Cybertronics employee and his wife. Though he gradually becomes their child, a series of unexpected circumstances make this life impossible for David.",2001-06-29,17.3647,7.069,/wnUAcUrMRGPPZUDroLeZhSjLkuu.jpg,"Drama, Science Fiction, Adventure"
Ikatan Darah,movie,"[28, 80, 53]","A former martial arts athlete must face a network of loan sharks to save her younger brother, who is trapped in online gambling debt and risking their family’s safety.",2026-04-30,17.8199,6.2,/lF9amilOGIudUIq6NgDnz2YrPPa.jpg,"Action, Crime, Thriller"
The Equalizer 3,movie,"[28, 53, 80]","Robert McCall finds himself at home in Southern Italy but he discovers his friends are under the control of local crime bosses. As events turn deadly, McCall knows what he has to do: become his friends' protector by taking on the mafia.",2023-08-30,15.4669,7.296,/b0Ej6fnXAP8fK75hlyi2jKqdhHz.jpg,"Action, Thriller, Crime"
Blade,movie,"[27, 28]","The Daywalker known as ""Blade"" - a half-vampire, half-mortal man - becomes the protector of humanity against an underground army of vampires.",1998-08-21,17.0964,6.852,/oWT70TvbsmQaqyphCZpsnQR7R32.jpg,"Horror, Action"
Rogue One: A Star Wars Story,movie,"[28, 12, 878]",A rogue band of resistance fighters unite for a mission to steal the Death Star plans and bring a new hope to the galaxy.,2016-12-14,19.7314,7.51,/i0yw1mFbB7sNGHCs7EXZPzFkdA1.jpg,"Action, Adventure, Science Fiction"
Rogue One: A Star Wars Story,movie,"[28, 12, 878]",A rogue band of resistance fighters unite for a mission to steal the Death Star plans and bring a new hope to the galaxy.,2016-12-14,19.7314,7.51,/i0yw1mFbB7sNGHCs7EXZPzFkdA1.jpg,"Action, Adventure, Science Fiction"
Smile,movie,"[27, 9648]","After witnessing a bizarre, traumatic incident involving a patient, Dr. Rose Cotter starts experiencing frightening occurrences that she can't explain.",2022-09-23,17.1698,6.671,/aPqcQwu4VGEewPhagWNncDbJ9Xp.jpg,"Horror, Mystery"
Uncharted,movie,"[28, 12, 9648]","A young street-smart, Nathan Drake and his wisecracking partner Victor “Sully” Sullivan embark on a dangerous pursuit of “the greatest treasure never found” while also tracking clues that may lead to Nathan’s long-lost brother.",2022-02-10,16.2093,6.873,/rJHC1RUORuUhtfNb4Npclx0xnOf.jpg,"Action, Adventure, Mystery"
Die Hard: With a Vengeance,movie,"[28, 53]","New York detective John McClane is back and kicking bad-guy butt in the third installment of this action-packed series, which finds him teaming with civilian Zeus Carver to prevent the loss of innocent lives. McClane thought he'd seen it all, until a genius named Simon engages McClane, his new ""partner"" -- and his beloved city -- in a deadly game that demands their concentration.",1995-05-19,16.6284,7.283,/buqmCdFQEWwEpL3agGgg2GVjN2d.jpg,"Action, Thriller"
Maze Runner: The Scorch Trials,movie,"[878, 28, 53, 12]","Thomas and his fellow Gladers face their greatest challenge yet: searching for clues about the mysterious and powerful organization known as WCKD. Their journey takes them to the Scorch, a desolate landscape filled with unimaginable obstacles. Teaming up with resistance fighters, the Gladers take on WCKD’s vastly superior forces and uncover its shocking plans for them all.",2015-09-09,15.7092,6.732,/mYw7ZyejqSCPFlrT2jHZOESZDU3.jpg,"Science Fiction, Action, Thriller, Adventure"
Mystic River,movie,"[53, 18, 9648, 80]",The lives of three men who were childhood friends are shattered when one of them suffers a family tragedy.,2003-10-08,22.1018,7.743,/hCHVDbo6XJGj3r2i4hVjKhE0GKF.jpg,"Thriller, Drama, Mystery, Crime"
Indiana Jones and the Dial of Destiny,movie,"[12, 28]","Finding himself in a new era, and approaching retirement, Indy wrestles with fitting into a world that seems to have outgrown him. But as the tentacles of an all-too-familiar evil return in the form of an old rival, Indy must don his hat and pick up his whip once more to make sure an ancient and powerful artifact doesn't fall into the wrong hands.",2023-06-25,19.8184,6.5,/Af4bXE63pVsb2FtbW8uYIyPBadD.jpg,"Adventure, Action"
Before I Go to Sleep,movie,"[53, 9648]","A woman wakes up every day, remembering nothing as a result of a traumatic accident in her past. One day, new terrifying truths emerge that force her to question everyone around her.",2014-09-03,18.2293,6.487,/1sSWpTupVixOanIpZdLGzsKvcZS.jpg,"Thriller, Mystery"
Primitive War,movie,"[28, 27, 10752, 878]","During the Vietnam War, a recon unit ventures to an isolated jungle valley to uncover the fate of a missing platoon. They soon find themselves in a fight for their lives against an unexpected enemy — prehistoric dinosaurs.",2025-08-21,14.1532,6.639,/noujgznyJIaurEinZhcSVzTmkLo.jpg,"Action, Horror, War, Science Fiction"
Skyfall,movie,"[28, 12, 53]","When Bond's latest assignment goes gravely wrong, agents around the world are exposed and MI6 headquarters is attacked. While M faces challenges to her authority and position from Gareth Mallory, the new Chairman of the Intelligence and Security Committee, it's up to Bond, aided only by field agent Eve, to locate the mastermind behind the attack.",2012-10-24,17.2252,7.265,/d0IVecFQvsGdSbnMAHqiYsNYaJT.jpg,"Action, Adventure, Thriller"
The Map That Leads to You,movie,"[10749, 18]","Heather is a young woman traveling Europe with friends before starting her perfectly planned life. A chance meeting with Jack sparks an unexpected romance that leads to deep emotional discovery. As secrets and life choices test their bond, her path changes forever.",2025-08-19,18.31,6.671,/uwvKQIjJpC37IEsEj4ZAn1ITyRy.jpg,"Romance, Drama"
The Big Lebowski,movie,"[35, 80]","Jeffrey 'The Dude' Lebowski, a Los Angeles slacker who only wants to bowl and drink White Russians, is mistaken for another Jeffrey Lebowski, a wheelchair-bound millionaire, and finds himself dragged into a strange series of events involving nihilists, adult film producers, ferrets, errant toes, and large sums of money.",1998-03-06,16.5396,7.834,/3bv6WAp6BSxxYvB5ozKFUYuRA8C.jpg,"Comedy, Crime"
Chompoo: Lost​ &​ Forgotten​,movie,[99],"When a young girl vanishes from a remote village, the frantic police hunt become a media frenzy. But who turned a suspected criminal into a celebrity?",2026-08-20,17.4382,5.2,/hrbzPEGyu33JyepFvSe6EkN35yq.jpg,Documentary
A Silent Voice: The Movie,movie,"[16, 18, 10749]","Shouya Ishida starts bullying the new girl in class, Shouko Nishimiya, because she is deaf. But as the teasing continues, the rest of the class starts to turn on Shouya for his lack of compassion. When they leave elementary school, Shouko and Shouya do not speak to each other again... until an older, wiser Shouya, tormented by his past behaviour, decides he must see Shouko once more. He wants to atone for his sins, but is it already too late...?",2016-09-17,17.285,8.394,/tuFaWiqX0TXoWu7DGNcmX3UW7sT.jpg,"Animation, Drama, Romance"
Kissing Is the Easy Part,movie,"[10749, 35]",Sean's gunning for MIT. Flora's ditching the SAT. A secret deal with her tenured parents sparks a romance that challenges everything they believe in.,2026-02-13,15.2228,7.418,/gPxlb7LLqbsKgjltgVrgYdhfxCZ.jpg,"Romance, Comedy"
Fantastic Four,movie,"[28, 14, 878]","During a space voyage, four scientists are altered by cosmic rays: Reed Richards gains the ability to stretch his body; Sue Storm can become invisible; Johnny Storm controls fire; and Ben Grimm is turned into a super-strong … thing. Together, these ""Fantastic Four"" must now thwart the evil plans of Dr. Doom and save the world from certain destruction.",2005-06-29,18.7003,5.81,/4YMcYEFS8sFuW3soP1HVmgR3cSm.jpg,"Action, Fantasy, Science Fiction"
The Hunger Games: The Ballad of Songbirds & Snakes,movie,"[878, 28]","64 years before he becomes the tyrannical president of Panem, Coriolanus Snow sees a chance for a change in fortunes when he mentors Lucy Gray Baird, the female tribute from District 12.",2023-11-15,18.6406,7.0,/mBaXZ95R2OxueZhvQbcEWy2DqyO.jpg,"Science Fiction, Action"
Alita: Battle Angel,movie,"[28, 878, 12]","When Alita awakens with no memory of who she is in a future world she does not recognize, she is taken in by Ido, a compassionate doctor who realizes that somewhere in this abandoned cyborg shell is the heart and soul of a young woman with an extraordinary past.",2019-01-31,17.9675,7.273,/xRWht48C2V8XNfzvPehyClOvDni.jpg,"Action, Science Fiction, Adventure"
Look Back,movie,"[16, 18]","Popular, outgoing Fujino is celebrated by her classmates for her funny comics in the class newspaper. One day, her teacher asks her to share the space with Kyomoto, a truant recluse whose beautiful artwork sparks a competitive fervor in Fujino. What starts as jealousy transforms when Fujino realizes their shared passion for drawing.",2024-06-28,15.9691,8.192,/4f2EcNkp1Mvp9wE5w7HKxcmACWg.jpg,"Animation, Drama"
Bridge of Spies,movie,"[53, 18]","During the Cold War, the Soviet Union captures U.S. pilot Francis Gary Powers after shooting down his U-2 spy plane. Sentenced to 10 years in prison, Powers' only hope is New York lawyer James Donovan, recruited by a CIA operative to negotiate his release. Donovan boards a plane to Berlin, hoping to win the young man's freedom through a prisoner exchange. If all goes well, the Russians would get Rudolf Abel, the convicted spy who Donovan defended in court.",2015-10-15,17.5553,7.243,/fmOOjHAQzxr0c1sfcY4qkiSRBH6.jpg,"Thriller, Drama"
The Butterfly Effect,movie,"[878, 53]","A young man struggles to access sublimated childhood memories. He finds a technique that allows him to travel back into the past, to occupy his childhood body and change history. However, he soon finds that every change he makes has unexpected consequences.",2004-01-17,17.8782,7.578,/ea5iv7TWMh18fOKoRGgmtcg85Gx.jpg,"Science Fiction, Thriller"
Warriors of the Wind,movie,"[12, 16, 14]","After a global war, the seaside kingdom known as the Valley of the Wind remains one of the last strongholds on Earth untouched by a poisonous jungle and the powerful insects that guard it. Led by the courageous Princess Nausicaä, the people of the Valley engage in an epic struggle to restore the bond between humanity and Earth.",1984-03-11,17.9613,7.942,/tcrkfB8SRPQCgwI88hQScua6nxh.jpg,"Adventure, Animation, Fantasy"
Descendants: The Rise of Red,movie,"[14, 12, 10751, 35]","After the Queen of Hearts incites a coup on Auradon, her rebellious daughter Red and Cinderella's perfectionist daughter Chloe join forces and travel back in time to try to undo the traumatic event that set Red's mother down her villainous path.",2024-07-11,14.4843,6.74,/8fYluTtB3b3HKO7KQa5tzrvGaps.jpg,"Fantasy, Adventure, Family, Comedy"
Mission: Impossible III,movie,"[12, 28, 53]","Retired from active duty, and training recruits for the Impossible Mission Force, agent Ethan Hunt faces the toughest foe of his career: Owen Davian, an international broker of arms and information, who's as cunning as he is ruthless. Davian emerges to threaten Hunt and all that he holds dear – including the woman Hunt loves.",2006-04-25,17.9779,6.766,/vKGYCpmQyV9uHybWDzXuII8Los5.jpg,"Adventure, Action, Thriller"
Hercules,movie,"[16, 10751, 14, 12, 35, 10749]","Bestowed with superhuman strength, a young mortal named Hercules sets out to prove himself a hero in the eyes of his father, the great god Zeus. Along with his friends Pegasus, a flying horse, and Phil, a personal trainer, Hercules is tricked by the hilarious, hotheaded villain Hades, who's plotting to take over Mount Olympus!",1997-06-13,16.6007,7.499,/dK9rNoC97tgX3xXg5zdxFisdfcp.jpg,"Animation, Family, Fantasy, Adventure, Comedy, Romance"
Kill Bill: Vol. 2,movie,"[28, 80, 53]","The Bride unwaveringly continues on her roaring rampage of revenge against the band of assassins who had tried to kill her and her unborn child. She visits each of her former associates one-by-one, checking off the victims on her Death List Five until there's nothing left to do … but kill Bill.",2004-04-16,15.8277,7.874,/2yhg0mZQMhDyvUQ4rG1IZ4oIA8L.jpg,"Action, Crime, Thriller"
Boulevard,movie,"[10749, 18]","Hasley, a girl with a list of unfulfilled dreams, and Luke, a complex and vulnerable boy marked by a tragic past, find refuge on the boulevard where they discover if love can conquer all.",2026-04-10,15.8438,7.569,/sQS3zYJznspQwNSCv9LMc5VHQST.jpg,"Romance, Drama"
Saccharine,movie,[27],"After succumbing to an obscure weight-loss craze involving the eating of human ashes, lovelorn medical student Hana finds herself haunted by the ghost of the person she's eating.",2026-05-22,17.3302,6.897,/bCHPB5WZy4T0Rerh1GTuQLzU0rF.jpg,Horror
Cinderella,movie,"[10749, 14, 10751, 18]","When her father unexpectedly passes away, young Ella finds herself at the mercy of her cruel stepmother and her daughters. Never one to give up hope, Ella's fortunes begin to change after meeting a dashing stranger in the woods.",2015-03-06,17.8132,6.825,/j91LJmcWo16CArFOoapsz84bwxb.jpg,"Romance, Fantasy, Family, Drama"
Steel Magnolias,movie,"[18, 35]","A young beautician, newly arrived in a small Louisiana town, finds work at the local salon, where a small group of women share a close bond of friendship and welcome her into the fold.",1989-11-15,15.5975,7.2,/7ExUSN9s9gX9bhVM17zDLEizano.jpg,"Drama, Comedy"
Lethal Weapon,movie,"[28, 53, 80]",A veteran cop and an unstable detective become partners who must put their differences aside in order to bring down a heroin-smuggling ring run by ex-Special Forces.,1987-03-06,18.9467,7.303,/6gt44oqb4nE8vflPElffeGwsHVl.jpg,"Action, Thriller, Crime"
Lost in Translation,movie,"[18, 35, 10749]","Two lost souls visiting Tokyo -- the young, neglected wife of a photographer and a washed-up movie star shooting a TV commercial -- find an odd solace and pensive freedom to be real in each other's company, away from their lives in America.",2003-09-18,17.8505,7.38,/3jCLmYDIIiSMPujbwygNpqdpM8N.jpg,"Drama, Comedy, Romance"
The Hunt for Red October,movie,"[28, 53]","A new technologically-superior Soviet nuclear sub, the Red October, is heading for the U.S. coast under the command of Captain Marko Ramius. The American government thinks Ramius is planning to attack. Lone CIA analyst Jack Ryan has a different idea: he thinks Ramius is planning to defect, but he has only a few hours to find him and prove it - because the entire Russian naval and air commands are trying to find Ramius, too. The hunt is on!",1990-03-02,19.6231,7.384,/yVl7zidse4KiWtGMqHFtZCx4X3N.jpg,"Action, Thriller"
Ben-Hur,movie,"[36, 18, 12]","In ancient Judea, a Jewish aristocrat opposing Roman occupation of his homeland reunites with his childhood friend, now a Roman commander — setting in motion a saga of betrayal, adventure, tragedy, revenge, and faith.",1959-11-18,17.5992,7.894,/m4WQ1dBIrEIHZNCoAjdpxwSKWyH.jpg,"History, Drama, Adventure"
The Hateful Eight,movie,"[18, 9648, 37]",Bounty hunters seek shelter from a raging blizzard and get caught up in a plot of betrayal and deception.,2015-12-25,16.8876,7.757,/jIywvdPjia2t3eKYbjVTcwBQlG8.jpg,"Drama, Mystery, Western"
Robin Hood: Prince of Thieves,movie,"[28, 12, 18]","Nobleman crusader Robin of Locksley breaks out of a Jerusalem prison with the help of Moorish fellow prisoner Azeem and travels back home to England. But upon arrival he discovers his dead father in the ruins of his family estate, killed by the vicious sheriff of Nottingham, Robin and Azeem join forces with outlaws Little John and Will Scarlett to save the kingdom from the sheriff's villainy.",1991-06-14,14.4269,6.853,/hbRnWUNJkKKVN5mkcuC5ooqjE4e.jpg,"Action, Adventure, Drama"
Godzilla vs. Kong,movie,"[28, 878, 12]","In a time when monsters walk the Earth, humanity’s fight for its future sets Godzilla and Kong on a collision course that will see the two most powerful forces of nature on the planet collide in a spectacular battle for the ages.",2021-03-24,16.6944,7.524,/pgqgaUx1cJb5oZQQ5v0tNARCeBp.jpg,"Action, Science Fiction, Adventure"
Reservoir Dogs,movie,"[80, 53]","A botched robbery indicates a police informant, and the pressure mounts in the aftermath at a warehouse. Crime begets violence as the survivors -- veteran Mr. White, newcomer Mr. Orange, psychopathic parolee Mr. Blonde, bickering weasel Mr. Pink and Nice Guy Eddie -- unravel.",1992-09-02,19.0685,8.111,/xi8Iu6qyTfyZVDVy60raIOYJJmk.jpg,"Crime, Thriller"
Seven Samurai,movie,"[28, 18]","A samurai answers a village's request for protection after he falls on hard times. The town needs protection from bandits, so the samurai gathers six others to help him teach the people how to defend themselves, and the villagers provide the soldiers with food.",1954-04-26,17.5937,8.453,/lOMGc8bnSwQhS4XyE1S99uH8NXf.jpg,"Action, Drama"
Slumdog Millionaire,movie,"[18, 10749]","A teenager reflects on his life after being accused of cheating on the Indian version of ""Who Wants to be a Millionaire?"".",2008-11-12,16.2104,7.728,/5leCCi7ZF0CawAfM5Qo2ECKPprc.jpg,"Drama, Romance"
Despicable Me 3,movie,"[28, 16, 35, 10751, 12]",Gru and his wife Lucy must stop former '80s child star Balthazar Bratt from achieving world domination.,2017-06-15,16.5288,6.469,/e72KCMHNkbZ6USRJmABeqwmaJ5n.jpg,"Action, Animation, Comedy, Family, Adventure"
Karate Kid: Legends,movie,"[28, 12, 18]","After a family tragedy, kung fu prodigy Li Fong is uprooted from his home in Beijing and forced to move to New York City with his mother. When a new friend needs his help, Li enters a karate competition – but his skills alone aren't enough. Li's kung fu teacher Mr. Han enlists original Karate Kid Daniel LaRusso for help, and Li learns a new way to fight, merging their two styles into one for the ultimate martial arts showdown.",2025-05-08,16.3795,6.972,/c90Lt7OQGsOmhv6x4JoFdoHzw5l.jpg,"Action, Adventure, Drama"
Lucy,movie,"[28, 878]","A woman, accidentally caught in a dark deal, turns the tables on her captors and transforms into a merciless warrior evolved beyond human logic.",2014-07-25,17.8418,6.476,/kRbpUTRNm6QbLQFPFWUcNC4czEm.jpg,"Action, Science Fiction"
On the Beach,movie,[18],"In a summer in Shonan village, Sumiko is the daughter of an important upper-class Shikishima family, she loves to paint pictures, is going through a cooling-off of an arranged marriage that did not work out. However, she feels attraction for Nishina a rough and obscene man ...  On the other hand, the younger sister, Naomi Sumiko is envious of her sister for her beauty. Naomi feels ugly since all men seem to like Sumiko. Both sisters then become embroiled in a major problem in discovering the real intentions of Nishina, a man who hides behind a mask to rape women.",1985-08-24,13.5626,5.571,/ksl1d50FUHaqNuNnmHSNdPrYyYl.jpg,Drama
The Impossible,movie,"[18, 53, 36]","In December 2004, close-knit family Maria, Henry and their three sons begin their winter vacation in Thailand. But the day after Christmas, the idyllic holiday turns into an incomprehensible nightmare when a terrifying roar rises from the depths of the sea, followed by a wall of black water that devours everything in its path. Though Maria and her family face their darkest hour, unexpected displays of kindness and courage ameliorate their terror.",2012-09-09,14.9702,7.375,/k0DLCiDbnYywOHiISALbl2EH2NE.jpg,"Drama, Thriller, History"
Luca,movie,"[16, 10751, 14, 18, 35]",Luca and his best friend Alberto experience an unforgettable summer on the Italian Riviera. But all the fun is threatened by a deeply-held secret: they are sea monsters from another world just below the water’s surface.,2021-06-17,18.1713,7.775,/9x4i9uKGXt8IiiIF5Ey0DIoY738.jpg,"Animation, Family, Fantasy, Drama, Comedy"
Midori,movie,"[16, 18, 27]","After losing her parents, young flower selling Midori is put up by a fairground group. She is abused and forced to slavery, until the arrival of an enigmatic magician of short stature, who gives her hope for a better future.",1992-05-02,15.903,6.0,/iv3TU7RAuWnMwhsYd7eaAIJ3NuO.jpg,"Animation, Drama, Horror"
The Dollmaker,movie,"[80, 53, 27]","In a quiet village, charming young Tomás leads a simple life: caring for his mother, working at the video store and town clinic, and collecting dolls. As women begin disappearing, newly arrived Inspector Porter investigates.",2025-10-11,14.2971,2.0,/s7nDatJ7AiwiyzOd8hh9XXpJDOJ.jpg,"Crime, Thriller, Horror"
Shooter,movie,"[18, 28, 53]","A top Marine sniper, Bob Lee Swagger, leaves the military after a mission goes horribly awry and disappears, living in seclusion. He is coaxed back into service after a high-profile government official convinces him to help thwart a plot to kill the President of the United States. Ultimately double-crossed and framed for the attempt, Swagger becomes the target of a nationwide manhunt. He goes on the run to track the real killer and find out who exactly set him up, and why, eventually seeking revenge against some of the most powerful and corrupt leaders in the free world.",2007-03-22,20.4761,7.13,/2aWGxo1E5polpBjPvtBRkWp7qaS.jpg,"Drama, Action, Thriller"
Rambo: First Blood Part II,movie,"[28, 12, 53, 10752]",John Rambo is released from prison by the government for a top-secret covert mission to the last place on Earth he'd want to return - the jungles of Vietnam.,1985-05-21,19.7382,6.67,/fVwRtWqEPdsCH21BVDGqgkAQcff.jpg,"Action, Adventure, Thriller, War"
Meet Joe Black,movie,"[14, 18, 10749]","Bill Parrish has it all - success, wealth and power. Days before his 65th birthday, he receives a visit from a mysterious stranger, Joe Black, who soon reveals himself as Death. In exchange for extra time, Bill agrees to serve as Joe's earthly guide. But will he regret his choice when Joe unexpectedly falls in love with Bill's beautiful daughter Susan?",1998-11-12,17.7354,7.373,/fDPAjvfPMomkKF7cMRmL5Anak61.jpg,"Fantasy, Drama, Romance"
Sisu: Road to Revenge,movie,"[28, 10752, 53]","Returning to the house where his family was brutally murdered during the war, ""the man who refuses to die"" dismantles it, loads it on a truck, and is determined to rebuild it somewhere safe in their honor. When the commander who killed his family comes back hellbent on finishing the job, a relentless, eye-popping cross-country chase ensues.",2025-10-21,14.5806,7.313,/roCMOuMQ55Z2TxVx1vZZTevlo0n.jpg,"Action, War, Thriller"
Alice in Wonderland,movie,"[16, 10751, 14, 12]","On a golden afternoon, wildly curious young Alice tumbles into the burrow and enters the merry, madcap world of Wonderland full of whimsical escapades.",1951-08-09,16.4526,7.19,/20cvfwfaFqNbe9Fc3VEHJuPRxmn.jpg,"Animation, Family, Fantasy, Adventure"
About Time,movie,"[18, 10749, 14]","The night after another unsatisfactory New Year's party, Tim's father reveals to him that the men in their family have the ability to travel through time. They can't change history, but they can change what happens and has happened in their own lives. Thus begins the start of a lesson in learning to appreciate life itself as it is, as it comes, and most importantly, the people living alongside us.",2013-09-04,19.098,7.903,/ls6zswrOZVhCXQBh96DlbnLBajM.jpg,"Drama, Romance, Fantasy"
War of the Worlds,movie,"[12, 53, 878]","Ray Ferrier is a divorced dockworker and less-than-perfect father. Soon after his ex-wife and her new husband drop off his teenage son and young daughter for a rare weekend visit, a strange and powerful lightning storm touches down.",2005-06-28,18.0656,6.568,/6Biy7R9LfumYshur3YKhpj56MpB.jpg,"Adventure, Thriller, Science Fiction"
That Malicious Age,movie,"[18, 10749]","Gardener Napoleone takes a job in a southern-Italian villa and quickly finds himself embroiled in a menage-a-trois with Paola and her mother, which soon leads to sex, death and mayhem.",1975-03-11,14.4765,6.426,/jClfWhb0D199i02JlIIWy7Fbu9L.jpg,"Drama, Romance"
13 Minutes,movie,"[28, 18, 53]","As a new day begins in the small American town of Minninnewah, the residents start their day as ordinary as the next. Mother Nature, however, has other plans for them. Inhabitants have just 13 minutes to seek shelter before the largest tornado on record ravages the town, leaving them struggling to protect their loved ones and fighting for their lives. Left to deal with the aftermath, four families must overcome their differences and find strength in each other in order to survive.",2021-10-29,16.971,5.773,/oKng4fEr4QgS869UuWLSjAsR2rz.jpg,"Action, Drama, Thriller"
"Red, White & Royal Blue",movie,"[35, 10749]","After an altercation between Alex, the president's son, and Britain's Prince Henry at a royal event becomes tabloid fodder, their long-running feud now threatens to drive a wedge in U.S./British relations. When the rivals are forced into a staged truce, their icy relationship begins to thaw and the friction between them sparks something deeper than they ever expected.",2023-07-27,16.3533,7.934,/dD3vhyDRCCT90hf4rldHU6Wu3Va.jpg,"Comedy, Romance"
The Cousin,movie,"[35, 18]","Italian coming of age story about two cousins, Enzo and Agata, told in three stages.",1974-07-26,16.2702,5.438,/4EGglGdHpMdDX6w07t6Ns6gidrx.jpg,"Comedy, Drama"
Ice Age: The Meltdown,movie,"[16, 10751, 35, 12]","Diego, Manny and Sid return in this sequel to the hit animated movie Ice Age. This time around, the deep freeze is over, and the ice-covered earth is starting to melt, which will destroy the trio's cherished valley. The impending disaster prompts them to reunite and warn all the other beasts about the desperate situation.",2006-03-29,14.1309,6.726,/zDduhCHasKQ9YOTvlOreHem7Wbi.jpg,"Animation, Family, Comedy, Adventure"
"Red, White & Royal Blue",movie,"[35, 10749]","After an altercation between Alex, the president's son, and Britain's Prince Henry at a royal event becomes tabloid fodder, their long-running feud now threatens to drive a wedge in U.S./British relations. When the rivals are forced into a staged truce, their icy relationship begins to thaw and the friction between them sparks something deeper than they ever expected.",2023-07-27,16.3533,7.934,/dD3vhyDRCCT90hf4rldHU6Wu3Va.jpg,"Comedy, Romance"
The Cousin,movie,"[35, 18]","Italian coming of age story about two cousins, Enzo and Agata, told in three stages.",1974-07-26,16.2702,5.438,/4EGglGdHpMdDX6w07t6Ns6gidrx.jpg,"Comedy, Drama"
Ice Age: The Meltdown,movie,"[16, 10751, 35, 12]","Diego, Manny and Sid return in this sequel to the hit animated movie Ice Age. This time around, the deep freeze is over, and the ice-covered earth is starting to melt, which will destroy the trio's cherished valley. The impending disaster prompts them to reunite and warn all the other beasts about the desperate situation.",2006-03-29,14.1309,6.726,/zDduhCHasKQ9YOTvlOreHem7Wbi.jpg,"Animation, Family, Comedy, Adventure"
Oblivion,movie,"[28, 878, 12, 9648]","Jack Harper is one of the last few drone repairmen stationed on Earth. Part of a massive operation to extract vital resources after decades of war with a terrifying threat known as the Scavs, Jack’s mission is nearly complete. His existence is brought crashing down when he rescues a beautiful  stranger from a downed spacecraft. Her arrival triggers a chain of events that  forces him to question everything he knows and puts the fate of humanity in his hands.",2013-04-10,15.5856,6.692,/bYLM3GpNUZnoFElPXp1zlhDPdtv.jpg,"Action, Science Fiction, Adventure, Mystery"
Tomorrowland,movie,"[12, 10751, 9648, 878]","Bound by a shared destiny, a bright, optimistic teen bursting with scientific curiosity and a former boy-genius inventor jaded by disillusionment embark on a danger-filled mission to unearth the secrets of an enigmatic place somewhere in time and space that exists in their collective memory as ""Tomorrowland.""",2015-05-19,15.9627,6.309,/kziYpr5Nfw60P0My8aj1sgCEqed.jpg,"Adventure, Family, Mystery, Science Fiction"
Monsters University,movie,"[16, 10751, 35, 14]",A look at the relationship between Mike and Sulley during their days at Monsters University — when they weren't necessarily the best of friends.,2013-06-19,17.1894,7.057,/y7thwJ7z5Bplv6vwl6RI0yteaDD.jpg,"Animation, Family, Comedy, Fantasy"
The Jungle Book,movie,"[12, 10751, 14]","After a threat from the tiger Shere Khan, Mowgli, a man-cub fostered by wolves, is forced to flee the jungle, and he embarks on a journey of self-discovery with the help of the panther, Bagheera, and the free-spirited bear, Baloo.",2016-04-07,16.5171,6.879,/2Epx7F9X7DrFptn4seqn4mzBVks.jpg,"Adventure, Family, Fantasy"
A Haunted Romance,movie,[27],Hong Kong horror movie from 1985.,1985-05-24,15.851,10.0,/2TqIVoUH71ZwZBFtvG6Y8P2YY8l.jpg,Horror
The Voyeurs,movie,[53],"When Pippa and Thomas move into their dream apartment, they notice that their windows look directly into the apartment opposite – inviting them to witness the volatile relationship of the attractive couple across the street. But what starts as a simple curiosity turns into full-blown obsession with increasingly dangerous consequences.",2021-08-25,18.6124,6.545,/8Y4XOIWhpOvSOEn8XrxbkH9yAXO.jpg,Thriller
Pacific Rim: Uprising,movie,"[28, 14, 878, 12]","It has been ten years since The Battle of the Breach and the oceans are still, but restless. Vindicated by the victory at the Breach, the Jaeger program has evolved into the most powerful global defense force in human history. The PPDC now calls upon the best and brightest to rise up and become the next generation of heroes when the Kaiju threat returns.",2018-03-21,20.4219,6.12,/nFWhttU8PM50t25NPdy7PE7rv3G.jpg,"Action, Fantasy, Science Fiction, Adventure"
The Fate of the Furious,movie,"[28, 80, 53]","When a mysterious woman seduces Dom into the world of crime and a betrayal of those closest to him, the crew face trials that will test them as never before.",2017-04-12,14.9,6.851,/dImWM7GJqryWJO9LHa3XQ8DD5NH.jpg,"Action, Crime, Thriller"
The Perks of Being a Wallflower,movie,[18],"Pittsburgh, Pennsylvania, 1991. High school freshman Charlie is a wallflower, always watching life from the sidelines, until two senior students, Sam and her stepbrother Patrick, become his mentors, helping him discover the joys of friendship, music and love.",2012-09-20,18.9758,7.804,/aKCvdFFF5n80P2VdS7d8YBwbCjh.jpg,Drama
Anaconda,movie,"[12, 27, 53]","A 'National Geographic' film crew is taken hostage by an insane hunter, who takes them along on his quest to capture the world's largest — and deadliest — snake.",1997-04-11,11.1507,5.281,/33NysOnLpLZY0ewHTcfpalzAsRG.jpg,"Adventure, Horror, Thriller"
Aquaman,movie,"[28, 12, 14]","Half-human, half-Atlantean Arthur Curry is taken on the journey of his lifetime to discover if he is worth of being a king.",2018-12-07,19.5326,6.865,/ufl63EFcc5XpByEV2Ecdw6WJZAI.jpg,"Action, Adventure, Fantasy"
Mother Mary,movie,"[10402, 18, 53]",Long-buried wounds rise to the surface when iconic pop star Mother Mary reunites with her estranged best friend and former costume designer Sam Anselm on the eve of her comeback performance.,2026-04-16,17.0742,5.65,/uVcsN3yoHh7ZcJ6ecj1FJfv7dLa.jpg,"Music, Drama, Thriller"
The Ring,movie,"[27, 9648]",Journalist Rachel Keller investigates a strange videotape that may be behind the untimely deaths of four teenagers. There is an urban legend about this tape: the viewer will die seven days after watching it. Rachel tracks down the video... and watches it. Now she has just seven days to unravel the mystery of the Ring in order to save herself and her son.,2002-10-18,13.9146,6.708,/AeRpUynJKDpJveklBJipOYrVxCS.jpg,"Horror, Mystery"
Grease,movie,"[10749, 35]","Australian good girl Sandy and greaser Danny fell in love over the summer. But when they unexpectedly discover they're now in the same high school, will they be able to rekindle their romance despite their eccentric friends?",1978-06-16,16.1693,7.365,/2rM7fQKpb7cs1Iq7IBqub9LFDzJ.jpg,"Romance, Comedy"
Dune: Part Three,movie,"[878, 12]",Emperor Paul Atreides faces the fallout from his ascent to power as political plots and a galaxy-wide holy war endanger the future only he can see.,2026-12-15,15.6349,0.0,/d43fvHQsIMa4kpyhKXw0haEJIvI.jpg,"Science Fiction, Adventure"
Door,movie,"[27, 9648, 53]","Yasuko, a housewife, lives in an urban high-rise apartment with her husband Satoru and her son Takuto.  Annoyed by spam calls and door-to-door salesmen, Yasuko slams the door on a salesman’s hand when he tries to squeeze a flyer through the apartment's chained front door. He leaves, but the next day, her nightmare starts.",1988-05-14,14.2618,6.063,/uNTZ9vp32AYd6kcAcm63jVg6u44.jpg,"Horror, Mystery, Thriller"
Annihilation,movie,"[878, 27]","A biologist signs up for a dangerous, secret expedition into a mysterious zone where the laws of nature don't apply.",2018-02-22,18.9526,6.447,/4YRplSk6BhH6PRuE9gfyw9byUJ6.jpg,"Science Fiction, Horror"
Peddi,movie,"[28, 18]","In a village that doesn't officially exist, a laborer's unmatched athletic talent becomes his weapon to fight for his people's right to be recognized.",2026-06-03,16.3971,5.831,/kJAJNNBYlbqAcpTDxBNnaILSMTy.jpg,"Action, Drama"
Cavegirl,movie,[35],"On a class excursion to a cave with stone age paintings the clumsy Rex gets lost. A mysterious crystal opens a gateway in time and sets him back to the stone ages, where he meets a group of prehistoric fellows and the gorgeous Eba. While teaching her English and doing some pseudo-research on her fellows, his main goal is to get her sleeping with him. However the curiosity of the clan chief disturbs his attempts.",1985-05-01,16.3226,4.0,/kONbgktPKsm3EMj3MiES0IP8BRr.jpg,Comedy
Sniper: No Nation,movie,"[28, 53]",Brandon Beckett and Agent Zero lead a rescue mission in Costa Verde when their friends are taken hostage.,2026-03-13,14.7261,6.625,/tUmARo0TZEK1EaSuS6dU35FhDyU.jpg,"Action, Thriller"
The Bourne Supremacy,movie,"[28, 18, 53]","A CIA operation to purchase classified Russian documents is blown by a rival agent, who then shows up in the sleepy seaside village where Bourne and Marie have been living. The pair run for their lives and Bourne, who promised retaliation should anyone from his former life attempt contact, is forced to once again take up his life as a trained assassin to survive.",2004-07-23,14.9083,7.335,/jupG9sFT64YwM8PSkwkUD2wHcYD.jpg,"Action, Drama, Thriller"
Scary Movie 2,movie,[35],"A group of students visit a mansion called ""Hell House,"" and murderous high jinks ensue.",2001-07-04,15.6236,5.846,/7Eb1JWK0Cb0rbfsYjwfc9g0PbQH.jpg,Comedy
300,movie,"[28, 12, 10752]","A story very loosely based the 480 B.C. Battle of Thermopylae, where the King of Sparta led his army against the advancing Persians.",2007-03-07,16.342,7.208,/h7Lcio0c9ohxPhSZg42eTlKIVVY.jpg,"Action, Adventure, War"
Beverly Hills Cop,movie,"[35, 80, 28]","Fast-talking, quick-thinking Detroit street cop Axel Foley has bent more than a few rules and regs in his time, but when his best friend is murdered, he heads to sunny Beverly Hills to work the case like only he can.",1984-12-05,20.5685,7.211,/eBJEvKkhQ0tUt1dBAcTEYW6kCle.jpg,"Comedy, Crime, Action"
The Hunchback of Notre Dame,movie,"[18, 16, 10751]","Isolated in the bell tower of Notre Dame, Quasimodo longs to experience the world beyond the cathedral walls, despite the wishes of his stern guardian, the Judge of Paris Claude Frollo. His first venture into the city leads him to Esmeralda, a fearless Romani woman whose defiance of Frollo's tyranny draws her—and Quasimodo—into his dangerous obsession.",1996-06-21,15.3655,7.135,/dmMBtXuFzZzLYgeQXkOkg98w2Ak.jpg,"Drama, Animation, Family"
Selena Gomez: My Mind & Me,movie,"[99, 10402]","After years in the limelight, Selena Gomez achieves unimaginable stardom. But just as she reaches a new peak, an unexpected turn pulls her into darkness. This uniquely raw and intimate documentary spans her six-year journey into a new light.",2022-11-04,17.0281,8.452,/oMpsswJv8x4vnOnIKqs4xJs2Kn3.jpg,"Documentary, Music"
The Brink of War,movie,"[18, 36]","President Ronald Reagan races against time to salvage a deal with Soviet leader Mikhail Gorbachev that could dismantle nuclear arsenals—or ignite disaster. With pressure mounting on all sides, every word spoken brings the world closer to peace... or destruction.",2026-08-14,14.9399,8.0,/hFborW6HmffKL05GIWlkTFdvVpN.jpg,"Drama, History"
Evolution,movie,"[16, 10751, 35]","When an alien substance mixes Zoe’s DNA with that of her exotic pets, a hilarious adventure begins where humans turn into animals, animals turn into humans, and everyone must come to an agreement to save the world.",2026-02-06,13.6228,6.4,/8tMZOnlFUa6zxlEF84QfghXnjuD.jpg,"Animation, Family, Comedy"
The Irishman,movie,"[80, 18, 36]","Pennsylvania, 1956. Frank Sheeran, a war veteran of Irish origin who works as a truck driver, accidentally meets mobster Russell Bufalino. Once Frank becomes his trusted man, Bufalino sends him to Chicago with the task of helping Jimmy Hoffa, a powerful union leader related to organized crime, with whom Frank will maintain a close friendship for nearly twenty years.",2019-11-01,19.4348,7.571,/mbm8k3GFhXS0ROd9AD1gqYbIFbM.jpg,"Crime, Drama, History"
Solo: A Star Wars Story,movie,"[878, 12, 28]","Through a series of daring escapades deep within a dark and dangerous criminal underworld, Han Solo meets his mighty future copilot Chewbacca and encounters the notorious gambler Lando Calrissian.",2018-05-15,15.5338,6.553,/4oD6VEccFkorEBTEDXtpLAaz0Rl.jpg,"Science Fiction, Adventure, Action"
Dumb and Dumber,movie,[35],"Lloyd and Harry are two men whose stupidity is really indescribable. When Mary, a beautiful woman, loses an important suitcase with money before she leaves for Aspen, the two friends (who have found the suitcase) decide to return it to her. After some ""adventures"" they finally get to Aspen where, using the lost money they live it up and fight for Mary's heart.",1994-12-16,15.5302,6.662,/4LdpBXiCyGKkR8FGHgjKlphrfUc.jpg,Comedy
The Accountant²,movie,"[9648, 80, 53]","When an old acquaintance is murdered, Wolff is compelled to solve the case. Realizing more extreme measures are necessary, Wolff recruits his estranged and highly lethal brother, Brax, to help. In partnership with Marybeth Medina, they uncover a deadly conspiracy, becoming targets of a ruthless network of killers who will stop at nothing to keep their secrets buried.",2025-04-23,16.9909,7.078,/lUvfTcOZiK0sdcX0WNLPbMyKjGm.jpg,"Mystery, Crime, Thriller"
The Prince of Egypt,movie,"[12, 16, 18, 10751]","The strong bond between two Royal Egyptian brothers is challenged when their chosen responsibilities set them at odds, with extraordinary consequences.",1998-12-16,15.2778,7.323,/2xUjYwL6Ol7TLJPPKs7sYW5PWLX.jpg,"Adventure, Animation, Drama, Family"
Collateral,movie,"[18, 80, 53]",Cab driver Max picks up a man who offers him $600 to drive him around. But the promise of easy money sours when Max realizes his fare is an assassin.,2004-08-04,18.7153,7.249,/nV5316WUsVij8sVXLCF1g7TFitg.jpg,"Drama, Crime, Thriller"
The Angry Birds Movie 2,movie,"[16, 12, 35, 10751, 28]","Red, Chuck, Bomb and the rest of their feathered friends are surprised when a green pig suggests that they put aside their differences and unite to fight a common threat. Aggressive birds from an island covered in ice are planning to use an elaborate weapon to destroy the fowl and swine.",2019-08-02,14.3634,7.052,/ebe8hJRCwdflNQbUjRrfmqtUiNi.jpg,"Animation, Adventure, Comedy, Family, Action"
Sex and the Single Girl,movie,"[35, 10749]",A womanizing reporter for a sleazy tabloid magazine impersonates his hen-pecked neighbor in order to get an expose on renowned psychologist Helen Gurley Brown.,1964-12-25,17.8717,6.554,/eGGj9foBY4jonHskGq7ysgf2ESR.jpg,"Comedy, Romance"
Donnie Darko,movie,"[14, 18, 9648]","After narrowly escaping a bizarre accident, a troubled teenager is plagued by visions of a large bunny rabbit that manipulates him to commit a series of crimes.",2001-01-19,18.7133,7.76,/j2AtZFsflxiluaNtajMTI0Avm8C.jpg,"Fantasy, Drama, Mystery"
Donnie Darko,movie,"[14, 18, 9648]","After narrowly escaping a bizarre accident, a troubled teenager is plagued by visions of a large bunny rabbit that manipulates him to commit a series of crimes.",2001-01-19,18.7133,7.76,/j2AtZFsflxiluaNtajMTI0Avm8C.jpg,"Fantasy, Drama, Mystery"
Forgotten Island,movie,"[12, 16, 35, 10751, 14]","While celebrating their last night together, high school graduates and best friends Jo and Raissa stumble upon a mysterious portal that transports them to the fantastical island of Nakali. When they discover that the memories of their entire friendship are the price for returning home, Jo and Raissa will race to find a way to leave the island before they forget each other forever.",2026-09-16,14.8938,0.0,/kW1fH2jZZM5tVHwNaDdUOUXJvWU.jpg,"Adventure, Animation, Comedy, Family, Fantasy"
Heartstopper Forever,movie,"[10749, 18]","It's a new school year for the Truham-Higgs gang. As Nick and Charlie's relationship deepens, their thoughts turn to life after the last bell rings.",2026-07-14,13.6987,7.2,/r4lVJVO1BeBb11cBcXBdbHc9e9k.jpg,"Romance, Drama"
Convent of Sinners,movie,"[18, 27]","Convent of Sinners is the story of Susanna, a young girl who is raped by her own father and sent to a convent for her sins, where she falls in love with a priest. The other nuns, however, are jealous and angry, they want Susanna for themselves, and accuse her of being possessed by the Devil.",1986-08-09,15.6296,5.276,/1L0BEF5ymuJeAW05fSGMB849Fnq.jpg,"Drama, Horror"
The Lego Ninjago Movie,movie,"[28, 12, 16, 35, 10751]","Six young ninjas are tasked with defending their island home of Ninjago. By night, they’re gifted warriors using their skill and awesome fleet of vehicles to fight villains and monsters. By day, they’re ordinary teens struggling against their greatest enemy....high school.",2017-09-21,13.0016,6.5,/vUo0pNXGhp2ffTJxiStWt6fHL7F.jpg,"Action, Adventure, Animation, Comedy, Family"
San Andreas,movie,"[28, 18, 53]","In the aftermath of a massive earthquake in California, a rescue-chopper pilot makes a dangerous journey across the state in order to rescue his estranged daughter.",2015-05-27,14.3974,6.251,/2Gfjn962aaFSD6eST6QU3oLDZTo.jpg,"Action, Drama, Thriller"
Talk to Me,movie,[27],"When a group of friends discover how to conjure spirits using an embalmed hand, they become hooked on the new thrill, until one of them goes too far and unleashes terrifying supernatural forces.",2023-07-26,15.9472,7.139,/kdPMUMJzyYAc4roD52qavX0nLIC.jpg,Horror
Indiana Jones and the Temple of Doom,movie,"[12, 28]","After arriving in India, Indiana Jones is asked by a desperate village to find a mystical stone. He agrees – and stumbles upon a secret cult plotting a terrible plan in the catacombs of an ancient palace.",1984-05-23,19.267,7.309,/gpdVNUaa4LhRMLfJOPj1AZdhAZ3.jpg,"Adventure, Action"
Ghost in the Shell,movie,"[878, 18, 28]","In the near future, Major is the first of her kind: a human saved from a terrible crash, then cyber-enhanced to be a perfect soldier devoted to stopping the world's most dangerous criminals.",2017-03-29,18.2804,6.112,/zCtL3UBgCoZzd7XTVGhvl6XY75E.jpg,"Science Fiction, Drama, Action"
Fatherland,movie,"[18, 36]","In 1949, German writer Thomas Mann and his daughter Erika embark on a road trip across a Germany in ruins, from US-dominated Frankfurt to Soviet-controlled Weimar.",2026-06-19,16.1133,6.2,/oNejN1l69nBF8LdQwy5FkAQZT44.jpg,"Drama, History"
Groundhog Day,movie,"[10749, 14, 35]","A cynical TV weatherman, along with his idealistic producer and his sardonic cameraman, is sent to report on Groundhog Day in the small town of Punxsutawney, where he finds himself repeating the same day over and over.",1993-02-11,16.7721,7.635,/gCgt1WARPZaXnq523ySQEUKinCs.jpg,"Romance, Fantasy, Comedy"
No Thank You,movie,"[18, 35]","Heli Valkonen is desperately in love with her husband. But Matti is just not in the mood. He is only interested in playing computer games, dressed in worn out fleece pants. For him, a shoulder massage is the highest form of intimacy. When subtle hints, nice words and fetching clothes won't help, Heli resorts in direct, and increasingly direct action - in vain.",2014-01-10,19.4819,4.5,/xdPbM7uvl4s77Llpe38JdkxvtMX.jpg,"Drama, Comedy"
Don't Look Up,movie,"[35, 878, 18]",Two astronomers go on a media tour to warn humankind of a planet-killing comet hurtling toward Earth. The response from a distracted world: Meh.,2021-12-08,16.072,7.057,/th4E1yqsE8DGpAseLiUrI60Hf8V.jpg,"Comedy, Science Fiction, Drama"
Cold Storage,movie,"[27, 878, 35]","When a mutating, highly contagious fungus escapes a sealed facility, two employees – joined by a grizzled bioterror operative – must survive the wildest night shift ever to save humanity from extinction.",2026-01-22,13.973,6.781,/3HA2iiq982e01EKXJvPFyfMADVM.jpg,"Horror, Science Fiction, Comedy"
Modori River,movie,"[80, 18, 10749]","The story of Takeha, a free-spirited genius poet who lived through Taisho Romanticism, and the women who gave themselves over to his ambitions.",1983-04-16,15.3975,5.7,/4EHBFyeBWN2N1llrZqyddMK8rsN.jpg,"Crime, Drama, Romance"
Van Helsing,movie,"[27, 12, 28]",Famed monster slayer Gabriel Van Helsing is dispatched to Transylvania to assist the last of the Valerious bloodline in defeating Count Dracula. Anna Valerious reveals that Dracula has formed an unholy alliance with Dr. Frankenstein's monster and is hell-bent on exacting a centuries-old curse on her family.,2004-05-03,13.5057,6.424,/gsFun8nATm52aGHeT8ueAel98nE.jpg,"Horror, Adventure, Action"
All Quiet on the Western Front,movie,"[10752, 18]","Paul Baumer and his friends Albert and Muller, egged on by romantic dreams of heroism, voluntarily enlist in the German army. Full of excitement and patriotic fervour, the boys enthusiastically march into a war they believe in. But once on the Western Front, they discover the soul-destroying horror of World War I.",2022-10-07,17.6496,7.743,/2IRjbi9cADuDMKmHdLK7LaqQDKA.jpg,"War, Drama"
The Tomorrow War,movie,"[28, 878, 12]","The world is stunned when a group of time travelers arrive from the year 2051 to deliver an urgent message: Thirty years in the future, mankind is losing a global war against a deadly alien species. The only hope for survival is for soldiers and civilians from the present to be transported to the future and join the fight. Among those recruited is high school teacher and family man Dan Forester. Determined to save the world for his young daughter, Dan teams up with a brilliant scientist and his estranged father in a desperate quest to rewrite the fate of the planet.",2021-09-03,16.2483,7.528,/34nDCQZwaEvsy4CFO5hkGRFDCVU.jpg,"Action, Science Fiction, Adventure"
The Expendables,movie,"[53, 12, 28]","Barney Ross leads a band of highly skilled mercenaries including knife enthusiast Lee Christmas, a martial arts expert Yin Yang, heavy weapons specialist Hale Caesar, demolitionist Toll Road, and a loose-cannon sniper Gunner Jensen. When the group is commissioned by the mysterious Mr. Church to assassinate the dictator of a small South American island, Barney and Lee visit the remote locale to scout out their opposition and discover the true nature of the conflict engulfing the city.",2010-08-07,20.0097,6.251,/j09ZkH6R4JWVylBcDai1laCmGw7.jpg,"Thriller, Adventure, Action"
Bridge to Terabithia,movie,"[12, 18, 10751]","Jesse Aarons trained all summer to become the fastest runner in school. So he's very upset when newcomer Leslie Burke outruns him and everyone else. Despite this and other differences including that she's rich, he's poor, she's a city girl, and he's a country boy the two become fast friends. Together they create Terabithia, a land of monsters, trolls, ogres, and giants where they rule as king and queen.",2007-02-15,16.3737,7.35,/3xFxGodKPMFLheS8rujFSmLfcq4.jpg,"Adventure, Drama, Family"
Reacher,series,"[10759, 80]","Jack Reacher, a veteran military police investigator, has just recently entered civilian life. Reacher is a drifter, carrying no phone and the barest of essentials as he travels the country and explores the nation he once served.",2022-02-03,519.9028,8.104,/f1VCQIG2iCyOookdgOzwtUpwWC0.jpg,"Action & Adventure, Crime"
The Mentalist,series,"[80, 18, 9648]","Patrick Jane, a former celebrity psychic medium, uses his razor sharp skills of observation and expertise at ""reading"" people to solve serious crimes with the California Bureau of Investigation.",2008-09-23,392.9681,8.397,/acYXu4KaDj1NIkMgObnhe4C4a0T.jpg,"Crime, Drama, Mystery"
Lioness,series,"[18, 10768]","Cruz Manuelos, a rough-around-the-edges but passionate young Marine, is recruited to join the CIA's Lioness Engagement Team to help bring down a terrorist organization from within. Joe, the station chief of the Lioness program, is tasked with training, managing and leading her female undercover operatives.",2023-07-23,370.756,8.114,/rzpHPSEgPTpRs8EHbygwsOw7jC0.jpg,"Drama, War & Politics"
Lanterns,series,"[18, 9648, 10765]","Two intergalactic cops, new recruit John Stewart and Lantern legend Hal Jordan, are drawn into a dark, Earth-based mystery as they investigate a murder in the American heartland.",2026-08-16,277.3194,8.286,/gpC7h43xPMEV3goYMQShfJbTtLq.jpg,"Drama, Mystery, Sci-Fi & Fantasy"
Silo,series,"[10765, 18]","In a ruined and toxic future, thousands live in a giant silo deep underground. After its sheriff breaks a cardinal rule and residents die mysteriously, engineer Juliette starts to uncover shocking secrets and the truth about the silo.",2023-05-04,300.5164,8.2,/gMYZZvnkVNTqSVnVCphWbPXwWwb.jpg,"Sci-Fi & Fantasy, Drama"
Law & Order: Special Victims Unit,series,"[80, 18, 9648]","In the criminal justice system, sexually-based offenses are considered especially heinous. In New York City, the dedicated detectives who investigate these vicious felonies are members of an elite squad known as the Special Victims Unit. These are their stories.",1999-09-20,294.0541,7.96,/iofokHZoUB4Qhik4PflvJl8TT6a.jpg,"Crime, Drama, Mystery"
Tagesschau,series,[10763],"German daily news program, the oldest still existing program on German television.",1952-12-26,263.9928,6.768,/7dFZJ2ZJJdcmkp05B9NWlqTJ5tq.jpg,News
The Simpsons,series,"[16, 35]","Set in Springfield, the average American town, the show focuses on the antics and everyday adventures of the Simpson family; Homer, Marge, Bart, Lisa and Maggie, as well as a virtual cast of thousands. Since the beginning, the series has been a pop culture icon, attracting hundreds of celebrities to guest star. The show has also made name for itself in its fearless satirical take on politics, media and American life in general.",1989-12-17,266.6011,8.021,/uWpG7GqfKGQqX4YMAo3nv5OrglV.jpg,"Animation, Comedy"
Gran hermano,series,[10764],Argentina's version of the Big Brother franchise.,2001-03-10,268.3604,4.5,/snIRCY6Qhei08YUNQjjZI2gc4CK.jpg,Reality
Family Guy,series,"[16, 35]","Sick, twisted, politically incorrect and Freakin' Sweet animated series featuring the adventures of the dysfunctional Griffin family. Bumbling Peter and long-suffering Lois have three kids. Stewie (a brilliant but sadistic baby bent on killing his mother and taking over the world), Meg (the oldest, and is the most unpopular girl in town) and Chris (the middle kid, he's not very bright but has a passion for movies). The final member of the family is Brian - a talking dog and much more than a pet, he keeps Stewie in check whilst sipping Martinis and sorting through his own life issues.",1999-01-31,234.755,7.4,/3PFsEuAiyLkWsP4GG6dIV37Q6gu.jpg,"Animation, Comedy"
Watch What Happens Live with Andy Cohen,series,"[10767, 35]",Bravo network executive Andy Cohen discusses pop culture topics with celebrities and reality show personalities.,2009-07-16,225.468,4.921,/onSD9UXfJwrMXWhq7UY7hGF2S1h.jpg,"Talk, Comedy"
The Rookie,series,"[80, 18, 35]","Starting over isn't easy, especially for small-town guy John Nolan who, after a life-altering incident, is pursuing his dream of being an LAPD officer. As the force's oldest rookie, he's met with skepticism from some higher-ups who see him as just a walking midlife crisis.",2018-10-16,230.529,8.544,/70kTz0OmjjZe7zHvIDrq2iKW7PJ.jpg,"Crime, Drama, Comedy"
NCIS,series,"[80, 18, 10759]","From murder and espionage to terrorism and stolen submarines, a team of special agents investigates any crime that has any connection to Navy and Marine Corps personnel, regardless of rank or position.",2003-09-23,215.0119,7.61,/mBcu8d6x6zB1el3MPNl7cZQEQ31.jpg,"Crime, Drama, Action & Adventure"
Ted Lasso,series,"[18, 35]","Ted Lasso, an American football coach, moves to England when he's hired to manage a soccer team—despite having no experience. With cynical players and a doubtful town, will he get them to see the Ted Lasso Way?",2020-08-14,219.0891,8.367,/uRHsiw1wLxPHFXkkv4Ix1s0O6f4.jpg,"Drama, Comedy"
Supernatural,series,"[18, 9648, 10765]","When they were boys, Sam and Dean Winchester lost their mother to a mysterious and demonic supernatural force. Subsequently, their father raised them to be soldiers. He taught them about the paranormal evil that lives in the dark corners and on the back roads of America ... and he taught them how to kill it. Now, the Winchester brothers crisscross the country in their '67 Chevy Impala, battling every kind of supernatural threat they encounter along the way. ",2005-09-13,204.4202,8.314,/8iixmfGx5EIFPdpNvB2JvI3VIqX.jpg,"Drama, Mystery, Sci-Fi & Fantasy"
The Early Spring,series,[18],"New to Beijing, Shang Zhitao crosses paths with Luan Nian, a true creative genius. Bold and open-hearted, she grows stronger step by step and gradually breaks through the defenses around Luan's guarded heart. Drawn to each other, they find themselves caught in an intense, on-again, off-again relationship in the urban jungle. To love is to summon all your courage and leave no regrets, to heal each other, and to grow together. But when love and her career pull her in different directions, she puts her career first. When she has come into her own and he has learned to soften his sharp edges, they finally stand as equals, ready to write a new ending together...",2026-08-26,209.8922,6.7,/yiAzR6wGqjyAotZ4DvFvFeo8QS0.jpg,Drama
Law & Order,series,"[80, 18]","In cases ripped from the headlines, police investigate serious and often deadly crimes, weighing the evidence and questioning the suspects until someone is taken into custody. The district attorney's office then builds a case to convict the perpetrator by proving the person guilty beyond a reasonable doubt. Working together, these expert teams navigate all sides of the complex criminal justice system to make New York a safer place.",1990-09-13,208.5235,7.267,/haJ9eHytVO3H3JooMJG1DiWwDNm.jpg,"Crime, Drama"
The Tonight Show Starring Jimmy Fallon,series,"[35, 10767]","After Jay Leno's second retirement from the program, Jimmy Fallon stepped in as his permanent replacement. After 42 years in Los Angeles the program was brought back to New York.",2014-02-17,204.1878,5.765,/1N4o5PmmqhlVDrcdJ2RlCFWbLGX.jpg,"Comedy, Talk"
Grey's Anatomy,series,[18],Follows the personal and professional lives of a group of doctors at Seattle's Grey Sloan Memorial Hospital.,2005-03-27,177.8008,8.206,/hjJkrLXhWvGHpLeLBDFznpBTY1S.jpg,Drama
Criminal Minds,series,"[80, 18, 9648]","An elite team of FBI profilers analyze the country's most twisted criminal minds, anticipating their next moves before they strike again. The Behavioral Analysis Unit's most experienced agent is David Rossi, a founding member of the BAU who returns to help the team solve new cases.",2005-09-22,191.1058,8.298,/hWSb4UnIjlTvnvrP98NbFSO60HA.jpg,"Crime, Drama, Mystery"
American Dad!,series,"[16, 35]","The series focuses on an eccentric motley crew that is the Smith family and their three housemates: Father, husband, and breadwinner Stan Smith; his better half housewife, Francine Smith; their college-aged daughter, Hayley Smith; and their high-school-aged son, Steve Smith. Outside of the Smith family, there are three additional main characters, including Hayley's boyfriend turned husband, Jeff Fischer; the family's man-in-a-goldfish-body pet, Klaus; and most notably the family's zany alien, Roger, who is ""full of masquerades, brazenness, and shocking antics.""",2005-02-06,202.8146,7.023,/eb9sH2am9IUSQ8GhXTNAVoujk8W.jpg,"Animation, Comedy"
Jason and the Argonauts,series,"[10751, 10759, 10765]","At a young age, Jason witnesses the brutal deposement and murder of his father at the hands of his uncle Pelias. Twenty years later, Jason returns home to claim his rightful place as king, but Pelias orders him to be executed, and in order to save himself Jason is forced to go on a dangerous quest to find the legendary Golden Fleece. So Jason gathers a motley crew of men and sets sail on the Argos.",2000-05-07,192.8109,6.494,/pYXkdXyqnmKFf01Yi6MkbfMczhv.jpg,"Family, Action & Adventure, Sci-Fi & Fantasy"
Kamen Rider,series,"[10759, 10765, 18]","Takeshi Hongo is a promising young man with a passion for motorcycle racing. However, his dreams are suddenly ruined when he gets kidnapped by Shocker, the evil secret organization planning to dominate the world. After being remodeled into a cyborg, Takeshi escapes and swears to protect the world from the inhuman monsters.",1971-04-03,191.2665,6.4,/2DIBDFHiKQawz4WPsYekl9DHwyA.jpg,"Action & Adventure, Sci-Fi & Fantasy, Drama"
CSI: Crime Scene Investigation,series,"[80, 18, 9648]","A Las Vegas team of forensic investigators are trained to solve criminal cases by scouring the crime scene, collecting irrefutable evidence and finding the missing pieces that solve the mystery.",2000-10-06,206.0371,7.614,/i5hmoRjHNWady4AtAGICTUXknKH.jpg,"Crime, Drama, Mystery"
Pelotón,series,[10764],"Pelotón is a Chilean reality show on National Television of Chile in which the participants undergo an intense regime of military training. The winner receives 50 million pesos. The first season aired January 2 — May 5, 2007, and the second season ran from October 2, 2007 to March 11, 2008. The third season were premiere in July 2009 and the contestants were Chilean celebrities. The third and 4th season were shooting back to back, and like last season the majority of participants were celebrities.",2007-01-02,187.3325,9.0,/2rTGn2CBavgioMVorVdZHgmdA2n.jpg,Reality
Rick and Morty,series,"[16, 35, 10765, 10759]",Follows a sociopathic genius scientist who drags his inherently timid grandson on adventures across the universe.,2013-12-02,174.1525,8.682,/owhkU6KRqdXoUQpjV8uyZGPtX58.jpg,"Animation, Comedy, Sci-Fi & Fantasy, Action & Adventure"
Breaking Bad,series,"[18, 80]","Walter White, a New Mexico chemistry teacher, is diagnosed with Stage III cancer and given a prognosis of only two years left to live. He becomes filled with a sense of fearlessness and an unrelenting desire to secure his family's financial future at any cost as he enters the dangerous world of drugs and crime.",2008-01-20,153.461,8.95,/anFx9aTOOYqgS3v7x3R84Kz67ly.jpg,"Drama, Crime"
Storm of Love,series,"[18, 10766]","These are the stories of relationships taking place in the fictional five-star hotel Fürstenhof, located in Feldkirchen-Westerham near Rosenheim with the plot revolving around members of the family room area, the hotel owners, and employees.",2005-09-26,162.0724,6.0,/jfFNydakwvbeACEwSd2Gh8UWtba.jpg,"Drama, Soap"
House,series,[18],"Dr. Gregory House, a drug-addicted, unconventional, misanthropic medical genius, leads a team of diagnosticians at the fictional Princeton–Plainsboro Teaching Hospital in New Jersey.",2004-11-16,145.5755,8.565,/3Cz7ySOQJmqiuTdrc6CY0r65yDI.jpg,Drama
Game of Thrones,series,"[10765, 18, 10759]","Seven noble families fight for control of the mythical land of Westeros. Friction between the houses leads to full-scale war. All while a very ancient evil awakens in the farthest north. Amidst the war, a neglected military order of misfits, the Night's Watch, is all that stands between the realms of men and icy horrors beyond.",2011-04-17,161.4879,8.5,/1XS1oqL89opfnbLl8WnZY1O1uJx.jpg,"Sci-Fi & Fantasy, Drama, Action & Adventure"
House of the Dragon,series,"[10765, 18, 10759]","The Targaryen dynasty is at the absolute apex of its power, with more than 15 dragons under their yoke. Most empires crumble from such heights. In the case of the Targaryens, their slow fall begins when King Viserys breaks with a century of tradition by naming his daughter Rhaenyra heir to the Iron Throne. But when Viserys later fathers a son, the court is shocked when Rhaenyra retains her status as his heir, and seeds of division sow friction across the realm.",2022-08-21,168.5503,8.385,/7V0Ebks0GgpKvQ7QbLAIdX5dos4.jpg,"Sci-Fi & Fantasy, Drama, Action & Adventure"
The Daily Fable,series,[10762],"Fabeltjeskrant [ 'faːbəɫcəskrɑnt] is a Dutch children's television series featuring puppetry and stop motion. Created in 1968 by Leen Valkenier and produced by Thijs Chanowski and Loek de Levita, it ended in 1989 and was broadcast on the Dutch channels NOS, RTL 4 and RTL 8 and on Belgian channel VRT. From 1973 to 1975 it was broadcast also in the United Kingdom, on ITV, with the title The Daily Fable.",1968-09-29,155.5703,8.0,/h2HFhwgU7xcIEpgDuuPHfh5NOVZ.jpg,Kids
Outer Banks,series,"[10759, 9648]","On a North Carolina island of haves and have-nots, John B and his tight-knit crew of friends find mystery and adventure while hunting for lost treasure.",2020-04-15,145.6606,8.244,/ovDgO2LPfwdVRfvScAqo9aMiIW.jpg,"Action & Adventure, Mystery"
The Late Show with Stephen Colbert,series,"[35, 10767]","Stephen Colbert brings his signature satire and comedy to The Late Show with Stephen Colbert, the #1 show in late night, where he talks with an eclectic mix of guests about what is new and relevant in the worlds of politics, entertainment, business, music, technology, and more. Featuring bandleader Jon Batiste with his band Stay Human, the Emmy Award-nominated show is broadcast from the historic Ed Sullivan Theater.",2015-09-08,179.7158,6.082,/9jkThAGYj2yp8jsS6Nriy5mzKFT.jpg,"Comedy, Talk"
Shameless,series,"[18, 35]","Chicagoan Frank Gallagher is the proud single dad of six smart, industrious, independent kids, who without him would be... perhaps better off. When Frank's not at the bar spending what little money they have, he's passed out on the floor. But the kids have found ways to grow up in spite of him. They may not be like any family you know, but they make no apologies for being exactly who they are.",2011-01-09,155.0974,8.167,/ifo31fMWLmyOVpdak9K0kY4jldQ.jpg,"Drama, Comedy"
The Walking Dead,series,"[10759, 18, 10765]",Sheriff's deputy Rick Grimes awakens from a coma to find a post-apocalyptic world dominated by flesh-eating zombies. He sets out to find his family and encounters many other survivors along the way.,2010-10-31,148.9926,8.083,/ng3cMtxYKt1OSQYqFlnKWnVsqNO.jpg,"Action & Adventure, Drama, Sci-Fi & Fantasy"
Midsomer Murders,series,"[80, 18, 9648]","The peacefulness of the Midsomer community is shattered by violent crimes, suspects are placed under suspicion, and it is up to a veteran DCI and his young sergeant to calmly and diligently eliminate the innocent and ruthlessly pursue the guilty. ",1997-03-23,148.6999,7.46,/pz7tsWxe0TTdfJnWPjZAEnrSl5M.jpg,"Crime, Drama, Mystery"
Men on a Mission,series,"[10764, 35]","Male celebs play make-believe as high schoolers, welcoming star transfer students every week and engaging in battles of witty humor and slapstick.",2015-12-05,138.9815,7.4,/2jIi55JtYKJTL1km8qHMuUilOWo.jpg,"Reality, Comedy"
The Office,series,[35],"The everyday lives of office employees in the Scranton, Pennsylvania branch of the fictional Dunder Mifflin Paper Company.",2005-03-24,151.5462,8.581,/7DJKHzAi83BmQrWLrYYOqcoKfhR.jpg,Comedy
The Daily Show,series,"[10763, 35]","The World's Fakest News Team tackle the biggest stories in news, politics and pop culture.",1996-07-22,140.9049,6.397,/ixcfyK7it6FjRM36Te4OdblAq4X.jpg,"News, Comedy"
Capitão Furacão,series,[10762],"""Capitão Furacão"" premiered on TV Globo's launch day, April 26, 1965, with the motto ""Always alert and obedient!"" The children's program was hosted by Pietro Mario (Capitão Furacão). In the second year, actress Elizangela began co-hosting alongside him, becoming his loyal assistant. Capitão Furacão was always surrounded by children; while spinning his ship's helm, he would read letters sent by viewers, organize games and contests, tell stories about the sea, offer advice to aspiring sailors, and present short films and cartoons.",1965-04-26,166.6204,0.0,/8xQdqtAKFVyYlAVnI6Jcpbpp2PI.jpg,Kids
Beauty in Black,series,[18],"A stripper's fate takes a turn when she crosses paths with the wealthy, dysfunctional family behind a cosmetics dynasty and a devious trafficking scheme.",2024-10-24,153.2805,8.3,/xKk4bFCCpZ9tvjUykvvMYLSBnjo.jpg,Drama
Mushoku Tensei: Jobless Reincarnation,series,"[10759, 16, 10765]","When a 34-year-old underachiever gets run over by a truck, his story doesn't end there. Reincarnated in a new world as an infant, Rudy will seize every opportunity to live the life he's always wanted. Armed with new friends, some freshly acquired magical abilities, and the courage to do the things he's always dreamed of, he's embarking on an epic adventure—with all of his past experience intact!",2021-01-11,147.6798,8.416,/gLKOYIMyKlUHW0SVdskhgf9C0yy.jpg,"Action & Adventure, Animation, Sci-Fi & Fantasy"
Doraemon,series,"[10759, 16, 35, 10765, 10762, 10751]","Robotic cat Doraemon is sent back in time from the 22nd century to protect 10-year-old Noby, a lazy and uncoordinated boy who is destined to have a tragic future. Doraemon can create secret gadgets from a pocket on his stomach, but they usually cause more bad than good because of Noby's propensity to misuse them.",2005-04-22,150.4294,8.1,/9ZN1P32SHviL3SV51qLivxycvcx.jpg,"Action & Adventure, Animation, Comedy, Sci-Fi & Fantasy, Kids, Family"
Paradise Hotel,series,[10764],"Danish version of the reality series ""Paradise Hotel"".",2005-09-14,128.6174,5.6,/ycSBcACecVR0zSnP2ZF83k5f7he.jpg,Reality
Mr. Fanboy,series,[18],"Cast in a BL drama with his idol, devoted fanboy Wan finds his heart pulled in a shocking new direction by the idol's protective partner, Third.",2026-08-29,152.7746,9.0,/vNo2ik8L1NdlgKdV2MJzU3mYKLV.jpg,Drama
FROM,series,"[9648, 18, 10765]","Unravel the mystery of a nightmarish town in middle America that traps all those who enter. As the unwilling residents fight to keep a sense of normalcy and search for a way out, they must also survive the threats of the surrounding forest – including the terrifying creatures that come out when the sun goes down.",2022-02-20,147.0991,8.495,/pRtJagIxpfODzzb0T0NAvZSzErC.jpg,"Mystery, Drama, Sci-Fi & Fantasy"
Regular Show,series,"[16, 35, 10759, 10765]",The surreal misadventures of two best friends - a blue jay and a raccoon - as they seek to liven up their mundane jobs as groundskeepers at the local park.,2010-09-06,140.7311,8.637,/mS5SLxMYcKfUxA0utBSR5MOAWWr.jpg,"Animation, Comedy, Action & Adventure, Sci-Fi & Fantasy"
Bones,series,"[80, 18]","Dr. Temperance Brennan and her colleagues at the Jeffersonian's Medico-Legal Lab assist Special Agent Seeley Booth with murder investigations when the remains are so badly decomposed, burned or destroyed that the standard identification methods are useless.",2005-09-13,140.7762,8.182,/eyTu5c8LniVciRZIOSHTvvkkgJa.jpg,"Crime, Drama"
Paradise Hotel,series,[10764],"Norwegian girls and boys check in at the Paradise Hotel in Mexico, where Triana Iglesias is the hotel manager. The hotel has great views and a fantastic pool. Cameras with a full view of the idyllic site tells the story of what happens when the single boys and girls meet in the hot surroundings of the hotel. The task they have is basically simple: Find a partner or check out.",2009-03-09,143.3181,5.7,/k6KhQBpW4gdcoSp9JQvQFq14lFI.jpg,Reality
Late Night with Seth Meyers,series,"[10767, 35]","Seth Meyers, who is ""Saturday Night Live's"" longest serving anchor on the show's wildly popular ""Weekend Update,"" takes over as host of NBC's ""Late Night"" — home to A-list celebrity guests, memorable comedy and the best in musical talent. As the Emmy Award-winning head writer for ""SNL,"" Meyers has established a reputation for sharp wit and perfectly timed comedy, and has gained fame for his spot-on jokes and satire. Meyers takes his departure from ""SNL"" to his new post at ""Late Night,"" as Jimmy Fallon moves to ""The Tonight Show"".",2014-02-25,136.2593,5.098,/u8VruEGv7mtyJihVn2CSA1u90pk.jpg,"Talk, Comedy"
The Kelly Clarkson Show,series,[10767],"Kelly Clarkson presents the biggest newsmakers and names in film, television and music; as well as emerging new talent and everyday people who are beacons of hope in their communities.",2019-09-09,133.9329,6.3,/sBix25bie9UQFzbarN51DpFO5ky.jpg,Talk
Smallville,series,"[10765, 10759, 18]",The origins of the world’s greatest hero–from Krypton refugee Kal-el’s arrival on Earth through his tumultuous teen years to Clark Kent’s final steps toward embracing his destiny as the Man of Steel.,2001-10-16,142.3861,8.192,/mHZSq8LA5Dt48JjaOZ5tcPXQRVN.jpg,"Sci-Fi & Fantasy, Action & Adventure, Drama"
Teen Titans Go!,series,"[16, 10759, 35, 10751, 10765]","Robin, Starfire, Raven, Beast Boy and Cyborg return in all-new, comedic adventures. They may be super heroes who save the world every day ... but somebody still has to do the laundry!",2013-04-23,143.6835,6.43,/kPKAigYUlWRpnfo4Ptiwlz4FWXU.jpg,"Animation, Action & Adventure, Comedy, Family, Sci-Fi & Fantasy"
Lenßen & Partner,series,"[10764, 80]",Attorney Ingo Lenssen and his team of investigators who specialize in sensitive cases involving clients who prefer private investigations to legal advice.,2003-03-10,146.9397,6.5,/wJhQ0nIBMH5tScrXFA9BjqpONnN.jpg,"Reality, Crime"
"Gute Zeiten, schlechte Zeiten",series,"[18, 10766]","Gute Zeiten, schlechte Zeiten is a long-running German television soap opera, first broadcast on RTL in 1992. The programme concerns the lives of a fictional neighborhood in Germany's capital city Berlin. Over the years the soap opera tends to have an overhaul of young people in their late teens and early twenties; targeting a young viewership.",1992-05-11,141.5672,5.5,/qujVFLAlBnPU9mZElV4NZgL8iXT.jpg,"Drama, Soap"
Law of the Jungle,series,[10764],"Law of the Jungle is a hybrid reality show combining elements of drama and documentary. The show is hosted by comedian Kim Byung Man, and each episode invites various celebrities from the various field. So far, many of idol stars and famous actors have appeared on the show. The show introduces viewers to exotic locations around the world where celebrities must work together in order to complete missions and survive. The cast celebrities travel to less habituated, natural places to survive on their own and experience life with local tribes and people. In each location, the guests are tasked to hunt and prepare their meals and also create shelter for the tribe. They sometimes confronted by many difficult challenges. Where will the tribe visit? And how will they survive on their own? Stay tuned to check out!",2011-10-21,118.0505,5.7,/zgMOq3H27nYikqjykeXCIIFRbjK.jpg,Reality
Chicago Fire,series,[18],"An edge-of-your-seat view into the lives of everyday heroes committed to one of America's noblest professions. For the firefighters, rescue squad and paramedics of Chicago Firehouse 51, no occupation is more stressful or dangerous, yet so rewarding and exhilarating. These courageous men and women are among the elite who forge headfirst into danger when everyone else is running the other way and whose actions make the difference between life and death.",2012-10-10,132.4504,8.41,/r915sk2JpthZSjHEgZKifWxgo6L.jpg,Drama
Modern Family,series,[35],"The Pritchett-Dunphy-Tucker clan is a wonderfully large and blended family. They give us an honest and often hilarious look into the sometimes warm, sometimes twisted, embrace of the modern family.",2009-09-23,126.4229,7.915,/k5Qg5rgPoKdh3yTJJrLtyoyYGwC.jpg,Comedy
Law & Order: Criminal Intent,series,[18],The third installment of the “Law & Order” franchise takes viewers deep into the minds of its criminals while following the intense psychological approaches the Major Case Squad uses to solve its crimes.,2001-09-30,124.5035,7.578,/zgBg8gTCELQg73awE7qAuV06c4Z.jpg,Drama
Friends,series,[35],"Six young people from New York City, on their own and struggling to survive in the real world, find the companionship, comfort and support they get from each other to be the perfect antidote to the pressures of life.",1994-09-22,138.447,8.414,/2koX1xLkpTQM4IZebYvKysFW1Nh.jpg,Comedy
The Blacklist,series,"[18, 80, 9648]","Raymond ""Red"" Reddington, one of the FBI's most wanted fugitives, surrenders in person at FBI Headquarters in Washington, D.C. He claims that he and the FBI have the same interests: bringing down dangerous criminals and terrorists. In the last two decades, he's made a list of criminals and terrorists that matter the most but the FBI cannot find because it does not know they exist. Reddington calls this ""The Blacklist"". Reddington will co-operate, but insists that he will speak only to Elizabeth Keen, a rookie FBI profiler.",2013-09-23,133.6149,7.633,/4HTfd1PhgFUenJxVuBDNdLmdr0c.jpg,"Drama, Crime, Mystery"
Chicago Fire,series,[18],"An edge-of-your-seat view into the lives of everyday heroes committed to one of America's noblest professions. For the firefighters, rescue squad and paramedics of Chicago Firehouse 51, no occupation is more stressful or dangerous, yet so rewarding and exhilarating. These courageous men and women are among the elite who forge headfirst into danger when everyone else is running the other way and whose actions make the difference between life and death.",2012-10-10,132.4504,8.41,/r915sk2JpthZSjHEgZKifWxgo6L.jpg,Drama
Souryo to Majiwaru Shikiyoku no Yoru ni...,series,"[16, 18]","At a high school reunion, Mio Fukatani reunites with a classmate she has not seen in years—Takahide Kujou. She had always wanted to know more about the kind-hearted boy in high school, but once she realizes that Kujou has become a monk, she believes that any chance of getting to know him romantically is slim. Deciding to drink away her sorrows, she ends up walking home drunk, and surprisingly, running into Kujou who helps her get home.

However, once inside, Kujou's lust for Mio becomes apparent and the two share an erotic night of passion. As this steamy romance blossoms between these two unlikely lovers, Mio and Kujou will undoubtedly spend many nights together in utter ecstasy.",2017-04-03,121.9477,5.467,/ueI9EeoRdMVa7hWEm21nQEU8Zv3.jpg,"Animation, Drama"
Bleach,series,"[10759, 16, 10765]","For as long as he can remember, Ichigo Kurosaki has been able to see ghosts. But when he meets Rukia, a Soul Reaper who battles evil spirits known as Hollows, he finds his life is changed forever. Now, with a newfound wealth of spiritual energy, Ichigo discovers his true calling: to protect the living and the dead from evil.",2004-10-05,132.32,8.363,/2EewmxXe72ogD0EaWM8gqa0ccIw.jpg,"Action & Adventure, Animation, Sci-Fi & Fantasy"
Radio Star,series,[10767],"“Radio Star” is a South Korean music talk show where the guests and hosts talk openly and intimately about their lives, their pasts and their work. It is part of Munhwa Broadcasting Corporation's ""Golden Fishery"" programming block.",2007-05-30,115.8324,5.4,/uRUZDsvUfIP3JUEgOC8ReBlQQUU.jpg,Talk
Miraculous: Tales of Ladybug & Cat Noir,series,"[10759, 16, 10762]","Marinette and Adrien, two Parisian teenagers, are entrusted with powerful jewels in order to transform into superheroes Ladybug and Cat Noir. But neither hero knows the other's true identity — or that they're classmates!",2015-10-19,129.3292,8.1,/acrtAy8gmxcsEvrDP09MpMSCeDZ.jpg,"Action & Adventure, Animation, Kids"
Jornal Nacional,series,[10763],"Jornal Nacional is a Brazilian Emmy-winning primetime news program aired by Rede Globo since September 1, 1969. It was the first news program broadcast live by a television network throughout Brazil.",1969-09-01,122.5021,7.0,/g0x9tcHp8SV8UH4yq40g5zu6phu.jpg,News
All Elite Wrestling: Dynamite,series,"[10759, 18]",A world-class roster of diverse male and female wrestlers give fans a new wrestling experience for the first time in 20 years.,2019-10-02,124.9344,8.0,/gPNWVCp0zrHRmwfovUpUQO44sts.jpg,"Action & Adventure, Drama"
Stranger Things,series,"[10759, 9648, 10765]","When a young boy vanishes, a small town uncovers a mystery involving secret experiments, terrifying supernatural forces, and one strange little girl.",2016-07-15,119.8111,8.553,/uOOtwVbSr4QDjAGIifLDwpb2Pdl.jpg,"Action & Adventure, Mystery, Sci-Fi & Fantasy"
Among Friends,series,"[18, 10751]",Miklós introduces viewers into the world of Money and Charm.,1998-10-26,124.2827,3.775,/kBBbSgNchtMvsgD6z1oI1RRluHP.jpg,"Drama, Family"
S.W.A.T.,series,"[80, 10759, 18]","A Los Angeles S.W.A.T. sergeant is assigned to lead a highly skilled unit in the community where he grew up. Torn between loyalty to the streets, where the cops are sometimes the enemy, and allegiance to his brothers in blue, he strategically straddles the two worlds.",2017-11-02,119.5141,8.038,/1l7vsAIkqOzrqiPwjO27Cb5QdfJ.jpg,"Crime, Action & Adventure, Drama"
Frasier,series,"[35, 10751]","After many years spent at the “Cheers” bar, Frasier moves back home to Seattle to work as a radio psychiatrist after his policeman father gets shot in the hip on duty.",1993-09-16,118.7562,7.701,/gYAb6GCVEFsU9hzMCG5rxaxoIv3.jpg,"Comedy, Family"
Graveyard,series,"[80, 18, 9648]",Police Commissioner Önem leads a special investigations unit that solves tough cases involving violence against women.,2022-06-17,98.9953,7.3,/ye6n3GdSaiSy81hiIRvf3vjVv1N.jpg,"Crime, Drama, Mystery"
Blue Bloods,series,"[80, 18]","A drama about a multi-generational family of cops dedicated to New York City law enforcement. Frank Reagan is the New York Police Commissioner and heads both the police force and the Reagan brood. He runs his department as diplomatically as he runs his family, even when dealing with the politics that plagued his unapologetically bold father, Henry, during his stint as Chief.",2010-09-24,123.1204,7.788,/q1WlrxnCvNhBjJ4N7V0JQXjnIBN.jpg,"Crime, Drama"
The Tonight Show Starring Johnny Carson,series,[10767],"The Tonight Show Starring Johnny Carson is a talk show hosted by Johnny Carson under The Tonight Show franchise from 1962 to 1992. It originally aired during late-night. For its first ten years, Carson's Tonight Show was based in New York City with occasional trips to Burbank, California; in May 1972, the show moved permanently to Burbank, California. In 2002, The Tonight Show Starring Johnny Carson was ranked #12 on TV Guide's 50 Greatest TV Shows of All Time.",1962-10-01,123.2713,7.536,/uSvET5YUvHNDIeoCpErrbSmasFb.jpg,Talk
The Sopranos,series,"[80, 18]","The story of New Jersey-based Italian-American mobster Tony Soprano and the difficulties he faces as he tries to balance the conflicting requirements of his home life and the criminal organization he heads. Those difficulties are often highlighted through his ongoing professional relationship with psychiatrist Jennifer Melfi. The show features Tony's family members and Mafia associates in prominent roles and story arcs, most notably his wife Carmela and his cousin and protégé Christopher Moltisanti.",1999-01-10,114.2955,8.677,/rTc7ZXdroqjkKivFPvCPX0Ru7uw.jpg,"Crime, Drama"
Chicago P.D.,series,"[80, 18]","A riveting police drama about the men and women of the Chicago Police Department's District 21 who put it all on the line to serve and protect their community. District 21 is made up of two distinctly different groups: the uniformed cops who patrol the beat and go head-to-head with the city's street crimes and the Intelligence Unit that combats the city's major offenses - organized crime, drug trafficking, high profile murders and beyond.",2014-01-08,117.2981,8.428,/bez40PgT36RUu4gstD2A6GSM0tP.jpg,"Crime, Drama"
AIBOU: Tokyo Detective Duo,series,"[18, 80, 9648]","Detective Ukyo Sugishita confronts crime on the basis of his own convictions. He has a partner that works for him in the Special Task Unit. For the first 7 seasons, Ukyo’s first partner is Kaoru Kameyama. He is a good-natured, hot-tempered, straightforward and somewhat scattered detective. Beginning in Season 8, Takeru Kanbe replaces Kameyama. Contrary to his predecessor, Takeru is a lanky, cool, conceited and confident detective. From Season 11 to Season 13, Ukyo’s partner is a young detective Toru Kai. Toru is a son of Deputy Director-General of The National Police Agency. But he became a detective by his own effort. And starting with Season 14, Ukyo’s current partner is Wataru Kaburagi, an elite bureaucrat who came to the Metropolitan Police Department on temporary assignment. As the first partner without any career of a police officer, he will face challenging cases together with Ukyo.",2002-10-09,105.2489,7.542,/8u8rCCeuBufMQ1VlGX0lruhDaPR.jpg,"Drama, Crime, Mystery"
Adventure Time,series,"[16, 35, 10765]","Young Finn and his shape-shifting dog buddy, Jake, go on a series of surreal adventures as they journey through the postapocalyptic Land of Ooo.",2010-04-05,113.8287,8.509,/qk3eQ8jW4opJ48gFWYUXWaMT4l.jpg,"Animation, Comedy, Sci-Fi & Fantasy"
Desperate Housewives,series,"[9648, 18, 35]","Looking down on her friends and family isn't a way of life for Mary Alice Young... it's a way of death. One day, in her perfect house, in the loveliest of suburbs, Mary Alice ended it all. Now she's taking us into the lives of her family, friends and neighbors, commenting from her elevated P.O.V.",2004-10-03,120.1591,7.893,/4qeI51jDzH81PpUUNaJCBrfm7f6.jpg,"Mystery, Drama, Comedy"
Paradise Hotel,series,[10764],"A group of hot singles check into a luxury hotel in Mexico. Prepare for love, partying, betrayal and tears. Half a million kronor is at stake and anything can happen in paradise.",2005-01-17,114.4426,5.0,/zE4hi4gDP0T8HDC4noHasNsBKtb.jpg,Reality
Doctor Who,series,"[10759, 18, 10765]","The Doctor is a Time Lord: a 900 year old alien with 2 hearts, part of a gifted civilization who mastered time travel. The Doctor saves planets for a living—more of a hobby actually, and the Doctor's very, very good at it.",2005-03-26,117.9427,7.624,/m6G92osOtSeXwjSfL21jZCUOvxe.jpg,"Action & Adventure, Drama, Sci-Fi & Fantasy"
Prison Break,series,"[10759, 80, 18]","Due to a political conspiracy, an innocent man is sent to death row and his only hope is his brother, who makes it his mission to deliberately get himself sent to the same prison in order to break the both of them out, from the inside out.",2005-08-29,115.69,8.067,/wnmNPaLvhnMeOqnWlhNkYCZxtda.jpg,"Action & Adventure, Crime, Drama"
SEAL Team,series,"[10759, 18, 10768]","Military drama following the professional and personal lives of the most elite unit of Navy SEALs as they train, plan and execute the most dangerous, high stakes missions our country can ask of them.",2017-09-27,114.7051,8.035,/6iSnec83UEMgLOXAtGYwaVNHLjR.jpg,"Action & Adventure, Drama, War & Politics"
Hawaii Five-0,series,"[80, 18, 10759]","Steve McGarrett returns home to Oahu, in order to find his father's killer. The governor offers him the chance to run his own task force (Five-0). Steve's team is joined by Chin Ho Kelly, Danny ""Danno"" Williams, and Kono Kalakaua.",2010-09-20,128.1393,7.738,/sIdCKlmM2nU4akIvFQaAIiU8YES.jpg,"Crime, Drama, Action & Adventure"
CSI: Miami,series,"[18, 9648, 80]","The show follows Crime Scene Investigators working for the Miami-Dade Police Department as they use physical evidence, similar to their Las Vegas counterparts, to solve grisly murders. The series mixes deduction, gritty subject matter, and character-driven drama in the same vein as the original series in the CSI franchise, except that the Miami CSIs are cops first, scientists second.",2002-09-23,110.3427,7.688,/pNW64pjaHvf6purNaFhq4SHYRfl.jpg,"Drama, Mystery, Crime"
The Flash,series,"[18, 10765]","After being struck by lightning, CSI investigator Barry Allen awakens from a nine-month coma to discover he has been  granted the gift of super speed.  Teaming up with S.T.A.R. Labs, Barry takes on the persona of The Flash, the Fastest  Man Alive, to protect his city.",2014-10-07,113.5233,7.75,/yZevl2vHQgmosfwUdVNzviIfaWS.jpg,"Drama, Sci-Fi & Fantasy"
The Graham Norton Show,series,"[35, 10767]",Each week celebrity guests join Irish comedian Graham Norton to discuss what's being going on around the world that week. The guests poke fun and share their opinions on the main news stories. Graham is often joined by a band or artist to play the show out.,2007-02-22,109.5974,7.231,/vrbqaBXB8AALynQzpWz6JdCPEJS.jpg,"Comedy, Talk"
Mousetrap,series,"[80, 18, 9648]","A reclusive writer wakes to find his identity stolen — and must ally with a ruthless loan shark to reclaim his life from a man known as ""The Rat.""",2026-08-28,112.3748,7.455,/2mwgHfOyrFrmvozjFoEXHRdfGhv.jpg,"Crime, Drama, Mystery"
The Boys,series,"[10765, 10759]",A group of vigilantes known informally as “The Boys” set out to take down corrupt superheroes with no more than blue-collar grit and a willingness to fight dirty.,2019-07-25,110.4039,8.436,/in1R2dDc421JxsoRWaIIAqVI2KE.jpg,"Sci-Fi & Fantasy, Action & Adventure"
House Rules,series,[10764],The Australia-wide competition following six state-based couples who renovate each others homes to receive the highest scores with the winner having their mortgage paid off.,2013-05-14,119.9222,7.2,/JTzASS9kdvmeIPZgK27dl6DdQw.jpg,Reality
FBI,series,"[80, 10759, 18]","The New York office of the FBI brings to bear all their talents, intellect and technical expertise on major cases in order to keep their city and the country safe.",2018-09-25,109.8295,7.9,/zfKS4WL0OZ9udpNoSYZw91VB3aH.jpg,"Crime, Action & Adventure, Drama"
Re:ZERO -Starting Life in Another World-,series,"[16, 9648, 10759, 10765]","Natsuki Subaru, an ordinary high school  student, is on his way home from the convenience store when he finds  himself transported to another world. As he's lost and confused in a new  world where he doesn't even know left from right, the only person to  reach out to him was a beautiful girl with silver hair. Determined to  repay her somehow for saving him from his own despair, Subaru agrees to  help the girl find something she's looking for.",2016-04-04,103.8399,8.083,/oHqYrPAsIiTD5m4DuxumV4er8BU.jpg,"Animation, Mystery, Action & Adventure, Sci-Fi & Fantasy"
Arrow,series,"[80, 18, 10759]","Spoiled billionaire playboy Oliver Queen is missing and presumed dead when his yacht is lost at sea. He returns five years later a changed man, determined to clean up the city as a hooded vigilante armed with a bow.",2012-10-10,94.985,6.837,/u8ZHFj1jC384JEkTt3vNg1DfWEb.jpg,"Crime, Drama, Action & Adventure"
Late Show with David Letterman,series,"[10767, 35]","David Letterman uses mature humor to appeal to his audience in this weeknight series, which gets its music from a house band led by Paul Shaffer. Among the show's most-famous segments are the Top Ten List and Stupid Pet Tricks, the latter of which subsequently led to an additional recurring segment called Stupid Human Tricks.",1993-08-30,119.7685,6.439,/fTBC5EpsgKmli9VQcJMtqQ08Qj4.jpg,"Talk, Comedy"
24,series,"[10759, 18, 80]","Counterterrorism agent Jack Bauer fights the bad guys of the world, a day at a time. With each week's episode unfolding in real-time, ""24"" covers a single day in the life of Bauer each season.",2001-11-06,107.6675,7.788,/iq6yrZ5LEDXf1ArCOYLq8PIUBpV.jpg,"Action & Adventure, Drama, Crime"
9-1-1,series,"[18, 80, 10759]","Explore the high-pressure experiences of police officers, paramedics and firefighters who are thrust into the most frightening, shocking and heart-stopping situations. These emergency responders must try to balance saving those who are at their most vulnerable with solving the problems in their own lives.",2018-01-03,112.2977,8.223,/6njUqsd3By2mJsdZm1P0moPLzs3.jpg,"Drama, Crime, Action & Adventure"
Overflow,series,[16],"Kazushi Sudou is a university student who is visited by his two childhood friends, the sisters Ayane and Kotone Shirakawa. When Ayane discovers that Kazushi not only forgot to buy her pudding but is also using her special lotion in the bath, she decides to take revenge and join Kazushi in his bath along with Kotone. Will the perverted Kazushi be able to remain indifferent to them both?",2020-01-06,105.1775,7.5,/8RtwL5gxUvh9YViqjhNlVRvJpum.jpg,Animation
Home Alone,series,[10764],"It can be a badge of honor to be “single.” “I Live Alone” is a documentary-style South Korean reality series that follows the members of a self-formed club called Rainbow, which is comprised of  celebrities who are single and live alone.",2013-03-22,92.7201,7.5,/1hqGagr94soBq70Lq7tPHvNmmxy.jpg,Reality
Saturday Night Live,series,"[35, 10763]","A late-night live television sketch comedy and variety show created by Lorne Michaels. The show's comedy sketches, which parody contemporary culture and politics, are performed by a large and varying cast of repertory and newer cast members. Each episode is hosted by a celebrity guest, who usually delivers an opening monologue and performs in sketches with the cast, and features performances by a musical guest.",1975-10-11,101.4488,6.91,/s1cZBqbMwAF3w8S3Yo0j5nr2Yuo.jpg,"Comedy, News"
Married... with Children,series,[35],"Al Bundy is an unsuccessful middle aged shoe salesman with a miserable life and an equally dysfunctional family. He hates his job, his wife is lazy, his son is dysfunctional (especially with women), and his daughter is dim-witted and promiscuous.",1987-04-05,92.8863,7.734,/qxdOgESOkBMmfcWUizL01mbdqzl.jpg,Comedy
The Good Doctor,series,[18],"Shaun Murphy, a young surgeon with autism and savant syndrome, relocates from a quiet country life to join a prestigious hospital's surgical unit. Unable to personally connect with those around him, Shaun uses his extraordinary medical gifts to save lives and challenge the skepticism of his colleagues.",2017-09-25,101.5448,8.454,/luhKkdD80qe62fwop6sdrXK9jUT.jpg,Drama
Dark Matter,series,"[10765, 18]","Jason Dessen is abducted into an alternate version of his life. To get back to his real family, he embarks on a harrowing journey to save them from the most terrifying foe imaginable: himself.",2024-05-07,104.0822,7.783,/2DPmTlv8F0V1TQBPmlsGOVOhtWk.jpg,"Sci-Fi & Fantasy, Drama"
Suits,series,[18],"While running from a drug deal gone bad, Mike Ross, a brilliant young college-dropout, slips into a job interview with one of New York City's best legal closers, Harvey Specter. Tired of cookie-cutter law school grads, Harvey takes a gamble by hiring Mike on the spot after he recognizes his raw talent and photographic memory.",2011-06-23,109.9089,8.222,/vQiryp6LioFxQThywxbC6TuoDjy.jpg,Drama
The Good Wife,series,[18],Alicia Florrick boldly assumes full responsibility for her family and re-enters the workforce after her husband's very public sex and political corruption scandal lands him in jail.,2009-09-22,103.3842,7.624,/lasNCd45fpPLirlA7QxkuopWro.jpg,Drama
Homework,series,[18],"A drama about two young couples, both of them having problem keeping their relationship together.",1992-10-16,81.1619,5.0,/uHTOLVjylS6dT8LgXH2TSh2sn5M.jpg,Drama
Yellowstone,series,"[37, 18]","Follow the violent world of the Dutton family, who controls the largest contiguous ranch in the United States. Led by their patriarch John Dutton, the family defends their property against constant attack by land developers, an Indian reservation, and America’s first National Park.",2018-06-20,102.587,8.27,/peNC0eyc3TQJa6x4TdKcBPNP4t0.jpg,"Western, Drama"
King of the Hill,series,"[16, 35, 10751]","Set in Texas, this animated series follows the life of propane salesman Hank Hill, who lives with his overly confident substitute Spanish teacher wife Peggy, wannabe comedian son Bobby, and naive niece Luanne. Hank has conservative views about God, family, and country, but his values and ethics are often challenged by the situations he, his family, and his beer-drinking neighbors/buddies find themselves in.",1997-01-12,102.7914,7.414,/e2xyMapmYgv4AuSoSDv9Y4pQlD6.jpg,"Animation, Comedy, Family"
Futurama,series,"[16, 35, 10765]","The adventures of a late-20th-century New York City pizza delivery boy, Philip J. Fry, who, after being unwittingly cryogenically frozen for one thousand years, finds employment at Planet Express, an interplanetary delivery company in the retro-futuristic 31st century.",1999-03-28,108.1943,8.364,/eM8bbTn8C8vUwwS6upzzm7gX31u.jpg,"Animation, Comedy, Sci-Fi & Fantasy"
Perry Mason,series,"[9648, 18, 80]",The cases of master criminal defense attorney Perry Mason and his staff who handled the most difficult of cases in the aid of the innocent.,1957-09-21,105.8174,7.71,/sK6JvgNFP1ClT4aF4nPAZiDpAdk.jpg,"Mystery, Drama, Crime"
Bob's Burgers,series,"[16, 35]","Bob's Burgers follows a third-generation restaurateur, Bob, as he runs Bob's Burgers with the help of his wife and their three kids. Bob and his quirky family have big ideas about burgers, but fall short on service and sophistication. Despite the greasy counters, lousy location and a dearth of customers, Bob and his family are determined to make Bob's Burgers ""grand re-re-re-opening"" a success.",2011-01-09,107.1811,7.841,/iIHsQe3Qjs3NH62HdamyQEPeqTR.jpg,"Animation, Comedy"
Sesame Street,series,"[10762, 35]","On a special inner city street, the inhabitants—human and muppet—teach preschoolers basic educational and social concepts using comedy, cartoons, games, and songs.",1969-11-10,111.4307,7.1,/14k9BfZ2p4rQBMeJ5crKTfUZVwD.jpg,"Kids, Comedy"
Gilmore Girls,series,"[35, 18]","Set in the charming town of Stars Hollow, Connecticut, the series follows the captivating lives of Lorelai and Rory Gilmore, a mother/daughter pair who have a relationship most people only dream of.",2000-10-05,103.1604,7.884,/gwtzCwU2wdLLf8oejQu2TINiWfQ.jpg,"Comedy, Drama"
Raw,series,[10764],"A regularly scheduled, live, year-round program featuring some of the biggest WWE Superstars.",1993-01-11,102.2276,6.8,/fstEe6RsyNyPUnMwNcL20iNl0nE.jpg,Reality
Ninaithen Vandhai,series,[18],"Ezhil is devastated after his wife Indhumathi’s death. A simple village girl, Sudarvizhi, steps in to be his children's caretaker. But can Sudarvizhi fill the void in Ezhil and his children’s hearts?",2024-01-22,93.5166,0.0,/csdQGYq7zZ6Tt3BwIE3dfT3QcHr.jpg,Drama
Vikings,series,"[10759, 18, 10768]","The adventures of Ragnar Lothbrok, the greatest hero of his age. The series tells the sagas of Ragnar's band of Viking brothers and his family, as he rises to become King of the Viking tribes. As well as being a fearless warrior, Ragnar embodies the Norse traditions of devotion to the gods. Legend has it that he was a direct descendant of Odin, the god of war and warriors.",2013-03-03,110.0521,8.101,/bQLrHIRNEkE3PdIWQrZHynQZazu.jpg,"Action & Adventure, Drama, War & Politics"
Homeland,series,"[18, 10768, 80]","CIA officer Carrie Mathison is tops in her field despite being bipolar, which makes her volatile and unpredictable. With the help of her long-time mentor Saul Berenson, Carrie fearlessly risks everything, including her personal well-being and even sanity, at every turn.",2011-10-02,97.4634,7.595,/6GAvS2e6VIRsms9FpVt33PsCoEW.jpg,"Drama, War & Politics, Crime"
JUJUTSU KAISEN,series,"[16, 10759, 10765]","Yuji Itadori is a boy with tremendous physical strength, though he lives a completely ordinary high school life. One day, to save a classmate who has been attacked by curses, he eats the finger of Ryomen Sukuna, taking the curse into his own soul. From then on, he shares one body with Ryomen Sukuna. Guided by the most powerful of sorcerers, Satoru Gojo, Itadori is admitted to Tokyo Jujutsu High School, an organization that fights the curses... and thus begins the heroic tale of a boy who became a curse to exorcise a curse, a life from which he could never turn back.",2020-10-03,98.8281,8.581,/fHpKWq9ayzSk8nSwqRuaAUemRKh.jpg,"Animation, Action & Adventure, Sci-Fi & Fantasy"
Charmed,series,"[35, 18, 9648, 10765]","Three sisters (Prue, Piper and Phoebe) reunite and unlock their powers to become the Charmed Ones, the most powerful good witches of all time, whose prophesied destiny is to protect innocent lives from evil beings such as demons and warlocks. Each sister possesses unique magical powers that grow and evolve, while they attempt to maintain normal lives in modern day San Francisco. ",1998-10-07,92.6425,8.164,/z4bPJ1BWU2EtV69NII2GVvsugQ2.jpg,"Comedy, Drama, Mystery, Sci-Fi & Fantasy"
Chihayafuru,series,"[16, 18]","Chihaya Ayase has spent most of her life supporting her sister’s model career. When she meets a boy named Arata Wataya, he thinks Chihaya has potential to become a great karuta player. As Chihaya dreams of becoming Japan's best karuta player, she is soon separated from her karuta playing friends. Now in high school, Chihaya still plays karuta in the hope that she will one day meet her friends again.",2011-10-05,110.1401,7.6,/nUfL7xK5DjViiQAwHiRYlb6VMTE.jpg,"Animation, Drama"
South Park,series,"[16, 35]","Follow the misadventures of four irreverent grade-schoolers in the quiet, dysfunctional town of South Park, Colorado.",1997-08-13,95.5277,8.336,/1CGwZCFX2qerXaXQJJUB3qUvxq7.jpg,"Animation, Comedy"
The West Wing,series,[18],The West Wing provides a glimpse into presidential politics in the nation's capital as it tells the stories of the members of a fictional presidential administration. These interesting characters have humor and dedication that touches the heart while the politics that they discuss touch on everyday life.,1999-09-22,93.6763,8.279,/yqDWr5NAE7m1IWrygYwLyEB6pN0.jpg,Drama
Cosmic Disclosure,series,"[99, 10765, 9648]","For the first time ever, a 30-year insider has come forward to reveal over 70 years of humanity's hidden history in space. Corey Goode joins David Wilcock in this inaugural presentation of Cosmic Disclosure to offer an overview of the history and extent of humanity's celestial presence.",2015-07-14,98.174,10.0,/99V7vkV0E3SFRxlAb45iNePLePz.jpg,"Documentary, Sci-Fi & Fantasy, Mystery"
Person of Interest,series,"[10759, 80, 10765]","John Reese, former CIA paramilitary operative, is presumed dead and teams up with reclusive billionaire Finch to prevent violent crimes in New York City by initiating their own type of justice. With the special training that Reese has had in Covert Operations and Finch's genius software inventing mind, the two are a perfect match for the job that they have to complete. With the help of surveillance equipment, they work ""outside the law"" and get the right criminal behind bars. ",2011-09-22,96.3288,8.1,/f8aIvYk5h7Z8EP3dinCmVgQFYow.jpg,"Action & Adventure, Crime, Sci-Fi & Fantasy"
Amazing Saturday,series,"[35, 10764]","A group of hungry celebrities listen to poppin’ tunes, from recent hits to all-time-favorites, to correctly dictate a part of the lyrics.

The songs may sound familiar, but the part they must dictate are unclear to the naked ear, as the lyrics are slurred, muffled by strong beats, etc.

If they get the lyrics right, they get to share exquisite regional dishes. But if they get them wrong, a professional eater gobbles it up instead.",2018-04-07,81.4755,7.6,/nEwybsfZBSPjcZamPpKDTaTI5g.jpg,"Comedy, Reality"
Two and a Half Men,series,[35],A hedonistic jingle writer's free-wheeling life comes to an abrupt halt when his brother and 10-year-old nephew move into his beach-front house.,2003-09-22,97.5593,7.453,/xgfjxyV3g1S68opzuvG6G87muDp.jpg,Comedy
The X-Files,series,"[9648, 10765, 80]","The exploits of FBI Special Agents Fox Mulder and Dana Scully who investigate X-Files: marginalized, unsolved cases involving paranormal phenomena. Mulder believes in the existence of aliens and the paranormal while Scully, a skeptic, is assigned to make scientific analyses of Mulder's discoveries that debunk Mulder's work and thus return him to mainstream cases.",1993-09-10,97.9282,8.374,/rcBx0p8h51LHceyhquYMxbspJQu.jpg,"Mystery, Sci-Fi & Fantasy, Crime"
Infinite Challenge,series,"[10764, 35]","Infinite Challenge has been reported as the first ""Real-Variety"" show in Korean television history. The program is largely unscripted, and follows a similar format of challenge-based Reality Television programs, familiar to the audiences in the West, but the challenges are often silly, absurd, or impossible to achieve, so the program takes on the aspect of a satirical comedy variety show, rather than a more standard reality or contest program. In order to achieve its comedic purposes its 6 hosts and staff continuously proclaim, the elements of this show are the 3-Ds, Dirty, Dangerous, and Difficult.",2005-04-23,85.5485,7.7,/3ZIPTvMnzI5ThmdGeEYQFxJV5Sg.jpg,"Reality, Comedy"
PAW Patrol,series,"[16, 10762]","Marshall, Rocky, Rubble, Zuma and Skye are doing their best to protect the people of their town. Led by Ryder, a tech-savvy 10-year-old boy, each of them is equipped with special equipment and together they help anyone who finds themselves in trouble. No task is too big for them and no puppy is too small.",2013-08-12,106.0993,6.975,/8HXkgUBO5OF8ZK9XbY69RM4S5rv.jpg,"Animation, Kids"
Rugrats,series,"[10751, 16, 10762, 35]","Focuses on a group of toddlers, most prominently Tommy, Chuckie, Phil, Lil, and Angelica, and their day-to-day lives, usually involving common life experiences that become adventures in the babies' imaginations. Adults in the series are almost always unaware of what the children are up to; however, this only provides more room for the babies to explore and discover their surroundings.",1991-08-11,101.4334,7.6,/wmsINbZuEBLNP2Z26Xffx5NHJpW.jpg,"Family, Animation, Kids, Comedy"
Real Time with Bill Maher,series,"[35, 10767]","Each week Bill Maher surrounds himself with a panel of guests which include politicians, actors, comedians, musicians and the like to discuss what's going on in the world.",2003-02-21,96.7824,6.051,/pbpoLLp4kvnYVfnEGiEhagpJuVZ.jpg,"Comedy, Talk"
The Vampire Diaries,series,"[18, 10765]","The story of two vampire brothers obsessed with the same girl, who bears a striking resemblance to the beautiful but ruthless vampire they knew and loved in 1864.",2009-09-10,93.6754,8.301,/b3vl6wV1W8PBezFfntKTrhrehCY.jpg,"Drama, Sci-Fi & Fantasy"
Binnelanders,series,[10766],"A South African Afrikaans soap opera. It is set in and around the fictional private hospital, Binneland Kliniek, in Pretoria, and the storyline follows the trials, trauma and tribulations of the staff and patients of the hospital.",2005-10-13,98.7886,5.5,/3bzECfllho8PphdYujLUIuhncJD.jpg,Soap
The Rachel Maddow Show,series,"[10763, 10767]","The Rachel Maddow Show is a daily news and opinion television program that airs on MSNBC, running in the 9:00 pm ET timeslot. It is hosted by Rachel Maddow, who gained popularity with her frequent appearances as a liberal pundit on various MSNBC programs. It is based on her former radio show of the same name. The show debuted on September 8, 2008.",2008-09-08,95.7026,5.9,/7Jzrp2piY29h8UgA2hEXsxCskt1.jpg,"News, Talk"
American Horror Story,series,"[18, 9648, 10765]","An anthology horror drama series centering on different characters and locations, including a house with a murderous past, an asylum, a witch coven, a freak show, a hotel, a farmhouse in Roanoke, a cult, the apocalypse and a summer camp.",2011-10-05,93.0419,8.075,/x2c3AvZeTyNehRZXabTojAxfDuR.jpg,"Drama, Mystery, Sci-Fi & Fantasy"
One Tree Hill,series,[18],"In Tree Hill, North Carolina two half brothers share a last name and nothing else. Brooding, blue-collar Lucas is a talented street-side basketball player, but his skills are appreciated only by his friends at the river court. Popular, affluent Nathan basks in the hero-worship of the town, as the star of his high school team. And both boys are the son of former college ball player Dan Scott whose long ago choice to abandon Lucas and his mother Karen, will haunt him long into his life with wife Deb and their son Nathan.",2003-09-23,95.2973,7.827,/sOrelBaAhp7DZbPTivDwKEyPslC.jpg,Drama
Hunter x Hunter,series,"[16, 10759, 10765]","Gon, a young boy who lives on Whale Island, dreams of becoming a Hunter like his father, who left when Gon was still young.",2011-10-02,99.8607,8.659,/i2EEr2uBvRlAwJ8d8zTG2Y19mIa.jpg,"Animation, Action & Adventure, Sci-Fi & Fantasy"
Sohag Chand,series,[18],"Love conquers all: a curvy girl, a fit guy, pure fun.",2022-11-28,89.7413,0.0,/jIl5E51O3oztmuyNZtXkbPSyKws.jpg,Drama
Young Sheldon,series,"[35, 10751, 18]","The early life of child genius Sheldon Cooper, later seen in The Big Bang Theory.",2017-09-25,93.7416,8.03,/kidkbZRBGbsEIrX7pODRSKi9ipl.jpg,"Comedy, Family, Drama"
Dragon Ball Z,series,"[16, 10765, 10759]","Now happily married and with a son, martial arts champion Goku must defend Earth from a series of extraterrestrial invaders bent on destruction.",1989-04-26,85.9697,8.381,/oQ5CnVj3TRifXl2bIOri6H6rfNe.jpg,"Animation, Sci-Fi & Fantasy, Action & Adventure"
Dallas,series,"[10766, 18, 10751]","The world's first mega-soap, and one of the most popular ever produced, Dallas had it all. Beautiful women, expensive cars, and men playing Monopoly with real buildings. Famous for one of the best cliffhangers in TV history, as the world asked ""Who shot J.R.?"" A slow-burner to begin with, Dallas hit its stride in the 2nd season, with long storylines and expert character development. Dallas ruled the airwaves in the 1980's.",1978-04-02,92.0826,6.863,/jmqo8bgHrhKYPc0RK5F71GHa8rm.jpg,"Soap, Drama, Family"
The Apothecary Diaries,series,"[16, 18, 9648]","Maomao lived a peaceful life with her apothecary father. Until one day, she's sold as a lowly servant to the emperor's palace. But she wasn't meant for a compliant life among royalty. So when imperial heirs fall ill, she decides to step in and find a cure! This catches the eye of Jinshi, a handsome palace official who promotes her. Now, she's making a name for herself solving medical mysteries!",2023-10-22,93.4346,8.631,/e3ojpANrFnmJCyeBNTinYwyBCIN.jpg,"Animation, Drama, Mystery"
Stargate SG-1,series,"[10765, 10759]","The story of Stargate SG-1 begins about a year after the events of the feature film, when the United States government learns that an ancient alien device called the Stargate can access a network of such devices on a multitude of planets. SG-1 is an elite Air Force special operations team, one of more than two dozen teams from Earth who explore the galaxy and defend against alien threats such as the Goa'uld, Replicators, and the Ori.",1997-07-27,86.9463,8.272,/dQjmI7XxI47v8IM2MUysHG0LuU2.jpg,"Sci-Fi & Fantasy, Action & Adventure"
Hello Saturday,series,[10764],"""Hello, Saturday"" is the rebranding of the popular Chinese show ""Happy Camp"", hosted by He Jiong and with a fixed group of regular celebrity members.

The program showcases the talent of various stars as well as social topics through creative and diverse content and games. It aims to spread positive energy while keeping up with the current trends and leading youth culture.",2022-01-01,78.4539,6.455,/wsTjWy6NE2s3h0neChr0D92ddwI.jpg,Reality
Frieren: Beyond Journey's End,series,"[16, 10759, 18, 10765]","After the party of heroes defeated the Demon King, they restored peace to the land and returned to lives of solitude.  Generations pass, and the elven mage Frieren comes face to face with humanity’s mortality. She takes on a new apprentice and promises to fulfill old friends’ dying wishes. Can an elven mind make peace with the nature of life and death? Frieren embarks on her quest to find out.",2023-09-29,89.8731,8.8,/cHhJzdUGcEBq6av4wr9jsIvUITH.jpg,"Animation, Action & Adventure, Drama, Sci-Fi & Fantasy"
Lost,series,"[9648, 10759, 18]","Stripped of everything, the survivors of a horrific plane crash must work together to stay alive. But the island holds many secrets.",2004-09-22,93.1568,7.965,/og6S0aTZU6YUJAbqxeKjCa3kY1E.jpg,"Mystery, Action & Adventure, Drama"
Grimm,series,"[18, 9648, 10765]","After Portland homicide detective Nick Burkhardt discovers he's descended from an elite line of criminal profilers known as ""Grimms,"" he increasingly finds his responsibilities as a detective at odds with his new responsibilities as a Grimm.",2011-10-28,87.5775,8.266,/iOptnt1QHi6bIHmOq6adnZTV0bU.jpg,"Drama, Mystery, Sci-Fi & Fantasy"
Conan,series,"[10767, 35, 10763]",A late night television talk show hosted by  Conan O'Brien.,2010-11-08,90.8319,7.163,/oQxrvUhP3ycwnlxIrIMQ9Z3kleq.jpg,"Talk, Comedy, News"
JoJo's Bizarre Adventure,series,"[16, 10759, 10765]","Follow the intergenerational feud between the Joestar Family and various forces of evil, the most prominent of which is Dio Brando and his followers.",2012-10-06,88.1369,8.557,/ogAWwbh3frWtiTyyXrZaVFtqCgp.jpg,"Animation, Action & Adventure, Sci-Fi & Fantasy"
The Voice,series,[10764],"The strongest vocalists from across the United states compete in a blockbusters vocal competition, the winner becomes “The Voice.” The show's innovative format features four stages of competition: the blind auditions, the battle rounds, the knockouts and, finally, the live performance shows.",2011-04-26,91.14,5.9,/7ah1WExcMkzbq7sARCTmcC23tBr.jpg,Reality
Pokémon,series,"[16, 10759, 10765]","Join Ash accompanied by his partner Pikachu, as he travels through many regions, meets new friends and faces new challenges on his quest to become a Pokémon Master.",1997-04-01,84.4889,7.988,/lP4zwr0F7hWTbAFltfoFTc2AxRG.jpg,"Animation, Action & Adventure, Sci-Fi & Fantasy"
"Goede Tijden, Slechte Tijden",series,[10766],"Goede tijden, slechte tijden, also known as GTST, is the longest-running Dutch soap opera,  revolving around the lives of the families Alberts, Sanders, De Jong, Van Houten and Bouwhuis. It all takes place in the fictional town of Meerdijk.",1990-10-01,89.8667,5.3,/p1oXgtJ0q0wAcEp3tHA5DpiynxL.jpg,Soap
The Lord of the Rings: The Rings of Power,series,"[10759, 18, 10765]","Beginning in a time of relative peace, we follow an ensemble cast of characters as they confront the re-emergence of evil to Middle-earth. From the darkest depths of the Misty Mountains, to the majestic forests of Lindon, to the breathtaking island kingdom of Númenor, to the furthest reaches of the map, these kingdoms and characters will carve out legacies that live on long after they are gone.",2022-09-01,93.6929,7.222,/kf5Hz70tjNAHg4swGDzOr9BfoZ1.jpg,"Action & Adventure, Drama, Sci-Fi & Fantasy"
Star Trek: The Next Generation,series,"[10765, 10759, 18, 9648]","Follow the intergalactic adventures of Capt. Jean-Luc Picard and his loyal crew aboard the all-new USS Enterprise NCC-1701D, as they explore new worlds.",1987-09-28,82.5042,8.385,/vkLzXddgUKH5VcpnYiRzpJFrZhz.jpg,"Sci-Fi & Fantasy, Action & Adventure, Drama, Mystery"
REBORN!,series,"[16, 35, 10759]","Tsuna, a timid junior high student, is a failure at school, sports, and social life. But everything around Tsuna has been completely changed when a baby called Reborn, who claims to be an Italian hit man from Vongola family shows up! Reborn was sent to groom Tsuna for his future life as a mafia boss of the family!",2006-10-07,101.4291,8.144,/ewYjHmmyxIaM3heRO0eZaOA6xo2.jpg,"Animation, Comedy, Action & Adventure"
Secret Mission - Undercover Agents Never Back Down!,series,[16],"Narcotics Enforcement Agent Riko Ikazuchi is undercover with her junior colleague Noma in an apartment that serves as the hideout for a criminal organization. Despite Riko and Noma posing as a newlywed couple, the criminals begin to suspect them after not hearing any marital intimacy during the night. To convince them that they are a loving couple, Noma starts touching Riko's body...",2023-10-02,82.0851,6.2,/xZV8e1iKi85PFZlbQBdznvtpAVJ.jpg,Animation
Furious,series,"[18, 80]","FBI agent Alice Black is on the hunt for a mysterious and calculating female serial killer. Both walk their own paths toward justice, and as their lives start to intertwine, the line between right and wrong begins to blur.",2026-07-27,86.0708,7.1,/xnxxrEKtBaIcI1ewq50pLkOMU6u.jpg,"Drama, Crime"
Jeopardy!,series,"[10764, 10751]","America's favorite quiz show where contestants are presented with general knowledge clues in the form of answers, and must phrase their responses in question form.",1984-09-10,86.9314,6.904,/hfz0IgebqGENG6ZnuqKQKMFk2vy.jpg,"Reality, Family"
Castle,series,"[18, 80]","After a serial killer imitates the plots of his novels, successful mystery novelist Richard ""Rick"" Castle receives permission from the Mayor of New York City to tag along with an NYPD homicide investigation team for research purposes.",2009-03-09,84.8831,7.966,/diXBeMzvfJb2iJg3G0kCUaMCzEc.jpg,"Drama, Crime"
Pokémon,series,"[16, 10759, 10765]","Join Ash accompanied by his partner Pikachu, as he travels through many regions, meets new friends and faces new challenges on his quest to become a Pokémon Master.",1997-04-01,84.4889,7.988,/lP4zwr0F7hWTbAFltfoFTc2AxRG.jpg,"Animation, Action & Adventure, Sci-Fi & Fantasy"
Better Call Saul,series,"[80, 18]","Six years before Saul Goodman meets Walter White. We meet him when the man who will become Saul Goodman is known as Jimmy McGill, a small-time lawyer searching for his destiny, and, more immediately, hustling to make ends meet. Working alongside, and, often, against Jimmy, is “fixer” Mike Ehrmantraut. The series tracks Jimmy’s transformation into Saul Goodman, the man who puts “criminal” in “criminal lawyer"".",2015-02-08,84.538,8.713,/zjg4jpK1Wp2kiRvtt5ND0kznako.jpg,"Crime, Drama"
Columbo,series,"[80, 18, 9648]","Columbo is a friendly, verbose, disheveled-looking police detective who is consistently underestimated by his suspects. Despite his unprepossessing appearance and apparent absentmindedness, he shrewdly solves all of his cases and secures all evidence needed for indictment. His formidable eye for detail and meticulously dedicated approach often become clear to the killer only late in the storyline.",1971-09-15,82.5046,8.063,/2JCD8vab3fircOU8cM2HJCxfv4I.jpg,"Crime, Drama, Mystery"
Monk,series,"[18, 35, 80, 9648]","Adrian Monk was once a rising star with the San Francisco Police Department, legendary for using unconventional means to solve the department's most baffling cases. But after the tragic (and still unsolved) murder of his wife Trudy, he developed an extreme case of obsessive-compulsive disorder. Now working as a private consultant, Monk continues to investigate cases in the most unconventional ways.",2002-07-12,80.0251,7.948,/3axGMbUecXXOPSeG47v2i9wK5y5.jpg,"Drama, Comedy, Crime, Mystery"
Secret Lives,series,"[10766, 18]",Salatut elämät (Secret Lives) is a Finnish television soap opera that premiered on MTV3 on 25 January 1999. The series' storylines follow the daily lives of several families who live in the same apartment block in Helsinki.,1999-01-25,89.67,4.2,/ugYAGyxwajuplDUUYT8Bzbj8eNR.jpg,"Soap, Drama"
Coronation Street,series,[10766],"The residents of Coronation Street are ordinary, working-class people, and the show follows them through regular social and family interactions at home, in the workplace, and in their local pub, the Rovers Return Inn. Britain's longest-running soap.",1960-12-09,82.5236,5.373,/5x1HXqYqPyYw7oc7Isu1lvVmwRP.jpg,Soap
How I Met Your Mother,series,[35],A father recounts to his children - through a series of flashbacks - the journey he and his four best friends took leading up to him meeting their mother.,2005-09-19,79.984,8.123,/b34jPzmB0wZy7EjUZoleXOl2RRI.jpg,Comedy
The Closer,series,"[80, 18, 9648]","Deputy Police Chief Brenda Leigh Johnson transfers from Atlanta to LA to head up a special unit of the LAPD that handles sensitive, high-profile murder cases. Johnson's quirky personality and hard-nosed approach often rubs her colleagues the wrong way, but her reputation as one of the world's best interrogator eventually wins over even her toughest critics.",2005-06-13,86.6487,7.804,/q6FhABXGf3TaYKoKNwzGAEzW7bt.jpg,"Crime, Drama, Mystery"
Peaky Blinders,series,"[18, 80]","A gangster family epic set in 1919 Birmingham, England and centered on a gang who sew razor blades in the peaks of their caps, and their fierce boss Tommy Shelby, who means to move up in the world.",2013-09-12,89.6857,8.526,/vUUqzWa2LnHIVqkaKVlVGkVcZIW.jpg,"Drama, Crime"
Who's the Murderer,series,"[80, 9648, 10764]","The cast is introduced to the settings and suspects of a murder case for the new episode. The cast then chooses their role in the episode, as a particular suspect or the detective.",2016-03-27,77.3523,8.4,/dmWr4vJgvGMH8m60fuTh0wzYGde.jpg,"Crime, Mystery, Reality"
JAG,series,"[18, 10759, 80]","Harmon ""Harm"" Rabb Jr. is a former pilot turned lawyer working for the military's JAG (Judge Advocate General) division, the elite legal wing of officers that prosecutes and defends those accused of military-related crimes. He works closely with Lt. Col. Sarah Mackenzie, and together they do what needs to be done to find the truth.",1995-09-23,89.8333,7.262,/zPyHpkJZ5O08lbgrQQIROXtb3xz.jpg,"Drama, Action & Adventure, Crime"
Elementary,series,"[18, 9648, 80]","A modern-day drama about a crime-solving duo that cracks the NYPD's most impossible cases. Following his fall from grace in London and a stint in rehab, eccentric Sherlock escapes to Manhattan where his wealthy father forces him to live with his worst nightmare - a sober companion, Dr. Watson.",2012-09-27,85.278,7.634,/q9dObe29W4bDpgzUfOOH3ZnzDbR.jpg,"Drama, Mystery, Crime"
Lucifer,series,"[80, 10765]","Bored and unhappy as the Lord of Hell, Lucifer Morningstar abandoned his throne and retired to Los Angeles, where he has teamed up with LAPD detective Chloe Decker to take down criminals. But the longer he's away from the underworld, the greater the threat that the worst of humanity could escape.",2016-01-25,80.9075,8.429,/ekZobS8isE6mA53RAiGDG93hBxL.jpg,"Crime, Sci-Fi & Fantasy"
Psych,series,"[18, 35, 80]","Thanks to his police officer father's efforts, Shawn Spencer spent his childhood developing a keen eye for detail (and a lasting dislike of his dad). Years later, Shawn's frequent tips to the police lead to him being falsely accused of a crime he solved.

Now, Shawn has no choice but to use his abilities to perpetuate his cover story: psychic crime-solving powers, all the while dragging his best friend, his dad, and the police along for the ride.",2006-07-07,78.8338,7.901,/fDI15gTVbtW5Sbv5QenqecRxWKJ.jpg,"Drama, Comedy, Crime"
Euphoria,series,[18],"A group of high school students navigate love and friendships in a world of drugs, sex, trauma, and social media.",2019-06-16,83.505,8.276,/ypmtwojDd751Peszi62DVLytqqC.jpg,Drama
Euphoria,series,[18],"A group of high school students navigate love and friendships in a world of drugs, sex, trauma, and social media.",2019-06-16,83.505,8.276,/ypmtwojDd751Peszi62DVLytqqC.jpg,Drama
Match of the Day,series,"[10767, 10763]","BBC's football highlights and analysis.

""The longest-running football television programme in the world"" as recognised by Guinness World Records in 2015.",1964-08-22,81.3744,7.6,/tVFCu0jE9m5QHmHM4rzEFGs1kUI.jpg,"Talk, News"
Adam's Sweet Agony,series,[16],"This is the story of a boy, who became the lone Adam among four billion Eves. In a world where a pandemic has rendered all men impotent, high school student Itsuki is the exception who escaped it. In order to protect this secret, he transfers to a very special high school, which turns out to be composed of 90% girls! There, he encounters an upbeat and friendly senior, a sexually frustrated female teacher, a tomboyish school 'prince,' and an heiress from a wealthy family. For Itsuki, who has his pick of any woman in the world, the question remains: which one will he choose?",2024-01-08,74.7446,6.9,/1n1ZP0KHXUSvVxZG63x7aOzmO4M.jpg,Animation
Play for Today,series,[18],"Play for Today is a British television anthology drama series, produced by the BBC and transmitted on BBC1 from 1970 to 1984. During the run, more than three hundred programmes, featuring original television plays, and adaptations of stage plays and novels, were transmitted. The individual episodes were between fifty and a hundred minutes in duration.",1970-10-15,80.6237,6.6,/aIgjKkazKMhqQjytljsofAEsp3q.jpg,Drama
Scene of the Crime,series,"[18, 80]","Tatort is a long-running German/Austrian/Swiss crime television series set in various parts of these countries. The show is broadcast on the channels of ARD in Germany, ORF in Austria and SF1 in Switzerland.",1970-11-29,77.8596,6.204,/yh43TKi9himQWhzrlWBxV8WjsFn.jpg,"Drama, Crime"
High Potential,series,"[18, 80, 9648]","Morgan is a single mom with an exceptional mind, whose unconventional knack for solving crimes leads to an unusual and unstoppable partnership with a by-the-book seasoned detective.",2024-09-17,84.551,8.232,/xCtaUDBUP1iKqtoqpHfeH1T2pWF.jpg,"Drama, Crime, Mystery"
Young Hearts,series,"[10766, 35, 18]","Malhação is a Brazilian television series for the teenage audience. The soap started in 1995, and was set in a fictional Gym Club called Malhação on Barra da Tijuca, Rio de Janeiro. Through the years the location varied slightly. Although the name of the soap remains the same, it is now set in the Múltipla Escolha High School.",1995-04-24,91.9875,6.3,/bF24r2FxsjzgkJcrbBU8RC9JVoU.jpg,"Soap, Comedy, Drama"
X Factor,series,"[10764, 10751]","X Factor is the Italian version of the British musical talent show The X Factor. The first four seasons aired on Rai 2, but since 2011 it has been broadcast on Sky Uno, with reruns on TV8, after Rai dropped the show due to high costs. Sky Italia acquired the format, extending its broadcast until 2024. Starting from the eleventh season, RTL 102.5 became the official radio station, replacing Radio Deejay and Radio 105. The show was hosted by Francesco Facchinetti (2008-2010), Alessandro Cattelan (2011-2020), Ludovico Tersigni (2021), and Francesca Michielin (2022-2023). From 2024 onwards, Giorgia will take over as host. Since the seventh season, the show has been produced by Fremantle Italia without the collaboration of Magnolia, which had produced the selection episodes in the early seasons.",2008-03-10,88.8706,7.5,/tGIDuv3ySOGk8agG34fKMZI7BTB.jpg,"Reality, Family"
Phineas and Ferb,series,"[16, 35, 10751, 10765]","Each day, two kindhearted suburban stepbrothers on summer vacation embark on some grand new project, which annoys their controlling sister, Candace, who tries to bust them. Meanwhile, their pet platypus plots against evil Dr. Doofenshmirtz.",2007-08-17,83.864,7.881,/g6TidT7be954rrzPPBTIXkSmfXj.jpg,"Animation, Comedy, Family, Sci-Fi & Fantasy"
Geeta LLB,series,[18],Star Jalsha TV Shows,2023-11-19,35.1563,0.0,/1LG550s3bHHF9k66WxIV3JIAJd5.jpg,Drama
My Little Pony: Friendship Is Magic,series,"[16, 35, 10765, 10762]","Journey to the enchanted land of Equestria, where unicorn Twilight Sparkle and her pals have adventures and learn valuable lessons about friendship.",2010-10-10,79.5496,8.188,/uvCchgn7uUUE2MJfhzg39M4RaZW.jpg,"Animation, Comedy, Sci-Fi & Fantasy, Kids"
Ninjago: Masters of Spinjitzu,series,"[16, 10759, 10765, 35, 10751]","When the fate of their world, Ninjago, is challenged by great threats, it's up to the ninja: Kai, Jay, Cole, Zane, Lloyd and Nya to save the world.",2012-01-11,79.6892,8.0,/wz6ZqlyndVpdRayZi1gbYHWcqFi.jpg,"Animation, Action & Adventure, Sci-Fi & Fantasy, Comedy, Family"
The Love Boat,series,"[18, 35]","Passengers who search for romantic nights aboard a beautiful ship travelling to tropical or mysterious countries, decide to pass their vacation aboard the ""Love Boat"", where Gopher, Dr. Bricker, Isaac, Julie, and Captain Stubing try their best to please them, and sometimes help them fall in love. Things are not always so easy, but in the end, love wins.",1977-09-24,76.4687,6.262,/fnsnazlj2bt3Fuj0pJ7wBPmuMLO.jpg,"Drama, Comedy"
WWE NXT,series,"[10759, 18, 10764]",Wrestlers will portray heroes or villains as they follow a series of events that build tension and culminate in a wrestling match or series of matches.,2010-02-23,79.0752,6.7,/9nLBX5Bf7PW4FAaWJLXpFFdeTlV.jpg,"Action & Adventure, Drama, Reality"
Hotel Cæsar,series,"[18, 10766]","Hotel Cæsar is a Norwegian soap opera that has been broadcast Monday to Friday on TV 2 since 1998. It was created by Swedish duo Peter Emanuel Falck and Christian Wikander. The show consists of more than 2,500 episodes, making it the longest running drama in television in Scandinavia.",1998-10-24,75.8246,3.6,/h6xfU17d5K06tQEcSNNKSqpyLMm.jpg,"Drama, Soap"
Star Trek: Voyager,series,"[10765, 18, 10759]","Pulled to the far side of the galaxy, where the Federation is 75 years away at maximum warp speed, a Starfleet ship must cooperate with Maquis rebels to find a way home.",1995-01-16,79.9454,7.791,/gNS5tRSG3UlXodCxznKKOKweqxh.jpg,"Sci-Fi & Fantasy, Drama, Action & Adventure"
Marvel's Agents of S.H.I.E.L.D.,series,"[18, 10765, 10759]","Agent Phil Coulson of S.H.I.E.L.D. (Strategic Homeland Intervention, Enforcement and Logistics Division) puts together a team of agents to investigate the new, the strange and the unknown around the globe, protecting the ordinary from the extraordinary.",2013-09-24,79.1013,7.486,/gHUCCMy1vvj58tzE3dZqeC9SXus.jpg,"Drama, Sci-Fi & Fantasy, Action & Adventure"
The Nanny,series,"[35, 10751]","That flashy girl from Flushing with the heart of an angel (and the voice of a slighty more nasal angel). The comic misadventures of the sweet and sassy Fran Fine, her sophisticated employer, Broadway producer Mr. Sheffield, his boisterous brood and his wisecracking staff.",1993-11-03,78.3439,8.068,/4syShXMjaPAP3mG81ekhruv94sd.jpg,"Comedy, Family"
Kanaa,series,[18],"Anbarasi, an innocent village girl, dreams of making a name for herself in the field of sports but faces numerous obstacles. Will she manage to tackle the hurdles and fulfil her dream?",2022-11-21,69.1378,0.0,/n5v6vyYH1tBTNkm6HIiUAx4iVTi.jpg,Drama
Hockey Psychology,series,[],Breaking down the game within the game for the best sport on earth.,2021-04-10,65.5871,0.0,,
Seinfeld,series,[35],A stand-up comedian and his three offbeat friends weather the pitfalls and payoffs of life in New York City in the '90s. It's a show about nothing.,1989-07-05,75.1466,8.258,/aCw8ONfyz3AhngVQa1E2Ss4KSUQ.jpg,Comedy
Once Upon a Time,series,"[18, 10765]","There is a town in Maine where every story book character you've ever known is trapped between two worlds, victims of a powerful curse. Only one knows the truth and only one can break the spell.",2011-10-23,74.5352,7.402,/u95scYysMZvBoekSLmMNJjeqXcY.jpg,"Drama, Sci-Fi & Fantasy"
Peppa Pig,series,"[16, 10762]","Peppa Pig is an energetic piggy who lives with Mummy, Daddy, and little brother George. She loves to jump in mud puddles and make loud snorting noises.",2004-05-31,79.8983,6.542,/iwKVo3HlsyVNXCzFEkd0xHz3kGi.jpg,"Animation, Kids"
Renegade Immortal,series,"[16, 18, 10759]","It tells the story of Wang Lin, an ordinary young man in the countryside, who is moved by his heart and cultivates against immortality. His pursuit is not only for longevity, but also for getting rid of the ants behind it. He firmly believed in human beings and entered the path of cultivation with mediocre qualifications. After experiencing ups and downs, with his wise mind, he gradually reached the pinnacle and became famous in the cultivation world with his own strength.",2023-09-25,74.4944,8.2,/mCt5qgkOYEvuHSiSwNByMv6LMoB.jpg,"Animation, Drama, Action & Adventure"
NCIS: Los Angeles,series,"[10759, 18, 80, 9648]","The exploits of the Los Angeles–based Office of Special Projects (OSP), an elite division of the Naval Criminal Investigative Service that specializes in undercover assignments.",2009-09-22,83.7995,7.536,/TIIgcznwNfNr3KOZvxn26eKV99.jpg,"Action & Adventure, Drama, Crime, Mystery"
Gossip Girl,series,[18],An exclusive group of privileged teens from a posh prep school on Manhattan's Upper East Side whose lives revolve around the blog of the all-knowing albeit ultra-secretive Gossip Girl.,2007-09-19,78.7421,8.14,/mRvSUuU1VQQkZZ578jKJpcUCuL8.jpg,Drama
Sons of Anarchy,series,"[80, 18]","The Sons of Anarchy (SOA) are an outlaw motorcycle club with many charters in the United States and overseas. The show focused on the original and founding charter, Sons of Anarchy Motorcycle Club, Redwood Original, often referred to by the acronym SAMCRO, Sam Crow, or simply Redwood Charter. The charter operates both legal and illegal businesses in the small town of Charming, California. They combine gun-running and a garage, and involvement in porn film industry. Clay, the charter president, likes it old school and violent; while Jax, his stepson and the club's VP, has thoughts about changing the way things are done. Their conflict has effects on both the club and their personal relationship, especially when Jax goes on a personal quest to cleanse the SAMCRO name and image.",2008-09-03,66.5206,8.407,/yPLkf4EiCkR0NOvMfmpHMA2zfN3.jpg,"Crime, Drama"
SPY x FAMILY,series,"[16, 10759, 35]","A spy, an assassin and a telepath come together to pose as a family, each for their own reasons, while hiding their true identities from each other.",2022-04-09,77.2553,8.509,/7NAvPYPAu7MeHwP8E9sn81PqsRh.jpg,"Animation, Action & Adventure, Comedy"
Barbara Karlich – Talk um 4,series,[10767],A talk show produced by ORF since 1999 and broadcast on ORF 2.,1999-10-27,75.5238,4.5,/1NAVqNAKXbFbBzl9P52boCOUACJ.jpg,Talk
Black Mirror,series,"[10765, 18, 9648]","Twisted tales run wild in this mind-bending anthology series that reveals humanity's worst traits, greatest innovations and more.",2011-12-04,73.6414,8.288,/seN6rRfN0I6n8iDXjlSMk1QjNcq.jpg,"Sci-Fi & Fantasy, Drama, Mystery"
Star Wars: The Clone Wars,series,"[10759, 10765, 16]","Yoda, Obi-Wan Kenobi, Anakin Skywalker, Mace Windu and other Jedi Knights lead the Grand Army of the Republic against the droid army of the Separatists.",2008-10-03,73.8842,8.467,/e1nWfnnCVqxS2LeTO3dwGyAsG2V.jpg,"Action & Adventure, Sci-Fi & Fantasy, Animation"
Golden Globe Awards,series,"[10764, 10767]","An annual awards ceremony recognizing excellence in film and television, both domestic and foreign, bestowed by the Hollywood Foreign Press Association.",1944-01-20,67.8559,7.0,/kwPQHGHTTgJ8x5KTQDB8F2T4dzC.jpg,"Reality, Talk"
Agatha Christie's Poirot,series,"[80, 18, 9648]","From England to Egypt, accompanied by his elegant and trustworthy sidekicks, the intelligent yet eccentrically-refined Belgian detective Hercule Poirot pits his wits against a collection of first class deceptions.",1989-01-08,75.6488,8.188,/6f4IVfbn8knb7RjdZlGLuW5guDc.jpg,"Crime, Drama, Mystery"
The Road to Splendor,series,[18],"After being falsely accused of a scandal that ruins her reputation, noblewoman Fu Tingyun escapes with the help of salt smuggler Zhao Ling. Together, they expose government corruption and navigate the treacherous world of court politics. As they seek justice and uncover the truth behind her past, their bond deepens, leading them to a new beginning.",2026-08-09,64.2853,8.0,/32xB4tvOEixN0XUuL43I8qy9ghg.jpg,Drama
Meet the Press,series,"[10763, 10767]","Meet the Press is a weekly American television news/interview program airing on NBC. It is the longest-running television series in American broadcasting history, despite bearing little resemblance to the original format of the program seen in its television debut on November 6, 1947. Meet the Press is the highest-rated of the American television Sunday morning talk shows.

It has been hosted by 11 moderators, beginning with Martha Rountree.  Meet the Press and similar shows specialize in interviewing national leaders on issues of politics, economics, foreign policy and other public affairs.",1947-11-06,78.7845,4.6,/ix7PFKpRTzD5eQxEqD4MvqdAAHW.jpg,"News, Talk"
It's Always Sunny in Philadelphia,series,[35],"Four egocentric friends run a neighborhood Irish pub in Philadelphia and try to find their way through the adult world of work and relationships. Unfortunately, their warped views and precarious judgments often lead them to trouble, creating a myriad of uncomfortable situations that usually only get worse before they get better.",2005-08-04,75.9438,8.26,/o0tMMK33JqmtpcWw0H41cEr9xQB.jpg,Comedy
Big Brother,series,[10764],"American version of the reality game show which follows a group of HouseGuests living together 24 hours a day in the ""Big Brother"" house, isolated from the outside world but under constant surveillance with no privacy for three months.",2000-07-05,75.7596,4.846,/kvuNuOJSiPSBY1FDQHFGz1PIWUe.jpg,Reality
Uusi Päivä,series,"[35, 18, 10751]","Set in the small town of Virtaus, the series follows the lives of the town’s residents—both young and old—through their joys and sorrows.",2010-10-04,75.5146,5.3,/6S1Ic9YTc24azvC2XgIxSpcdEF2.jpg,"Comedy, Drama, Family"
Buffy the Vampire Slayer,series,"[35, 18, 10765]","Into every generation a slayer is born: one girl in all the world, a chosen one. She alone will wield the strength and skill to fight the vampires, demons, and the forces of darkness; to stop the spread of their evil and the swell of their number. She is the Slayer.",1997-03-10,84.8214,8.095,/y7fVZkyheCEQHDUEHwNmYENGfT2.jpg,"Comedy, Drama, Sci-Fi & Fantasy"
MF GHOST,series,"[16, 10759]","Japan adopts self-driving electric automobiles and renders most gas engines obsolete by 202X. The fastest cars find new life in the MFG, a racing circuit held on Japanese motorways. Drivers from around the world race for a shot at the title. Kanata Rivington returns from Britain to Japan for the MFG—and to find his father. Can he win the title and find answers? Buckle up and push it to the limit!",2023-10-02,68.9776,8.188,/jqkDWnBDltFCjAdhxCqUWg9GXFB.jpg,"Animation, Action & Adventure"
Torn Apart,series,"[18, 35]","Aras, a fearless seventeen-year-old boy, comes to Bodrum to search for his younger sibling, the only remaining member of his family whom he lost at the age of five. His new life in Bodrum will turn into a challenging struggle when his path crosses with the Akkaya family, the most powerful family in the city.",2026-05-31,74.3479,7.136,/erd75Gon5bXL38kngnH6DCrOUj2.jpg,"Drama, Comedy"
Mad Men,series,[18],"Set in 1960-1970 New York, this sexy, stylized and provocative drama follows the lives of the ruthlessly competitive men and women of Madison Avenue advertising.",2007-07-19,72.3928,8.129,/5jOedTeytYzlJZwU66MFjmLHhHX.jpg,Drama
March Comes In Like a Lion,series,"[16, 18]","This is a gentle tale about people trying to regain something. And it is a tale of battle. Rei Kiriyama had lost his family in an accident when he was young. Now he is a 17-year-old pro shogi player who is burdened with deep loneliness. Rei lives alone in an old town in Tokyo, but after becoming acquainted with three sisters, Akari, Hinata and Momo, he begins to change little by little...",2016-10-08,68.8458,8.0,/sokReNdjEwG2TkdUzJcVnD6sChT.jpg,"Animation, Drama"
Off Campus,series,[18],"Hannah Wells tutors hockey captain Garrett Graham to win over her crush. Their deal becomes real connection as they face their pasts. Friends Logan, Dean, Tucker, and Allie navigate college life and love.",2026-05-13,74.3351,8.9,/tcPc5ZMBO4y2BtCJMe3o2nwZb2B.jpg,Drama
Keep Running,series,"[35, 10764]","Hurry Up, Brother! is a Chinese variety show based off the original Korean variety show, Running Man. It is created by SBS and co-produced with Zhejiang Television. It first aired on October 10, 2014. This show is classified as a game-variety show, where the MCs and guests complete missions in a landmark to win a race. In 2017, the show officially changed its name to ""Keep Running"".",2014-10-10,67.9882,5.7,/lr4er9w2jHqFx8VFyASN8Q1LWzB.jpg,"Comedy, Reality"
Operación triunfo,series,[10764],"Reality-show talent contest aimed to find the country's next solo singing sensation, putting a selection of hopefuls through their paces by getting them to sing a variety of cover versions of popular songs, with tutoring from various professionals.",2001-10-22,80.2301,6.522,/8Qfq22zP5PeUKJfN5bFPFJtJz5i.jpg,Reality
Teenage Mutant Ninja Turtles,series,"[10759, 10762, 16, 10765, 35]","The Teenage Mutant Ninja Turtles are back in an all-new animated series on Nickelodeon! Surfacing topside for the first time on their fifteenth birthday, the titular turtles, Leonardo, Michelangelo, Raphael and Donatello, find that life out of the sewers isn't exactly what they thought it would be. Now the turtles must work together as a team to take on new enemies that arise to take over New York City.",2012-09-28,68.7498,8.3,/n0DN6kJf0kGeuNFUYLT6eZe5ERR.jpg,"Action & Adventure, Kids, Animation, Sci-Fi & Fantasy, Comedy"
The Jennifer Hudson Show,series,[10767],Talented entertainer and newly-minted EGOT Jennifer Hudson takes on the daytime talk show landscape.,2022-09-12,74.8225,5.6,/itMjVGw4abhhCDZFppmb7yGLrRa.jpg,Talk
The Mike Douglas Show,series,"[35, 10767]","The Mike Douglas Show is an American daytime television talk show hosted by Mike Douglas that originally aired only in the Cleveland area during much of its first two years on the air. It then went into syndication in 1963 and remained on television until 1982. It was distributed by Westinghouse Broadcasting and for much of its run, originated from studios of two of the company's TV stations in Cleveland and Philadelphia.",1961-12-11,74.8674,5.818,/qNk97cbF3dZyhkfIcJhjFDD64sM.jpg,"Comedy, Talk"
Top of the Pops,series,[10764],"The biggest stars, the most iconic performances, the most outrageous outfits – it’s Britain’s number one pop show.",1964-01-01,76.8158,6.6,/jjfTTjVYWyD6rGHVbnC44IrsJ7P.jpg,Reality
Lassie,series,"[10759, 18, 10751, 35]","Lassie is the pet of Jeff Miller, an 11-year-old farm boy. The two become best friends and enjoy family adventures in the American countryside, teaching each other about love, nature and commitment.",1954-09-12,72.7751,6.285,/vqbVr4fYRZb28ywczaidn29JJTA.jpg,"Action & Adventure, Drama, Family, Comedy"
Running Man,series,"[35, 10764]","These days, as variety shows are gradually disappearing, this is one of Korea’s representative variety shows that has been responsible for Sunday evenings for over 10 years. This program features numerous stars and members going around various places, playing games, and completing missions. In particular, among the many fun elements of variety shows, this one focuses solely on laughter.

Open your eyes! Big fun is coming in!

Open your mouth! Big laughter is coming in!

Open your heart! Useful lessons are coming in!",2010-07-11,72.2808,8.2,/2Wmmu1MkqxJ48J7aySET9EKEjXz.jpg,"Comedy, Reality"
Star Trek,series,"[10765, 18]","Space. The Final Frontier. The U.S.S. Enterprise embarks on a five year mission to explore the galaxy. The Enterprise is under the command of Captain James T. Kirk with First Officer Mr. Spock, from the planet Vulcan. With a determined crew, the Enterprise encounters Klingons, Romulans, time paradoxes, tribbles and genetic supermen led by Khan Noonian Singh. Their mission is to explore strange new worlds, to seek new life and new civilizations, and to boldly go where no man has gone before.",1966-09-08,75.583,7.996,/f2wbC7fxiOJqzTb6HPr4N6bsjLF.jpg,"Sci-Fi & Fantasy, Drama"
The Pitt,series,[18],The staff of Pittsburgh's Trauma Medical Center work around the clock to save lives in an overcrowded and underfunded emergency department.,2025-01-09,90.361,8.731,/kvFSpESyBZMjaeOJDx7RS3P1jey.jpg,Drama
The Fairly OddParents,series,"[16, 35, 10765, 10762]","The zany, fast-paced adventures of a 10-year-old boy and his fairy godparents, who inadvertently create havoc as they grant wishes for their pint-sized charge.",2001-03-30,70.8256,7.569,/3ryMj7tIvVtiXyI2tLvHYTjOjq4.jpg,"Animation, Comedy, Sci-Fi & Fantasy, Kids"
The Andy Griffith Show,series,"[35, 10751]","The Andy Griffith Show is an American sitcom first televised on CBS between October 3, 1960 and April 1, 1968. Andy Griffith portrays the widowed sheriff of the fictional small community of Mayberry, North Carolina. His life is complicated by an inept, but well-meaning deputy, Barney Fife, a spinster aunt and housekeeper, Aunt Bee, and a precocious young son, Opie. Local ne'er-do-wells, bumbling pals, and temperamental girlfriends further complicate his life. Andy Griffith stated in a Today Show interview, with respect to the time period of the show: ""Well, though we never said it, and though it was shot in the '60s, it had a feeling of the '30s. It was when we were doing it, of a time gone by.""

The series never placed lower than seventh in the Nielsen ratings and ended its final season at number one. It has been ranked by TV Guide as the 9th-best show in American television history. Though neither Griffith nor the show won awards during its eight-season run, series co-stars Knotts and Bavier accumulated a combined total of six Emmy Awards. The show, a semi-spin-off from an episode of The Danny Thomas Show titled ""Danny Meets Andy Griffith"", spawned its own spin-off series, Gomer Pyle, U.S.M.C., a sequel series, Mayberry R.F.D., and a reunion telemovie, Return to Mayberry. The show's enduring popularity has generated a good deal of show-related merchandise. Reruns currently air on TV Land, and the complete series is available on DVD. All eight seasons are also now available by streaming video services such as Netflix.",1960-10-03,70.075,7.6,/x2DNKGyeJ273Tt5hwty4GQnbwkV.jpg,"Comedy, Family"
RuPaul's Drag Race,series,[10764],"Join RuPaul, the world's most famous drag queen, as the host, mentor and judge for the ultimate in drag queen competitions. The top drag queens in the U.S. will vie for drag stardom as RuPaul, in full glamazon drag, will reign supreme in all judging and eliminations while helping guide the contestants as they prepare for each challenge.",2009-02-02,75.7447,7.453,/ySs9xkTfPgQCUNB2ctOzcMWP14n.jpg,Reality
Naruto,series,"[16, 10759, 10765]","Naruto Uzumaki, a mischievous adolescent ninja, struggles as he searches for recognition and dreams of becoming the Hokage, the village's leader and strongest ninja.",2002-10-03,73.4288,8.362,/xppeysfvDKVx775MFuH8Z9BlpMk.jpg,"Animation, Action & Adventure, Sci-Fi & Fantasy"
Outlander,series,"[18, 10765]","The story of Claire Randall, a married combat nurse from 1945 who is mysteriously swept back in time to 1743, where she is immediately thrown into an unknown world where her life is threatened. When she is forced to marry Jamie, a chivalrous and romantic young Scottish warrior, a passionate affair is ignited that tears Claire's heart between two vastly different men in two irreconcilable lives.",2014-08-09,72.7953,8.203,/oftZNfyTVNU7IfOqoGLoT8MGvNs.jpg,"Drama, Sci-Fi & Fantasy"
Slow Horses,series,"[80, 18, 9648]","Follow a dysfunctional team of MI5 agents—and their obnoxious boss, the notorious Jackson Lamb—as they navigate the espionage world's smoke and mirrors to defend England from sinister forces.",2022-04-01,74.3533,8.0,/w2jauz2PeSjFQifDObI3qDen4f7.jpg,"Crime, Drama, Mystery"
Wednesday,series,"[10765, 9648, 35]","Smart, sarcastic and a little dead inside, Wednesday Addams investigates twisted mysteries while making new friends — and foes — at Nevermore Academy.",2022-11-23,73.8002,8.333,/9PFonBhy4cQy7Jz20NpMygczOkv.jpg,"Sci-Fi & Fantasy, Mystery, Comedy"
INVINCIBLE,series,"[16, 18, 10765, 10759]","Mark Grayson is a normal teenager except for the fact that his father is the most powerful superhero on the planet. Shortly after his seventeenth birthday, Mark begins to develop powers of his own and enters into his father's tutelage.",2021-03-25,73.9454,8.634,/4tblBrslcKSifMVZ3TmtT2ukMor.jpg,"Animation, Drama, Sci-Fi & Fantasy, Action & Adventure"
The Walking Dead: Dead City,series,"[10759, 18, 10765]","Maggie and Negan travel to post-apocalyptic Manhattan - long ago cut off from the mainland. The crumbling city is filled with the dead and denizens who have made it a world full of anarchy, danger, beauty, and terror.",2023-06-18,70.6383,7.903,/wq3vuQzQgbS83zX3malAFWMsSwX.jpg,"Action & Adventure, Drama, Sci-Fi & Fantasy"
The Chosen,series,"[10759, 10751, 18]",The life of Christ through the eyes of those who encountered him.,2019-04-21,75.3849,8.805,/dqVUFuNrMFWt7uGNWlpo91VKYOI.jpg,"Action & Adventure, Family, Drama"
Hollywood Squares,series,[],"On September 14, 1998, a Hollywood Squares revival debuted with Tom Bergeron as its host. In addition to her production duties, Whoopi Goldberg served as the permanent center square, with series head writer Bruce Vilanch, Gilbert Gottfried, Martin Mull, and Caroline Rhea as regular panelists and Brad Garrett, Bobcat Goldthwait, Jeffrey Tambor, George Wallace, Kathy Griffin and various others as semi-regular panelists. Shadoe Stevens returned to announce, although he was not given a square on the panel as he had been when John Davidson was host.",1998-09-14,66.2979,7.571,/vHwgcxGQH8KpgTL4KEV4eG2IAn8.jpg,
Spotlight,series,"[18, 35]","The students at the Berlin School of Arts share a dream: success on the big stage—whether as dancers, singers, musicians, actors, or comedians. At the BSA, they inch closer to that goal every day. Yet, at the same time, they are just ordinary teenagers. They discover that success doesn't simply fall into one's lap; instead, every day demands hard work. On top of that, the school must contend with adversaries like Manuel Kanz and Mysterius. The series also addresses typical teenage issues—parents, friendships, puberty, rejection, and loneliness—as well as the fundamental question: ""Who am I, and who do I want to be?""",2016-09-26,72.4752,6.2,/w06r2rsRi8HcyQQhI2WafkTlFof.jpg,"Drama, Comedy"
Tulsa King,series,"[80, 18]","New York mafia capo Dwight ""The General"" Manfredi is released from prison after 25 years and exiled by his boss to set up shop in Tulsa, Oklahoma. Realizing that his mob family may not have his best interests in mind, Dwight slowly builds a crew.",2022-11-13,75.8554,8.303,/rOYLWCdAifpUtPlTf1WHxyaxeMt.jpg,"Crime, Drama"
Redemption,series,[18],"Orhun is a successful businessman who was raised in a wealthy but loveless family along with his twin sister Nihan, younger sister Nurşah and their cold, distant mother Afife. Nihan left to do volunteer work as a doctor in Eritrea, but recently she has been impossible to contact, and her family is worried about her. While looking for his sister, he comes across Hira, a poor girl living the life of a prisoner at the hands of traffickers. When they find out that Nihan has been poisoned and killed by a local gang, Orhun breaks down. When it emerges that it was actually Hira who poisoned his sister, Orhun hatches an evil revenge plan. Meanwhile, Afife, their mother, has kept Orhun's father away since his childhood secretly. Orhun decides to marry Hira as revenge. Afife hates people of lower status and she’s obsessed with “pure blood”. Will this marriage imprison Afife , or will the couple find redemption after paying all their dues?",2022-11-21,70.8326,6.5,/2lUypzrIpZ87Crg2yrJKIJ5N5Z9.jpg,Drama
The Wire,series,"[80, 18]","Told from the points of view of both the Baltimore homicide and narcotics detectives and their targets, the series captures a universe in which the national war on drugs has become a permanent, self-sustaining bureaucracy, and distinctions between good and evil are routinely obliterated.",2002-06-02,75.5271,8.638,/4lbclFySvugI51fwsyxBTOm4DqK.jpg,"Crime, Drama"
Resort,series,"[18, 35]",A debt-ridden room service boy rises to challenge a ruthless kitchen at a luxurious beachside haven.,2026-03-13,61.9183,10.0,/cL7iOwqapRRb7eKKlXI4FDaP6rh.jpg,"Drama, Comedy"
The Last Ship,series,"[10759, 18, 10765]","Their mission is simple: Find a cure. Stop the virus. Save the world. When a global pandemic wipes out eighty percent of the planet's population, the crew of a lone naval destroyer must find a way to pull humanity from the brink of extinction.",2014-06-22,67.1908,6.876,/xH529hDtPxhslAEeCrN7gD64ZMX.jpg,"Action & Adventure, Drama, Sci-Fi & Fantasy"
Spartacus,series,[18],"Torn from his homeland and the woman he loves, Spartacus is condemned to the brutal world of the arena where blood and death are primetime entertainment.",2010-01-22,68.9434,8.032,/c2GKN4VHCj1dnjFMANRpGkCVBae.jpg,Drama
NYPD Blue,series,[18],"Police drama set in New York City, exploring the internal and external struggles of the fictional 15th precinct of Manhattan. Each episode typically intertwined several plots involving an ensemble cast.",1993-09-21,68.3277,7.039,/hrdusQVSArJPRGnB5bHzd2ISP4V.jpg,Drama
Scandal,series,[18],"Everyone has secrets and Olivia Pope has dedicated her life to protecting and defending the public images of the elite by keeping those secrets under wraps. Pope and her team are at the top of their game when it comes to getting the job done for their clients, but it becomes apparent that these ""gladiators in suits,"" who specialize in fixing the lives of other people, have trouble fixing those closest at hand -- their own.",2012-04-05,68.2204,7.197,/4XmF8PMSqtHCGNoL15oHbjr5ZuO.jpg,Drama
Cheers,series,[35],The story about a blue-collar Boston bar run by former sports star Sam Malone and the quirky and wonderful people who worked and drank there.,1982-09-30,66.7998,7.57,/nD1ZQBKbgKSmKcrAkWTofohsScj.jpg,Comedy
Robot Chicken,series,"[35, 16]","A series of pop-culture parodies using stop-motion animation of toys, action figures and dolls. The title character was an ordinary chicken until he was run down by a car and subsequently brought back to life in cyborg form by mad scientist Fritz Huhnmorder, who tortures Robot Chicken by forcing him to watch a random selection of TV shows, the sketches that make up the body of each episode.",2005-02-20,71.0749,7.632,/x5O2W1JulF0TM16HEITgVNML3KS.jpg,"Comedy, Animation"
Melrose Place,series,"[18, 10766]","Follow the lives of a group of young adults living in a brownstone apartment complex on Melrose Place, in Los Angeles, California.",1992-07-08,71.3363,5.83,/kIc03DwT3DPd48lKlbpyPxx3O1S.jpg,"Drama, Soap"
The Middle,series,[35],"The daily mishaps of a married woman and her semi-dysfunctional family and their attempts to survive life in general in the city of Orson, Indiana.",2009-09-30,80.6417,7.57,/u6FluiFx3ocVS0MgZszfpPKXT2p.jpg,Comedy
Cold Case,series,"[80, 18, 9648]",The Philadelphia homicide squad's lone female detective finds her calling when she is assigned cases that have never been solved. Detective Lilly Rush combines her natural instincts with the updated technology available today to bring about justice for all the victims she can.,2003-09-28,63.9296,7.741,/5dmiNE8UdAqIyjjwZZWsjMhhV0b.jpg,"Crime, Drama, Mystery"
The Late Late Show with James Corden,series,[10767],"Once Craig Ferguson retires, James Corden will be taking over The Late Late Show. The show is a late night talk show that interviews celebrities and has its own bits. And of course, it's all hosted by James Corden.",2015-03-23,68.9445,5.136,/qPmVoG8G9tc1nN8ZwGV2zYcknit.jpg,Talk
Glee,series,"[35, 18]","In this musical comedy, optimistic high school teacher Will Schuester tries to refuel his own passion while reinventing the high school's glee club and challenging a group of outcasts to realize their star potential as they strive to outshine their singing competition while navigating the cruel halls of McKinley High.",2009-05-19,58.8262,6.777,/9WlKHB3lmqMmxO1SfL6MVOJxKPP.jpg,"Comedy, Drama"
Charmsukh,series,[18],"Charmsukh is an erotic, drama web-series streamed on ULLU network with each episode having unique storyline.",2019-11-22,68.1626,7.0,/6Kt9zIsrtqs1x1XyNFxOeEjlkKB.jpg,Drama
WWE Superstars,series,"[10759, 18, 10764]","WWE Superstars is a professional wrestling television program produced by WWE that originally aired on WGN America in the United States. It debuted on April 16, 2009 and ended its domestic broadcasting on April 7, 2011. After the final domestic TV broadcast the show moved to an internet broadcast format while maintaining a traditional television broadcast in international markets. The show features mid-to-low card WWE superstars and divas, in a format similar to the former show WWE Heat which served the same purpose. Big names such as John Cena and Randy Orton previously appeared on the show at its beginning. The show also previously featured talent from the now-defunct ECW brand.",2009-04-16,78.0929,7.3,/595BCIq8CJUjYHlx0xwkfiesMLF.jpg,"Action & Adventure, Drama, Reality"
The Handmaid's Tale,series,"[18, 10765, 10759]","Set in a dystopian future, a woman is forced to live as a concubine under a fundamentalist theocratic dictatorship.",2017-04-26,65.8088,8.158,/eGUT7j3n3rn5yGihlCgwUnD70HV.jpg,"Drama, Sci-Fi & Fantasy, Action & Adventure"
One Piece,series,"[10759, 35, 16]","Years ago, the fearsome Pirate King, Gol D. Roger was executed leaving a huge pile of treasure and the famous ""One Piece"" behind. Whoever claims the ""One Piece"" will be named the new King of the Pirates.

Monkey D. Luffy, a boy who consumed a ""Devil Fruit,"" decides to follow in the footsteps of his idol, the pirate Shanks, and find the One Piece. It helps, of course, that his body has the properties of rubber and that he's surrounded by a bevy of skilled fighters and thieves to help him along the way.

Luffy will do anything to get the One Piece and become King of the Pirates!",1999-10-20,61.3046,8.75,/dB4EDhre2dsC2kxYDavyKWqLQwi.jpg,"Action & Adventure, Comedy, Animation"
Jimmy Kimmel Live!,series,"[10767, 35]","Jimmy Kimmel Live! is an American late-night talk show, created and hosted by Jimmy Kimmel and broadcast on ABC.",2003-01-26,64.0102,5.294,/bGB6bEbG4qL22C1SFupkdAxYC9i.jpg,"Talk, Comedy"
Young Justice,series,"[16, 10765, 10759]",Teenage superheroes strive to prove themselves as members of the Justice League.,2010-11-26,64.1224,8.382,/zMJw34G4OJhcd9NjKSRjJdDqjbR.jpg,"Animation, Sci-Fi & Fantasy, Action & Adventure"
Rote Rosen,series,"[10766, 18]","Rote Rosen is a German telenovela produced by Studio Hamburg Serienwerft Lüneburg and broadcast by Das Erste since November 6, 2006. The show is a complex telenovela, who tells one love story every season about women in their forties.",2006-11-06,64.7882,3.0,/swL2qUjGrChFyj14ExwA0pwWtzv.jpg,"Soap, Drama"
Kim Possible,series,"[16, 10759, 35, 10762]","If there's danger or trouble, Kim Possible is there on the double to save the world from villains... and still make it home in time for cheerleading practice! Luckily, Kim has her sidekick Ron Stoppable and his pet naked mole-rat Rufus by her side.",2002-06-07,66.174,7.516,/qsDNX8DPwWydDn9oUIhe1WcTuUH.jpg,"Animation, Action & Adventure, Comedy, Kids"
The Late Late Show with Craig Ferguson,series,"[35, 10767]","The Late Late Show with Craig Ferguson is an American late-night talk show hosted by Scottish American comedian Craig Ferguson, who is the third regular host of the Late Late Show franchise. It follows Late Show with David Letterman in the CBS late-night lineup, airing weekdays in the US at 12:37 a.m. It is taped in front of a live studio audience from Monday to Friday at CBS Television City in Los Angeles, California, directly above the Bob Barker Studio. It is produced by David Letterman's production company Worldwide Pants Incorporated and CBS Television Studios.

Since becoming host on January 3, 2005, after Craig Kilborn and Tom Snyder, Ferguson has achieved the highest ratings since the show's inception in 1995. While the majority of the episodes focus on comedy, Ferguson has also addressed difficult subject matter, such as the deaths of his parents, and undertaken serious interviews, such as one with Desmond Tutu, which earned the show a 2009 Peabody Award.",2005-01-03,68.835,6.833,/gGC7zSDgG0FY0MbM1pjfhTCWQBI.jpg,"Comedy, Talk"
Good Mythical Morning,series,[35],"Two ""Internetainers"" (Rhett & Link) go far out and do the weirdest things, giving you a daily dose of casual comedy every Monday-Friday.",2012-01-09,76.0514,6.9,/jMpBQr2aNOFAI6wsC47zsOG6qOh.jpg,Comedy
Pili,series,"[10759, 18]","Pili is a puppet show from Taiwan. It is made by Pili International Multimedia. The TV series started in 1985, and it still continues today. It is one of the most popular TV shows in Taiwan. Pili puppet show is performed by many kinds of puppets, some of them are cool, some are intelligent, and some are funny. Unlike traditional puppet shows, Pili puppet show uses state-of-the-art animation to help present its fighting art. The delicate design of the appearance and characteristics of each puppet has made Pili puppet show a well-known entertainment in Taiwan.",1988-06-01,68.8408,6.9,/sBVfyRYPmKSARRTodsTbwHqgcRA.jpg,"Action & Adventure, Drama"
Alles was zählt,series,"[10766, 18]","Alles was zählt is a German television soap opera first broadcast on RTL on September 4, 2006. The original plot revolved around Diana Sommer's dream to become a world class ice skater. She fell in love with Julian Herzog, who signed her at the prestigious Steinkamp Sport and Wellness Center, run by the unscrupulous Steinkamp dynasty. Diana and Julian eventually became a couple, but in November 2007, Julian suffered a brain hemorrhage and died during their wedding. Diana remained in Essen until January 2009, when she left to join a skating centre in Halle. The story continues to revolve around the Steinkamp Sport and Wellness Centre and its quest to become a sporting powerhouse, as well as the lives of the characters who work at and around the Centre.",2006-09-04,70.9414,4.875,/2qup6w78HhDiSii7v8vYgfEsz6E.jpg,"Soap, Drama"
Boron,series,"[18, 10751, 35]","Righteous Tithi has to endure the harsh consequences of spoilt brat Rudrik's actions. but when two souls at war get untied in martrimony, will they find love?",2021-04-05,64.2208,0.0,/qsh0JuM4CmjrmQQMIFDUtqqholJ.jpg,"Drama, Family, Comedy"
Fargo,series,"[80, 18]","A close-knit anthology series dealing with stories involving malice, violence and murder based in and around Minnesota.",2014-04-15,68.0286,8.289,/a3VW6khsyUVKrG0GBCWFG3NzWPX.jpg,"Crime, Drama"
Fringe,series,"[10765, 18, 9648]","FBI Special Agent Olivia Dunham, brilliant but formerly institutionalized scientist Walter Bishop and his scheming, reluctant son Peter uncover a deadly mystery involving a series of unbelievable events and realize they may be a part of a larger, more disturbing pattern that blurs the line between science fiction and technology.",2008-09-09,64.5773,8.135,/sY9hg5dLJ93RJOyKEiu1nAtBRND.jpg,"Sci-Fi & Fantasy, Drama, Mystery"
Rizzoli & Isles,series,"[80, 18, 9648, 35]","Perhaps their strikingly different personalities make the relationship between detective Jane Rizzoli and medical examiner Maura Isles so effective. Jane, the only female cop in Boston's homicide division, is tough, relentless and rarely lets her guard down, while the impeccably dressed Maura displays a sometimes icy temperament — she is, after all, more comfortable among the dead than the living. Together, the best friends have forged a quirky and supportive relationship; they drop the protective shield in each other's company, and combine their expertise to solve Boston's most complex cases.",2010-07-12,64.7419,7.89,/kuCNyr4XVQ4MZWiNjVS6DypE988.jpg,"Crime, Drama, Mystery, Comedy"
Ghost Whisperer,series,"[10765, 9648, 18]","Newlywed Melinda Gordon tries to help the dead communicate with loved ones, but sometimes the messages she receives are intense and confusing. Most of Melinda's efforts involve resolving conflicts that are preventing the spirits from passing over.",2005-09-23,66.3193,8.07,/9ZtGupUFaHhws7mOcwhNTtRpRHC.jpg,"Sci-Fi & Fantasy, Mystery, Drama"
New Girl,series,[35],"Jessica Day is an offbeat and adorable girl in her late 20s who, after a bad breakup, moves in with three single guys. Goofy, positive, vulnerable and honest to a fault, Jess has faith in people, even when she shouldn't. Although she's dorky and awkward, she's comfortable in her own skin. More prone to friendships with women, she's not used to hanging with the boys—especially at home.",2011-09-20,67.3331,7.352,/8oCqMlKKomCArVtyOjRzMN6g40Z.jpg,Comedy
Tracker,series,"[18, 80]","Lone-wolf survivalist Colter Shaw roams the country as a “reward seeker,” using his expert tracking skills to help private citizens and law enforcement solve all manner of mysteries while contending with his own fractured family.",2024-02-11,70.4198,7.6,/otula4h1ITZ0eV84eg7Lb8u614C.jpg,"Drama, Crime"
Heroes,series,"[10765, 18]",Common people discover that they have super powers. Their lives intertwine as a devastating event must be prevented.,2006-09-25,63.3925,7.448,/lf0TcOkheYUZKpeh7c8lqJHNk5O.jpg,"Sci-Fi & Fantasy, Drama"
Monster,series,"[16, 18, 9648, 80]","Kenzou Tenma, a Japanese brain surgeon in Germany, finds his life in utter turmoil after getting involved with a psychopath that was once a former patient.",2004-04-07,74.7893,8.505,/n5XNKXnoXpoXyfiCtXHOf8q8PFM.jpg,"Animation, Drama, Mystery, Crime"
Miami Vice,series,"[80, 18]","The story of the Miami Police Department's vice squad and its efforts to end drug trafficking and prostitution, centered on the unlikely partnership of Sonny Crockett and Ricardo Tubbs - who first meet when Tubbs is undercover in a drug cartel.",1984-09-16,62.2894,7.449,/b5kLqC6eDiA17nq3jr1Vi340Kns.jpg,"Crime, Drama"
Brooklyn Nine-Nine,series,"[35, 80]","A single-camera ensemble comedy following the lives of an eclectic group of detectives in a New York precinct, including one slacker who is forced to shape up when he gets a new boss.",2013-09-17,66.438,8.213,/mpjlDzVjp7oyHUe2LaF9ltKe6f1.jpg,"Comedy, Crime"
Avatar: The Last Airbender,series,"[10759, 10765, 18, 10751]",A young boy known as the Avatar must master the four elemental powers to save a world at war — and fight a ruthless enemy bent on stopping him.,2024-02-22,65.9294,7.77,/lzZpWEaqzP0qVA5nkCc5ASbNcSy.jpg,"Action & Adventure, Sci-Fi & Fantasy, Drama, Family"
Curb Your Enthusiasm,series,[35],"The off-kilter, unscripted comic vision of Larry David, who plays himself in a parallel universe in which he can't seem to do anything right, and, by his standards, neither can anyone else.",2000-10-15,66.0739,8.049,/pjRRB1NCFJzCb0euvpia4rKDov1.jpg,Comedy
NOVA,series,[99],"PBS' premier science series helps viewers of all ages explore the science behind the headlines. Along the way, NOVA demystifies science and technology, and highlights the people involved in scientific pursuits.",1974-03-03,76.0689,7.0,/giUBXYnDAaJgNqA6iE3BMVE2EHp.jpg,Documentary
The Sandman,series,"[10765, 18, 10759]","After years of imprisonment, Morpheus — the King of Dreams — embarks on a journey across worlds to find what was stolen from him and restore his power.",2022-08-05,68.9502,7.853,/q54qEgagGOYCq5D1903eBVMNkbo.jpg,"Sci-Fi & Fantasy, Drama, Action & Adventure"
Ironside,series,"[80, 18, 9648]","When an assassin's bullet confines him to a wheelchair for life ending his career as Chief of Detectives, Robert T. Ironside becomes a consultant to the police department. Detective Sergeant Ed Brown and policewoman Eve Whitfield join with him to crack varied and fascinating cases. Ex-con Mark Sanger is employed by the chief as home help but eventually becomes a fully fledged member of the team also. Officer Whitfield leaves after 4 years service, and is replaced by Officer Fran Belding.",1967-03-28,64.3596,6.789,/Fu9Sv0pQ0s89uWwwXcaG0kiNW7.jpg,"Crime, Drama, Mystery"
Know How...,series,[99],Get the know how to make technology work for you. TWiT shows you tech projects that you can do yourself and explains everything from tech basics to advanced techniques.,2012-07-05,67.2515,0.0,/6ieHlDLKbyETqUYauF061y6v9wE.jpg,Documentary
Entourage,series,"[35, 18]",Film star Vince Chase navigates the vapid terrain of Los Angeles with a close circle of friends and his trusty agent.,2004-07-18,62.7427,7.369,/kLKP8zrArBtBboGz3qJOuMGC7rL.jpg,"Comedy, Drama"
Ulice,series,"[18, 35, 10751, 10766]","Ulice is a Czech soap opera produced and broadcast by Nova. In the Czech language Ulice means street.

The show describes the lives of the Farský, Jordán, Boháč, Nikl, and Liška families and many other people that live in Prague. Their daily battle against real problems of living in a modern world like divorce, love, betrayal and illness or disease. Ulice often shows crime.",2005-09-05,75.9733,4.8,/zBEHcmVe87YjfI8SmIYkiDtX35I.jpg,"Drama, Comedy, Family, Soap"
Naruto Shippūden,series,"[16, 10759, 10765]","After 2 and a half years Naruto finally returns to his village of Konoha, and sets about putting his ambitions to work. It will not be easy though as he has amassed a few more dangerous enemies, in the likes of the shinobi organization; Akatsuki.",2007-02-15,62.3938,8.531,/kV27j3Nz4d5z8u6mN3EJw9RiLg2.jpg,"Animation, Action & Adventure, Sci-Fi & Fantasy"
The Goldbergs,series,"[10751, 35]","Before there were parenting blogs, trophies for showing up, and peanut allergies, there was a simpler time called the '80s. For geeky 11-year old Adam these were his wonder years and he faced them armed with a video camera to capture all the crazy. The Goldbergs are a loving family like any other, just with a lot more yelling.",2013-09-24,69.1618,7.432,/3aQipkhSCHUmaHjImqEqT80k6GP.jpg,"Family, Comedy"
Ranma1/2,series,"[16, 10759, 35]","Akane Tendo meets her new fiancé, Ranma Saotome, a martial arts prodigy with a twist: he magically transforms into a girl upon touching cold water.",2024-10-06,69.2885,8.111,/cDThx8yRYbdPOSgHbjihS4q7GYc.jpg,"Animation, Action & Adventure, Comedy"
The Kapil Sharma Show,series,"[35, 10767]","Kapil Sharma is back with his gang - Bindu, Chandan and 'mohalle ki dhoban' Gudiya. In tow is a new character, Maski, along with Goli, Roopmati and more! Enjoy guaranteed laughter with Kapil and his antics as different celebrities join in.",2016-04-23,62.8343,7.038,/fBPNBNFmcwhYXUpkW2Kb6jbeJOR.jpg,"Comedy, Talk"
Last Week Tonight with John Oliver,series,"[10767, 35, 10763]","A half-hour satirical look at the week in news, politics and current events.",2014-04-27,61.4835,7.771,/fuuEjEr69uvRtGaQw70JfvdrUwb.jpg,"Talk, Comedy, News"
The Crown,series,[18],"The gripping, decades-spanning inside story of Her Majesty Queen Elizabeth II and the Prime Ministers who shaped Britain's post-war destiny. 

The Crown tells the inside story of two of the most famous addresses in the world – Buckingham Palace and 10 Downing Street – and the intrigues, love lives and machinations behind the great events that shaped the second half of the 20th century. Two houses, two courts, one Crown.",2016-11-04,64.5827,8.186,/1M876KPjulVwppEpldhdc8V4o68.jpg,Drama
The 100,series,"[10765, 10759, 18, 80]","100 years in the future, when the Earth has been abandoned due to radioactivity, the last surviving humans live on an ark orbiting the planet — but the ark won't last forever. So the repressive regime picks 100 expendable juvenile delinquents to send down to Earth to see if the planet is still habitable.",2014-03-19,68.0884,7.879,/wHIMMLFsk32wIzDmawWkYVbxFCS.jpg,"Sci-Fi & Fantasy, Action & Adventure, Drama, Crime"
The A-Team,series,"[10759, 35, 80]","A fictional group of ex-United States Army Special Forces personnel work as soldiers of fortune while on the run from the Army after being branded as war criminals for a ""crime they didn't commit.""",1983-01-23,61.496,7.504,/p2qWJJ7Wyaq2xvgIHuBw4zVNBij.jpg,"Action & Adventure, Comedy, Crime"
Boston Legal,series,"[35, 18]",Alan Shore and Denny Crane lead a brigade of high-priced civil litigators in an upscale Boston law firm in a series focusing on the professional and personal lives of brilliant but often emotionally challenged attorneys. A spin-off of long-running series The Practice.,2004-10-03,62.6898,7.907,/b0bXUCfpcsgQ6EVVmucU2G76ixT.jpg,"Comedy, Drama"
Star Trek: Deep Space Nine,series,"[10765, 10759, 18]","At Deep Space Nine, a space station located next to a wormhole in the vicinity of the liberated planet of Bajor, Commander Sisko and crew welcome alien visitors, root out evildoers and solve all types of unexpected problems that come their way.",1993-01-03,62.5923,7.907,/vE6138ykaEXQkCSEHyuBIgfGlUZ.jpg,"Sci-Fi & Fantasy, Action & Adventure, Drama"
El Señor de los Cielos,series,"[80, 18, 10766]","Set in the 1990s, these are the life and times of Amado Carrillo Fuentes, a man who became the head of the Juárez cartel. Nicknamed “El Señor de los Cielos” (Lord of the Skies) because of the large fleet of airplanes he used to transport drugs, he was also known for washing more than $200 million through Colombia to finance his huge fleet. He is described as the most powerful drug trafficker of his time.",2013-04-15,67.3954,8.014,/Ag7VUdnrRz5Qpq3Yn3E5OCvFnu0.jpg,"Crime, Drama, Soap"
Our Sticky Love,series,"[18, 35]",An ambitious prosecutor loses her memory and moves in with a boxing coach who claims to be her boyfriend. Can this sticky situation turn into real love?,2026-08-07,61.6613,8.706,/tSZ4aFpTGc8Oj52SuzPUUZ7WKL0.jpg,"Drama, Comedy"
For All Mankind,series,"[18, 10765, 10768]","Explore an aspirational world where NASA and the space program remained a priority and a focal point of our hopes and dreams as told through the lives of NASA astronauts, engineers, and their families.",2019-11-01,56.729,7.747,/JP3DItWMbrrLiKR5AYUfpsNf2b.jpg,"Drama, Sci-Fi & Fantasy, War & Politics"
How to Get Away with Murder,series,"[80, 18, 9648]","A sexy, suspense-driven legal thriller about a group of ambitious law students and their brilliant, mysterious criminal defense professor. They become entangled in a murder plot and will shake the entire university and change the course of their lives.",2014-09-25,67.5476,7.817,/bJs8Y6T88NcgksxA8UaVl4YX8p8.jpg,"Crime, Drama, Mystery"
FBI: Most Wanted,series,"[80, 18]","The Fugitive Task Force relentlessly tracks and captures the notorious criminals on the Bureau's Most Wanted list. Seasoned agents oversee the highly skilled team that functions as a mobile undercover unit that is always out in the field, pursuing those who are most desperate to elude justice.",2020-01-07,64.4726,7.6,/uwTNBqFrEur3EtK8ofWbtGXMQOP.jpg,"Crime, Drama"
Twin Peaks,series,"[18, 9648]",The body of Laura Palmer is washed up on a beach near the small Washington state town of Twin Peaks. FBI Special Agent Dale Cooper is called in to investigate her strange demise only to uncover a web of mystery that ultimately leads him deep into the heart of the surrounding woodland and his very own soul.,1990-04-08,60.8948,8.3,/lA9CNSdo50iQPZ8A2fyVpMvJZAf.jpg,"Drama, Mystery"
The Night Agent,series,"[10759, 18, 9648]","Brought together by a midnight phone call, an FBI agent and a cybersecurity expert must unravel an ever-growing web of political conspiracies.",2023-03-23,62.0897,7.693,/4c5yUNcaff4W4aPrkXE6zr7papX.jpg,"Action & Adventure, Drama, Mystery"
RTL Tonight,series,[10767],"In RTL Vanavond's new talk show, presenters Renze Klamer, Beau van Erven Dorens, and Humberto Tan are joined by a whole squad of well-known divers. And there are some notable names among them.",2025-08-31,61.2126,7.0,/m56sR1upTuxs3UZJU7vbku1cSAc.jpg,Talk
Holby City,series,"[10766, 18]","Drama series about life on the wards of Holby City Hospital, following the highs and lows of the staff and patients.",1999-01-12,72.2092,5.8,/rDlIwW4NEUDNyrlaxrJeO63VrRO.jpg,"Soap, Drama"
LEGO Ninjago: Dragons Rising,series,"[16, 10762, 10759]","A phenomenon known as the Merge has caused many legendary realms to suddenly combine into one, but their union is unstable. A Spinjitzu Ninja Master must train a new generation of heroes to help find Elemental Dragons who can save the planet before the forces of evil use the same dragon energy to destroy this new world.",2023-06-01,62.8175,8.0,/5q3tfPVAcL9AlFcb8HXsOdHEtJR.jpg,"Animation, Kids, Action & Adventure"
Fullmetal Alchemist: Brotherhood,series,"[16, 10759, 10765, 18]","Disregard for alchemy’s laws ripped half of Edward Elric’s limbs from his body and left his brother Alphonse’s soul clinging to a suit of armor. To restore what was lost, the brothers seek the Philosopher’s Stone. Enemies and allies – the corrupt military, the Homunculi, and foreign alchemists – will alter the Elric brothers course, but their purpose will remain unchanged and their bond unbreakable.",2009-04-05,62.7891,8.712,/5ZFUEOULaVml7pQuXxhpR2SmVUw.jpg,"Animation, Action & Adventure, Sci-Fi & Fantasy, Drama"
A Girl's Guide to 21st Century Sex,series,[99],"A Girl's Guide to 21st Century Sex is a documentary TV series about sex, which ran in eight episodes on Channel 5 and was presented by Dr Catherine Hood. The 45-minute long episodes were broadcast on Monday nights. The series started on 30 October 2006, with the final programme broadcast on 18 December 2006.

Each episode explained a sex position and covered a sexually transmitted disease. Additionally, the following topics were discussed: sex among handicapped and overweight people, penis enlargement devices, penis enlargement surgery, sexual violence against men and penis removal, tantric sex, the g-spot, erectile dysfunction, sex reassignment surgery, cosmetic surgery of the vagina, swinging, lichen sclerosus, the use of recreational drugs during sex, male homosexual sex in public toilets, full body plastic wrap bondage, and sex dolls.",2006-10-30,65.7388,4.921,/9NSX2YrFGBIih0XqRedsSbDVx4U.jpg,Documentary
Kang's Family,series,"[35, 18, 10751]","Kang's Family; Migrant Wives, Local Husbands (Chinese: 外来媳妇本地郎 is a Cantonese sitcom produced by Guangdong Radio and Television. Filming began on April 18, 2000, and has been broadcast on GRT Pearl River Channel since November 4, 2000, with two episodes on Saturdays and Sundays at 19:00. It is the longest-running and most frequently aired sitcom in Chinese television history. As of May 15, 2021, the show has aired more than 4,000 episodes.",2000-11-04,57.6277,10.0,/yubXCrUPIc83Nk53gYARF49rOYV.jpg,"Comedy, Drama, Family"
Hammerslag,series,"[10764, 10751]","Realestate agents competite against each other, guessing 3 recently sold house prices per show.",2007-03-06,65.1678,9.3,/cTEoIXA0s83BCMmKMRbz5IW5KsU.jpg,"Reality, Family"
Without a Trace,series,"[80, 9648, 10759, 18]",The series follows the ventures of a Missing Persons Unit of the FBI in New York City.,2002-09-26,62.3553,7.224,/iNhE283iY7xtS8zCjhSxpTfOzn0.jpg,"Crime, Mystery, Action & Adventure, Drama"
Dahoam is Dahoam,series,[10766],The lives of the residents of the fictitious village of Lansing in Upper Bavaria.,2007-10-08,60.5783,4.75,/tGXZEUgSbgufoOpXMImSKPDd5A3.jpg,Soap
Malcolm in the Middle,series,[35],"A gifted young teen tries to survive life with his dimwitted, dysfunctional family.",2000-01-09,62.0836,8.467,/uftxEWbn3OSykTy4DX4BrdVeiuv.jpg,Comedy
"Beverly Hills, 90210",series,[18],"Follow the lives of a group of teenagers living in the upscale, star-studded community of Beverly Hills, California and attending the fictitious West Beverly Hills High School and, subsequently, the fictitious California University after graduation.",1990-10-04,63.9604,7.297,/b7BYfkhu653D894krwGO1ysIKTf.jpg,Drama
The Old Fox,series,"[80, 18]","A police department, lead by an older, experienced detective solve crimes together.",1977-04-11,66.4024,6.3,/mdgVarlF8LQgFFQMpUXTyb0EM9T.jpg,"Crime, Drama"
Babylon 5,series,"[18, 10765, 10759]","Babylon 5 is a five-mile long space station located in neutral space. Built by the Earth Alliance in the 2250s, its goal is to maintain peace among the various alien races by providing a sanctuary where grievances and negotiations can be worked out among duly appointed ambassadors. A council made up of representatives from the five major space-faring civilizations - the Earth Alliance, Minbari Federation, Centauri Republic, Narn Regime, and Vorlon Empire - work with the League of Non-Aligned Worlds to keep interstellar relations under control. Aside from its diplomatic function, Babylon 5 also serves as a military post for Earth and a port of call for travelers, traders, businessmen, criminals, and Rangers.",1994-01-26,60.6621,8.033,/td8O6KJQpN9ZRiuyFUILziXFMrk.jpg,"Drama, Sci-Fi & Fantasy, Action & Adventure"
Billions,series,[18],"Shrewd, savvy U.S. Attorney Chuck Rhoades and the brilliant, ambitious hedge fund king Bobby ""Axe"" Axelrod are on an explosive collision course, with each using all of his considerable smarts, power and influence to outmaneuver the other. The stakes are in the billions in this timely, provocative series.",2016-01-17,60.2793,7.763,/edwYPQdZE998d748AdwWLsfy0rl.jpg,Drama
Dancing with the Stars,series,"[10764, 10751]","The competition sees celebrities perform choreographed dance routines which are judged by a panel of renowned ballroom experts and voted on by viewers. Enjoy sizzling salsas, sambas and spray-tans as they vie for the coveted Mirrorball Trophy.",2005-06-01,67.1964,6.1,/5ropLAggzraCNoT6QPltb9lxeP3.jpg,"Reality, Family"
The King of Queens,series,[35],"Life’s good for deliveryman Doug Heffernan, until his newly widowed father-in-law, Arthur, moves in with him and his wife Carrie. Doug is no longer the king of his domain, and instead of having a big screen television in his recently renovated basement, he now has a crazy old man.",1998-09-21,62.4078,7.148,/vXs300Yvjy4Kr0iHgBtajHkYbAt.jpg,Comedy
Pokémon Horizons,series,"[16, 10759, 10765, 10762]","Follow Liko and Roy as they unravel the mysteries that surround them and encounter Friede, Captain Pikachu, Amethio, and others during their exciting adventures!",2023-04-14,57.8584,8.7,/amemXW39lMbNBJFRMJ5W7q9mLP2.jpg,"Animation, Action & Adventure, Sci-Fi & Fantasy, Kids"
The Powerpuff Girls,series,"[10759, 16, 35, 10762, 10751]","A series about Blossom, Bubbles, and Buttercup, three kindergarten-aged girls with superpowers, as well as their ""father"", the brainy scientist Professor Utonium, who all live in the fictional city of Townsville, USA. The girls are frequently called upon by the town's childlike and naive mayor to help fight nearby criminals using their powers.",1998-11-18,63.0885,7.516,/468mmhMd21pY4Yx0S0woqeEcxtL.jpg,"Action & Adventure, Animation, Comedy, Kids, Family"
Ghosts,series,"[35, 10765]","Samantha and Jay throw caution to the wind when they convert their recently inherited country estate into a bed-and-breakfast. Call it mislaid plans. Not only is the place falling apart, but it’s also inhabited by spirits of previous residents -- whom only Samantha can see and hear.",2021-10-07,62.1717,8.055,/8yBQYa6AdvMY5H9CiAv0HkvF3UE.jpg,"Comedy, Sci-Fi & Fantasy"
Gravity Falls,series,"[10759, 16, 35, 10751, 9648, 10765]","Twin brother and sister Dipper and Mabel Pines are in for an unexpected adventure when they spend the summer helping their great uncle Stan run a tourist trap in the mysterious town of Gravity Falls, Oregon.",2012-06-15,68.7418,8.62,/qwi3p6PzKfQZ4YXBzv3CP5pO2dE.jpg,"Action & Adventure, Animation, Comedy, Family, Mystery, Sci-Fi & Fantasy"
Mayday,series,"[99, 18, 80]","Major real-life air disasters are depicted in this series. Each episode features a detailed dramatized reconstruction of the incident based on cockpit voice recorders and air traffic control transcripts, as well as eyewitnesses recounts and interviews with aviation experts.",2003-09-03,60.2727,8.2,/2uuVIAb4MtPmMNTpOyID5V8DzrU.jpg,"Documentary, Drama, Crime"
True Detective,series,"[18, 9648]","An American anthology police detective series utilizing multiple timelines in which investigations seem to unearth personal and professional secrets of those involved, both within or outside the law.",2014-01-12,59.1042,8.293,/dC7jkj2g1aU8sxKqM6D4g44xA6w.jpg,"Drama, Mystery"
Bharaghar,series,"[10751, 18, 35]","The Tele-serial BHARAGHAR revolves around a family and their various tenants. Based on the relationships between the house owner’s family and the families of the various tenants, the plot of BHARAGHAR is mainly comic and also encompasses the lives of a few neighbours. The different plots are actually a broader reflection of the urban Assamese society. Crisp dialogues and stand-out performances by the cast of the tele-serial has made it one of the most-watched TV serial in the history of Assamese television. Every episode is conceived with a view to providing viewers wholesome entertainment.",2012-11-26,62.0542,8.0,/heR3ac5EBZL3QPwrFFNEUEt8F8U.jpg,"Family, Drama, Comedy"
Will Love In Spring,series,"[18, 10751]","Chen Maidong, once a rebellious youth, chooses to become a mortician after experiencing a life-changing event. Zhuang Jie, who becomes disabled due to a car accident, strives for a better life and becomes a successful professional in a big city. This drama portrays the journey of them who, despite their contrasting personalities and circumstances, learn to understand and accept one another. Their love heals their hearts, allowing them to embrace and appreciate their ""imperfect"" selves.",2024-04-22,51.6266,8.6,/2bzJfnCkANAiISftIbmcKsx1cZI.jpg,"Drama, Family"
Chicago Hope,series,"[10766, 18]","Chicago Hope is an American medical drama television series, created by David E. Kelley. It ran on CBS from September 18, 1994, to May 4, 2000. The series is set in a fictional private charity hospital in Chicago, Illinois.",1994-09-18,58.3517,7.2,/x8ic33t4NurJul1oXmvKwKtWH28.jpg,"Soap, Drama"
Riverdale,series,"[80, 18, 9648]","Set in the present, the series offers a bold, subversive take on Archie, Betty, Veronica and their friends, exploring the surreality of small-town life, the darkness and weirdness bubbling beneath Riverdale’s wholesome facade.",2017-01-26,67.4138,8.4,/d8mmn9thQ5dBk2qbv6BCqGUXWK3.jpg,"Crime, Drama, Mystery"
Nip/Tuck,series,[18],"Hotshot plastic surgeons Dr. Sean McNamara and Dr. Christian Troy experience full-blown midlife crises as they confront career, family and romance problems.",2003-07-22,62.1968,7.194,/v5uEYpNbjGmJC59xqvmPW58aSTl.jpg,Drama
Loki,series,"[18, 10765]","After stealing the Tesseract during the events of “Avengers: Endgame,” an alternate version of Loki is brought to the mysterious Time Variance Authority, a bureaucratic organization that exists outside of time and space and monitors the timeline. They give Loki a choice: face being erased from existence due to being a “time variant” or help fix the timeline and stop a greater threat.",2021-06-09,60.4246,8.174,/kEl2t3OhXc3Zb9FBh1AuYzRTgZp.jpg,"Drama, Sci-Fi & Fantasy"
Dragnet,series,"[18, 80]","Follows the cases of a dedicated Los Angeles police detective, Sergeant Joe Friday, and his partners. The show takes its name from the police term ""dragnet"", meaning a system of coordinated measures for apprehending criminals or suspects.",1951-12-16,57.7685,6.486,/393BVqnVaioYBE5f3LMUwFRAwPQ.jpg,"Drama, Crime"
Only Murders in the Building,series,"[35, 9648, 80]",Three strangers share an obsession with true crime and suddenly find themselves wrapped up in one.,2021-08-31,58.9237,8.417,/1yjFVQZuW8aofZ5Cgol8iImsVFp.jpg,"Comedy, Mystery, Crime"
Nonstop,series,"[18, 35]","Nonstop is a South Korean slice-of-life sitcom that broadcast its first season in 2000 on MBC. It continued with 5 more seasons. The series was popular for its cast of teen idols, many who debuted through the show..",2000-05-15,50.575,5.333,/elXJzhz1dM0lO7fK2BfO2pVtC7l.jpg,"Drama, Comedy"
The View,series,[10767],"ABC Daytime's morning chatfest, currently featuring Whoopi Goldberg, Joy Behar, Sunny Hostin, Sara Haines, Alyssa Farah Griffin, and Ana Navarro discussing the most exciting events of the day. Hot topics in the news, the best experts in their field, celebrity interviews and general entertainment are all part of The View.",1997-08-11,58.2542,4.345,/pEUNIxCMh2jFjUj7u09f4O5CcR4.jpg,Talk
Full House,series,"[35, 10751]","After the death of his wife, Danny enlists his best friend and his brother-in-law to help raise his three daughters, D.J., Stephanie, and Michelle.",1987-09-22,62.1766,7.542,/7g0EyKsIaYjYw3gCIBKMHHE0Kcu.jpg,"Comedy, Family"
Saathi,series,[18],A young woman leads her life happily in an orphanage until she crosses paths with a prominent lawyer who proposes a contractual marriage in return for helping her get through a difficult situation.,2022-02-07,54.3272,2.0,/9QDFJZxCBCAc5oTrJW7XJYF78cD.jpg,Drama
The Last of Us,series,[18],"Twenty years after modern civilization has been destroyed, Joel, a hardened survivor, is hired to smuggle Ellie, a 14-year-old girl, out of an oppressive quarantine zone. What starts as a small job soon becomes a brutal, heartbreaking journey, as they both must traverse the United States and depend on each other for survival.",2023-01-15,61.5244,8.412,/dmo6TYuuJgaYinXBPjrgG9mB5od.jpg,Drama
CSI: NY,series,"[80, 18, 9648]","Follow the investigations of a team of NYPD forensic scientists and police officers identified as ""Crime Scene Investigators"".",2004-09-22,58.4534,7.32,/4TGV4Bb3OPay4cHkQRlfwghv3vC.jpg,"Crime, Drama, Mystery"
Teen Wolf,series,"[10765, 18, 35]","Scott McCall, a high school student living in the town of Beacon Hills has his life drastically changed when he's bitten by a werewolf, becoming one himself. He must henceforth learn to balance his problematic new identity with his day-to-day teenage life. The following characters are instrumental to his struggle: Stiles, his best friend; Allison, his love interest who comes from a family of werewolf hunters; and Derek, a mysterious werewolf with a dark past. Throughout the series, he strives to keep his loved ones safe while maintaining normal relationships with them.",2011-06-05,64.2476,8.4,/wjKBTcNy1xihmExqJI8kM2qvavP.jpg,"Sci-Fi & Fantasy, Drama, Comedy"
Na Wspólnej,series,[10766],"Na Wspólnej is a Polish soap opera. It has been running since 2003 on the TVN channel as its flagship primetime weekday soap opera. It is loosely based on the German production Unter Uns and it follows the lives of the inhabitants of an apartment block in Wspólna Street, Warsaw. Episodes tend to last around 20 minutes. It is a Polish version of the Hungarian ""Barátok közt"".

The series is shot almost entirely in Warsaw and produced by the Polish branch of Freemantle Media. On 9 September 2008 it celebrated its 1000th episode; ""Na Wspólnej"" was the fourth Polish television series ever to achieve such status. A special episode was broadcast in which characters from some other of TVN's most popular shows visited Wspólna Street.",2003-01-27,62.7873,4.7,/uksRhdaOn64bO5d33d7rcTbrhJI.jpg,Soap
Detective Conan,series,"[16, 80, 9648, 35]","The son of a world famous mystery writer, Jimmy Kudo, has achieved his own notoriety by assisting the local police as a student detective. He has always been able to solve the most difficult of criminal cases using his wits and power of reason.",1996-01-08,59.2758,8.0,/rRIEFvHRy01OYzmXQBbGeW0Qilc.jpg,"Animation, Crime, Mystery, Comedy"
Stuart Fails to Save the Universe,series,"[35, 10765]","After accidentally creating a new multiverse, comic book store owner Stuart Bloom must locate a quantum-interference device to restore reality.",2026-07-23,59.9221,8.967,/txj8ujTZwGUjpCdhCsQBnTlh4aS.jpg,"Comedy, Sci-Fi & Fantasy"
Sword Art Online,series,"[16, 10765, 10759]","In the near future, a Virtual Reality Massive Multiplayer Online Role-Playing Game (VRMMORPG) called Sword Art Online has been released where players control their avatars with their bodies using a piece of technology called Nerve Gear. One day, players discover they cannot log out, as the game creator is holding them captive unless they reach the 100th floor of the game's tower and defeat the final boss. However, if they die in the game, they die in real life. Their struggle for survival starts now...",2012-07-08,56.0159,8.2,/9m8bFIXPg26taNrFSXGwEORVACD.jpg,"Animation, Sci-Fi & Fantasy, Action & Adventure"
Sex Education,series,"[35, 18]",Inexperienced Otis channels his sex therapist mom when he teams up with rebellious Maeve to set up an underground sex therapy clinic at school.,2019-01-11,64.1182,8.194,/bc3bmTdnoKcRuO9xdQKgAbB7Y9Z.jpg,"Comedy, Drama"
Super Wings,series,"[16, 10762]","An action-packed preschool series about an adorable jet plane named Jett who travels the world delivering packages to children. On every delivery, Jett encounters a new problem that the he and his friends the Super Wings must work together to solve!",2014-09-01,53.6449,6.6,/lu2DNsIQgn1Jb6djHvrqJSUQXXl.jpg,"Animation, Kids"
Family Affairs,series,"[18, 10766]",Focuses on the lives of residents in the fictional London suburb of Charnham.,1997-03-30,63.3862,3.7,/oVzzgkPAf9eN4NNGFcZ5amk8NZF.jpg,"Drama, Soap"
Plus belle la vie,series,"[18, 35, 80]","The daily lives of the inhabitants of ""le Mistral"", an imaginary neighbourhood in the Mediterranean port city of Marseille, where wealthy families cross paths with the less than rich.",2004-08-30,61.8635,4.4,/aXlOXlcVFsujKMckoDpD3asS2yn.jpg,"Drama, Comedy, Crime"
Parks and Recreation,series,[35],"In an attempt to beautify her town — and advance her career — Leslie Knope, a mid-level bureaucrat in the Parks and Recreation Department of Pawnee, Indiana, takes on bureaucrats, cranky neighbors, and single-issue fanatics whose weapons are lawsuits, the jumble of city codes, and the democratic process she loves so much.",2009-04-09,56.0985,8.047,/5IOj62y2Eb2ngyYmEn1IJ7bFhzH.jpg,Comedy
"Murder, She Wrote",series,"[9648, 80, 18]",An unassuming mystery writer turned sleuth uses her professional insight to help solve real-life homicide cases.,1984-09-30,55.8106,7.52,/3UxBFG4fiuZ0P9n2sCrjXh64Avy.jpg,"Mystery, Crime, Drama"
Star Trek: Strange New Worlds,series,"[10765, 18]","Follow Captain Christopher Pike, Science Officer Spock and Number One in the years before Captain Kirk boarded the U.S.S. Enterprise, as they explore new worlds around the galaxy.",2022-05-05,58.8378,7.902,/97TTJuqiSMfU0DuXx1B4NG5QNP7.jpg,"Sci-Fi & Fantasy, Drama"
2 Days and 1 Night,series,"[35, 10764]","2 Days & 1 Night is a South Korean reality-variety show with the motto ""real wild road variety."" Its main concept is to recommend various places of interest that viewers can visit in South Korea.",2007-08-05,71.7654,6.7,/qezeCEkIKHQM5iwyVeYBuXmYA2h.jpg,"Comedy, Reality"
Solo Leveling,series,"[16, 10759, 10765]","They say whatever doesn’t kill you makes you stronger, but that’s not the case for the world’s weakest hunter Sung Jinwoo. After being brutally slaughtered by monsters in a high-ranking dungeon, Jinwoo came back with the System, a program only he could see, that’s leveling him up in every way. Now, he’s inspired to discover the secrets behind his powers and the dungeon that spawned them.",2024-01-07,52.3104,8.679,/geCRueV3ElhRTr0xtJuEWJt6dJ1.jpg,"Animation, Action & Adventure, Sci-Fi & Fantasy"
SNL Korea,series,"[10764, 35]","Korea's version of the late-night live television sketch comedy and variety show. The show's comedy sketches, which parody contemporary culture and politics, are performed by a large and varying cast of repertory cast members.",2011-12-03,53.3407,8.2,/1feD9WnGOU19juCw79fACNmG7n4.jpg,"Reality, Comedy"
Lucky,series,"[18, 80]","When a multi-million-dollar heist goes sideways, con artist Lucky is forced to go on the run. Pursued by both the FBI and a ruthless crime boss, Lucky must fight for her life—and a way out.",2026-07-14,52.9694,7.262,/xsrkiXg8EuNNtbPtbmvCxg95gK7.jpg,"Drama, Crime"
The Bear,series,"[18, 35]","Carmy, a young fine-dining chef, comes home to Chicago to run his family sandwich shop. As he fights to transform the shop and himself, he works alongside a rough-around-the-edges crew that ultimately reveal themselves as his chosen family.",2022-06-23,58.7178,8.1,/eKfVzzEazSIjJMrw9ADa2x8ksLz.jpg,"Drama, Comedy"
Doctor Who,series,"[18, 10759, 10765]","The adventures of The Doctor, a time-traveling humanoid alien known as a Time Lord. He explores the universe in his TARDIS, a sentient time-traveling spaceship. Its exterior appears as a blue British police box, which was a common sight in Britain in 1963 when the series first aired. Along with a succession of companions, The Doctor faces a variety of foes while working to save civilizations, help ordinary people, and right many wrongs.",1963-11-23,60.0961,7.923,/xinqAmYrZ1TEwowcQhgTkZVtVE0.jpg,"Drama, Action & Adventure, Sci-Fi & Fantasy"
Diagnosis: Murder,series,"[18, 10751, 9648, 80]","Dr. Mark Sloan is a good-natured, offbeat physician who is called upon to solve murders.",1993-10-29,60.1238,7.114,/5yhozeY2KgYXQQE9kfbiIyypYiI.jpg,"Drama, Family, Mystery, Crime"
The Avengers,series,"[10759, 80, 10765]","A quirky spy show of the adventures of eccentrically suave British Agent John Steed and his predominantly female partners. Jonathan Steed - an urbane, proper gentleman spy - teams with various assistants throughout the series' run, including Dr. David Keel, Cathy Gale, Emma Peel and Tara King, to repeatedly save the world from diabolical schemes plotted by equally diabolical evil-doers (among them robots and man-eating monsters).",1961-01-07,56.395,7.76,/7D2DosFWqmNc0vfZJPqwY5uIvsR.jpg,"Action & Adventure, Crime, Sci-Fi & Fantasy"
Teach You a Lesson,series,"[10759, 18, 35]",An inspector from the Educational Rights Protection Bureau (ERPB) who is authorized by the government to use physical intervention and unconventional methods to discipline delinquent students and reform the educational system.,2026-06-05,55.6495,9.411,/fMECSPrTmRClSViMsXFYmiYIcWP.jpg,"Action & Adventure, Drama, Comedy"
Crossing Jordan,series,[18],"Crossing Jordan is an American television crime/drama series that stars Jill Hennessy as Jordan Cavanaugh, M.D., a crime-solving forensic pathologist employed in the Massachusetts Office of the Chief Medical Examiner.",2001-09-24,55.8263,7.171,/bywFoHoLZvW2vxDc7n4ToAKkR0y.jpg,Drama
Project Runway,series,[10764],"Aspiring fashion designers compete for a chance to break into the industry. Each week, a designer is eliminated from the competition after exhibiting their work in front of a judges' panel.",2004-12-01,59.5185,6.272,/586pDee4pRZpGP6sL1l0hDA9Srw.jpg,Reality
American Playhouse,series,"[18, 35]",American Playhouse is an anthology television series periodically broadcast by Public Broadcasting Service in the United States.,1982-01-12,53.449,6.6,/34LLeInneWvMyIHcCpDCrkOxDe7.jpg,"Drama, Comedy"
Sterling Point,series,"[9648, 18]","After discovering she's inherited a remote island in Canada from the estranged grandfather she was never allowed to meet, 17-year-old Annie Jacobson decides to investigate, pulling her into a world of buried secrets, unexpected sisterhood, and the complicated family history she was never meant to find.",2026-08-05,54.7316,8.211,/cThLWEGs6BEqY0QZMbU4FAeWwPT.jpg,"Mystery, Drama"
Kuruluş Osman,series,"[10768, 10759, 18]","The epic continuation of Diriliş Ertuğrul, Kuruluş Osman follows Osman Bey — son of Ertuğrul and destined founder of the Ottoman Empire — as he transforms a small Turkic tribe into a sovereign state. Battling the Byzantine Empire, Mongol forces and treachery from within, Osman must prove himself as both a warrior and a leader. A sweeping historical action drama built on faith, honour and the birth of one of history's greatest empires.",2019-11-20,59.4545,7.934,/tu4BWsGFHcYDWulZwHxylA91vo0.jpg,"War & Politics, Action & Adventure, Drama"
Soledad,series,[18],"Soledade González is the housekeeper for Anselmo, a father of five: Jesus—who is disabled—Ramiro, Sheila, André, and Luíza. Knowing he was near death, Anselmo married Soledade so she would take charge of his children.",1980-08-20,56.1466,8.0,/vAKru9XOOhLV54rdlo8tw0cs0B.jpg,Drama
You Maniac,series,[18],"When a carefree playboy meets the one man who refuses to fall for his charm, his competitive ego turns into an obsession he can't resist.",2026-08-29,57.2315,10.0,/gTvfipRjEdRzbn09CbI7XRj6cmg.jpg,Drama
iCarly,series,"[35, 10751, 18]","Watch Carly, Sam, and Freddie, as they try to balance their everyday 8th grade lives with their newfound fame managing and starring in the most awesome show on the web.",2007-09-08,56.4674,7.951,/zswxst53aM8g2LysdVbtQNJAiKM.jpg,"Comedy, Family, Drama"
2 Broke Girls,series,[35],"Comedy about the unlikely friendship that develops between two very different young women who meet waitressing at a diner in trendy Williamsburg, Brooklyn, and form a bond over one day owning their own successful cupcake business. Only one thing stands in their way – they’re broke.",2011-09-19,56.6666,7.209,/wW1SDEoZ6pDfnSkVQuXwOo8ICep.jpg,Comedy
Casualty,series,"[18, 10766]","Drama series about the staff and patients at Holby City Hospital's emergency department, charting the ups and downs in their personal and professional lives.",1986-09-06,54.4496,6.2,/ahqMUNIUeGIBQSkShEV32085IFZ.jpg,"Drama, Soap"
MobLand,series,"[80, 18]",Two mob families clash in a war that threatens to topple empires and lives.,2025-03-30,56.4875,8.347,/abeH7n5pcuQcwYcTxG6DTZvXLP1.jpg,"Crime, Drama"
A Record of a Mortal's Journey to Immortality,series,"[16, 10759, 18]","A poor and ordinary boy from a village joins a minor sect in Jiang Hu and becomes an Unofficial Disciple by chance. How will Han Li, a commoner by birth, establish a foothold for himself in his sect? With his mediocre aptitude, he must successfully traverse the treacherous path of cultivation and avoid the notice of those who may do him harm. This is a story of an ordinary mortal who, against all odds, clashes with devilish demons and ancient celestials in order to find his own path towards immortality.",2020-07-25,53.32,8.4,/5JV6AfPMHbCrtB5oUhKkSiPARQ3.jpg,"Animation, Action & Adventure, Drama"
Panorama,series,"[99, 10763]","Current affairs programme, featuring interviews and investigative reports on a wide variety of subjects.",1953-11-11,58.0719,6.286,/2559yxjK49kF9sL8mdIEp757VpK.jpg,"Documentary, News"
Chibi Maruko-chan,series,"[16, 35]","Meet Maruko, a sweet schoolgirl with a hefty dose of curiosity (and occasional laziness!). She sails through life in a cozy town alongside her loving parents, grandparents, and sister. Maruko has a band of loyal friends, including her closest pal, Tama-chan, but her playful and doting grandpa is at the heart of it all. Life is never dull in this charming series.",1990-01-07,56.1703,7.8,/bfn54AAMuh47IFqeoco0jgeVH1a.jpg,"Animation, Comedy"
Board AF,series,[],Board AF - the table top game show! We'll be playing all kinds of board & card games - so let us know what you want to see!,2016-10-16,60.1241,0.0,/uuebWZJEnOIiPqLdoxQQRAPuGyc.jpg,
7de Laan,series,[10766],"7de Laan is an extraordinary microcosm where good and bad, evil and wholesome characters find themselves forming part of a wholesome community where no matter what – everyone counts and everyone cares…",2000-04-04,60.9379,8.333,/vQcC4Kcx0ZEXxmj0gUrfkFR14LU.jpg,Soap
Show! Music Core,series,[10764],"Show! Music Core is a music show that has been aired since 2005. Not like any other music shows, this show doesn't include any charts or awards. There are a few segments such as This Week's Hot 3, Chart Up Core and Core of Rising Stars.",2005-10-29,48.6843,7.0,/AkoQr6axSoFdpTuPt0dY3WekIeY.jpg,Reality
The Tudors,series,"[18, 10749]","The Tudors is a history-based drama series following the young, vibrant King Henry VIII, a competitive and lustful monarch who navigates the intrigues of the English court and the human heart with equal vigor and justifiable suspicion.",2007-04-01,51.2958,7.828,/7pdeNK1CUqj1yuG9VMDeynnq9xK.jpg,"Drama, Romance"
Vetenskapens värld,series,"[99, 10763]",Vetenskapens värld is a popular science TV documentary program broadcast on Swedish Television (SVT).,1971-09-26,64.3002,6.7,/oiedjExoTFB9kXvV5oQPGi57oZt.jpg,"Documentary, News"
The White Lotus,series,"[35, 18, 9648]","Follow the exploits of various guests and employees at an exclusive tropical resort over the span of a week as with each passing day, a darker complexity emerges in these picture-perfect travelers, the hotel’s cheerful employees and the idyllic locale itself.",2021-07-11,56.9144,7.598,/gbSaK9v1CbcYH1ISgbM7XObD2dW.jpg,"Comedy, Drama, Mystery"
You,series,"[9648, 80, 18]","A dangerously charming, obsessive man goes to extreme measures to insert himself into the lives of women who fascinate him.",2018-09-09,57.8183,8.004,/oANi0vEE92nuijiZQgPZ88FSxqQ.jpg,"Mystery, Crime, Drama"
Elite,series,"[80, 9648, 18]","When three working class kids enroll in the most exclusive school in Spain, the clash between the wealthy and the poor students leads to tragedy.",2018-10-05,64.2529,8.003,/3NTAbAiao4JLzFQw6YxP1YZppM8.jpg,"Crime, Mystery, Drama"
Coach,series,[35],"Hayden Fox, the curmudgeonly coach of Minnesota State University's Screaming Eagles football team, tries to navigate his way through the sports world, fatherhood and family life without dropping the ball.",1989-02-28,53.1417,6.672,/jxfsNMQxlgsoUoLOTF4CB6s5gxO.jpg,Comedy
N.N.,series,[35],"Colombian Sitcom focused on the adventures and misadventures of Nerón Navarrete,(A.K.A. ""NN"") a nice and playful gambler with huge desire to overcome, which comes from the countryside to the city. His clumsiness, because of many contradictions, only equal to the tenderness of her character, always polite, which makes engaging in all sorts of crazy situations in their quest to conquer the world.",1990-08-11,53.1186,7.0,,Comedy
Sex and the City,series,"[18, 35]","Based on the bestselling book by Candace Bushnell, Sex and the City tells the story of four best friends, all single and in their late thirties, as they pursue their careers and talk about their sex lives, all while trying to survive the New York social scene. ",1998-06-06,56.1317,7.36,/jfLp8gTfdi9d8onEFJ60kp1Bl1e.jpg,"Drama, Comedy"
The O.C.,series,[18],"Ryan Atwood, a teen from the wrong side of the tracks, moves in with a wealthy family willing to give him a chance. But Ryan's arrival disturbs the status quo of the affluent, privileged community of Newport Beach, California.",2003-08-05,53.8249,7.72,/xDc6BMGDaeyalpSZ9KKk7RCBCz5.jpg,Drama
Hawaii Five-O,series,"[10759, 18]","Hawaii Five-O is an American police procedural drama series produced by CBS Productions and Leonard Freeman. Set in Hawaii, the show originally aired for 12 seasons from 1968 to 1980, and continues in reruns. Jack Lord portrayed Detective Lieutenant Steve McGarrett, the head of a special state police task force which was based on an actual unit that existed under martial law in the 1940s. The theme music composed by Morton Stevens became especially popular. Many episodes would end with McGarrett instructing his subordinate to ""Book 'em, Danno!"", sometimes specifying a charge such as ""murder one"".",1968-09-20,53.2197,7.2,/8iFAlqhfY1D0ithTrfKTxObPlUH.jpg,"Action & Adventure, Drama"
Supergirl,series,"[18, 10765, 10759]","Twenty-four-year-old Kara Zor-El, who was taken in by the Danvers family when she was 13 after being sent away from Krypton, must learn to embrace her powers after previously hiding them. The Danvers teach her to be careful with her powers, until she has to reveal them during an unexpected disaster, setting her on her journey of heroism.",2015-10-26,62.4189,7.269,/90mSQajf4STPROA6H7Hh8OvyWdK.jpg,"Drama, Sci-Fi & Fantasy, Action & Adventure"
Home and Away,series,"[18, 10766]","Home and Away is set in the fictional town of Summer Bay, a coastal town in New South Wales, and follows the personal and professional lives of the people living in the area. The show initially focused on the Fletcher family, Pippa and Tom Fletcher and their five foster children Frank Morgan, Carly Morris, Steven Matheson, Lynn Davenport and Sally Keating, who would go on to become one of the show's longest-running characters. The show also originally and currently focuses on the Stewart family. Home and Away had proved popular when it premiered in 1988 and had risen to become a hit in Australia, and after only a few weeks, the show tackled its first major and disturbing storyline, the rape of Carly Morris; it was one of the first shows to feature such storylines during the early timeslot. H&A has tackled many adult-themed and controversial storylines; something rarely found in its restricted timeslot.",1988-01-18,57.1843,6.4,/vn0eKMiG69bhQtxb7qLRo8SSqu5.jpg,"Drama, Soap"
Silent Witness,series,"[80, 18]",A team of exceptional forensic pathologists and scientists investigate heinous crimes and use their skills to catch the people responsible.,1996-02-21,55.3338,7.6,/yRwf0yAZvYMfFLMonPusv6F256s.jpg,"Crime, Drama"
Homicide: Life on the Street,series,"[9648, 18, 80]",An American police procedural chronicling the work of a fictional version of the Baltimore Police Department's Homicide Unit.,1993-01-31,52.2482,8.122,/nb5310xlFjx5r9TnpKoaOTQsAlP.jpg,"Mystery, Drama, Crime"
The Alfred Hitchcock Hour,series,"[80, 9648, 18]","A continuation of the anthology series “Alfred Hitchcock Presents”, hosted by the master of suspense and featuring thrillers and mysteries.",1962-09-20,57.5268,7.851,/6bnJU1YmobWBNokjLruUsZ6cykC.jpg,"Crime, Mystery, Drama"
ER,series,[18],ER explores the inner workings of an urban teaching hospital and the critical issues faced by the dedicated physicians and staff of its overburdened emergency room.,1994-09-19,53.8732,7.83,/fuS63AoFTkprf8PFeL1f8z68zJr.jpg,Drama
Quotidien,series,[10767],"Quotidien (nicknamed ""The French Show with the Good Lighting"" abroad) is a French daily infotainment television program broadcast in the early evening on TMC since September 12, 2016. The show is hosted by Yann Barthès and produced by Bangumi. It consists of segments and reports produced by the team of commentators and journalists surrounding Yann Barthès and features daily guests including newsmakers, intellectuals, politicians, and French and international celebrities.",2016-09-12,56.285,5.2,/mAS92BmUPV2bxpPJmuCsJfCROZk.jpg,Talk
L for Love,series,[10766],"M jak miłość is a Polish soap opera, revolving around the multiple generations of the Mostowiak family. The series premiered on November 4, 2000 on TVP2, primarily as a weekly drama, and after one season shifting into a new timeslot and extending to two episodes per week. For the last few years the show has been the most watched drama on Polish television. Its popularity led to a Russian adaptation, entitled Lyubov kak Lyubov.

The series is also broadcast on the international channel TVP Polonia with English subtitles.",2000-11-04,57.412,4.0,/8agoxhXGlv6ICYa733bDrfKnJ3.jpg,Soap
Golden Kamuy,series,"[10759, 16, 35]","A Russo-Japanese War veteran partners with an Ainu girl to find a treasure stolen from her people, but they’re not the only ones pursuing the gold.",2018-04-09,47.9904,7.5,/Ab1QIcwCAQUgs8Z8pTJnVPkKS0m.jpg,"Action & Adventure, Animation, Comedy"
Perfect World,series,"[16, 10759]","Born into a unique world where villages fight to gain power and control, the main character, Shi Hao, is a genius blessed by the heavens born under the poorest of conditions. His clan, however, has a mysterious past. To rise up and become the genius he is meant to be, the clan goes through every effort to aid his cultivation as they battle through fanatical monsters and engage in power struggles with other clans. His journey will bring him through unknown lands until he is able to become a person that can truly shake the world.",2021-04-23,51.8642,8.2,/qy60bm9admmgpkmcPeW4BvRjjVm.jpg,"Animation, Action & Adventure"
Vigil,series,"[18, 80]",The mysterious disappearance of a Scottish fishing trawler and a death on-board the submarine HMS Vigil bring the police into conflict with the Navy and British security services. DCI Amy Silva and DS Kirsten Longacre lead an investigation on land and at sea into a conspiracy that goes to the very heart of Britain’s national security.,2021-08-29,47.5451,7.2,/5zAheY0Upi2MwU3edGtEgb7Ldh3.jpg,"Drama, Crime"
Spidey and His Amazing Friends,series,"[16, 10762, 10765, 10759]","Follow Peter Parker, Gwen Stacy and Miles Morales and their adventures as the young heroes team up with Hulk, Ms. Marvel and Black Panther to defeat foes like Rhino, Doc Ock and Green Goblin and learn that teamwork is the best way to save the day.",2021-08-06,54.2604,7.1,/etO5jDS5WgR4Y1lTyXhQcilJ6u2.jpg,"Animation, Kids, Sci-Fi & Fantasy, Action & Adventure"
Die Rosenheim-Cops,series,"[80, 35]","A team of inspectors investigates murders in and around the small Upper Bavarian town of Rosenheim, and they still have plenty of time to see idyllic landscapes and luxurious pre-alpine villas and enjoy sumptuous Bavarian fare with beer.",2002-01-09,55.7164,6.444,/kAhi0xY6gIEMvHtmChC44pBwOWG.jpg,"Crime, Comedy"
Knight Rider,series,"[10759, 10765, 80]","Michael Long, an undercover police officer, is shot while investigating a case and left for dead by his assailants. He is rescued by Wilton Knight, a wealthy, dying millionaire and inventor who arranges life-saving surgery, including a new face and a new identity--that of Michael Knight. Michael is then given a special computerized and indestructible car called the Knight Industries Two Thousand (nicknamed KITT), and a mission: apprehend criminals who are beyond the reach of the law. The series depicts Michael's exploits as he and KITT battle the forces of evil on behalf of the Foundation for Law and Government.",1982-09-26,52.0545,7.543,/t57NXzTrwp5rnPXiaX4BThrDxt1.jpg,"Action & Adventure, Sci-Fi & Fantasy, Crime"
Cape Fear,series,"[80, 18]","When convicted murderer Max Cady is released from prison, he begins infiltrating the family of the married attorneys who helped put him behind bars.",2026-06-04,52.4298,7.211,/3ZLy3cfQa9prahoRq1teMmr5pvW.jpg,"Crime, Drama"
LIVE with Kelly and Mark,series,[10767],"A morning talk show with A-list celebrity guests, top-notch performances and one-of-a-kind segments that are unrivaled on daytime television, plus spontaneous, hilarious and unpredictable talk.",1988-09-05,55.5188,5.63,/8eXDNLIhOGSoKCaIw9JJFNbnZ5x.jpg,Talk
That Time I Got Reincarnated as a Slime,series,"[10759, 16, 10765, 35]","Corporate worker Mikami Satoru is stabbed by a random killer, and is reborn to an alternate world. But he turns out to be reborn a slime! Thrown into this new world with the name Rimuru, he begins his quest to create a world that’s welcoming to all races.",2018-10-02,57.9901,8.428,/pzujcdPAoH361NObVrtbA7zACE7.jpg,"Action & Adventure, Animation, Sci-Fi & Fantasy, Comedy"
Hell's Paradise,series,"[16, 10759, 10765]","For a chance at a pardon, a ninja assassin joins other condemned criminals on a journey to a mysterious island to retrieve an elixir of immortality.",2023-04-01,47.6998,8.204,/1V9I7SvZbYoMbSvdtnlkkq9SB1k.jpg,"Animation, Action & Adventure, Sci-Fi & Fantasy"
Sister-in-Law Is at Home!,series,"[35, 18, 10751, 10766]","""Bhabiji Ghar Par Hain!"" is a popular Hindi sitcom that premiered in 2015 on And TV and is available on ZEE5. Produced by Binaifer Kohli, the show follows two neighboring couples—the Mishras and the Tiwaris. The husbands, Vibhuti Narayan Mishra and Manmohan Tiwari are dissatisfied in their marriages and secretly admire each other's wives. Manmohan, a successful undergarment businessman, is married to Angoori, a simple and naive housewife. Vibhuti, an unemployed former insurance agent, is married to Anita, a confident and modern woman who runs grooming classes. Their constant scheming to impress each other's wives leads to comedic conflicts and chaotic situations, mostly taking place in their homes. The show, inspired by the 1990s sitcom Shrimaan Shrimati, has been well received by both critics and audiences for its humor and engaging storyline.",2015-03-02,50.2604,5.6,/2lkV7WWu1QbXV3PYqqslgGZMLNq.jpg,"Comedy, Drama, Family, Soap"
Scorpion,series,"[10759, 18, 80]","Eccentric genius Walter O’Brien and his team of brilliant misfits comprise the last line of defense against complex, high-tech threats of the modern age. As Homeland Security’s new think tank, O’Brien’s “Scorpion” team includes Toby Curtis, an expert behaviorist who can read anyone; Happy Quinn, a mechanical prodigy; and Sylvester Dodd, a statistics guru.",2014-09-22,53.1394,8.201,/hzeirSF6bRjssDh5JFrm5WRwFLd.jpg,"Action & Adventure, Drama, Crime"
CITV Breakfast,series,[10762],"CITV Breakfast is a British digital television station owned by ITV Breakfast Limited, part of ITV plc. It broadcasts every morning between 06:00 and 09:25. It was originally designed to complement its sister channel GMTV, and offered children's programming every day. On weekdays teleshopping was shown for the first half hour until 6.30am followed by Action Stations! until 9.25am.

Weekends changed to pre-school programming, with Wakey! Wakey! airing 06:00 to 09:00 on Saturdays and Sundays. A teleshopping strand was featured on Saturdays and Sundays airing from 09:00-09:25. A repeat of The Sunday Programme was aired at 07:55-08:55 each Sunday from 1999-2008. The station closed down at 09:25, although viewers didn't notice any changeover between GMTV2 and CITV.

On 17 March 2008, ITV2 and its one-hour timeshift channel have been broadcasting 24 hours a day, meaning GMTV2 programming moved from ITV2 to ITV4, broadcasting its usual hours. The stand continues to be simulcast on CITV.

As of November 2006, a one hour delayed version of GMTV2 had been available on ITV2+1 on Sky and also on Freeview, running from 07:00 to 10:25, however due to the change from ITV2 to ITV4, GMTV2 was available one hour later on ITV4+1 on Sky Channel 180.",1999-01-04,59.3848,0.0,,Kids
Quantum Leap,series,"[10765, 10759, 18]","Theorizing that one could time travel within his own lifetime, Dr. Sam Beckett stepped into the Quantum Leap accelerator and vanished... He woke to find himself trapped in the past, facing mirror images that were not his own and driven by an unknown force to change history for the better. His only guide on this journey is Al, an observer from his own time, who appears in the form of a hologram that only Sam can see and hear. And so Dr. Beckett finds himself leaping from life to life, striving to put right what once went wrong and hoping each time that his next leap will be the leap home.",1989-03-26,53.1963,8.014,/ujIGP3e3V6kDQHRhjNYtUE3fHJi.jpg,"Sci-Fi & Fantasy, Action & Adventure, Drama"
The Donna Reed Show,series,"[35, 10751]","Revolves around typical family problems, such as firing a clumsy housekeeper, throwing a retirement bash for a colleague, and finding quality time away from the children.",1958-09-24,54.111,6.5,/emKpcFHWRosNoQQGyOU0lSn8yAM.jpg,"Comedy, Family"
Fantástico,series,"[99, 10763]","'Fantástico' is a journalistic program shown on Sundays, presented by Poliana Abritta and Maju Coutinho. Every week, he presents special reports, shows and various paintings.",1973-08-05,58.7703,8.0,/8N6BBpC561JHXULRzGzFzJGBV14.jpg,"Documentary, News"
Arrested Development,series,[35],"The story of a wealthy family that lost everything, and the one son who had no choice but to keep them all together.",2003-11-02,55.259,7.915,/p4r4RD7RsNcJVoz0H6z3dBoTBtW.jpg,Comedy
Pretty Little Liars,series,"[18, 9648]","Based on the Pretty Little Liars series of young adult novels by Sara Shepard, the series follows the lives of four girls — Spencer, Hanna, Aria, and Emily — whose clique falls apart after the disappearance of their queen bee, Alison. One year later, they begin receiving messages from someone using the name ""A"" who threatens to expose their secrets — including long-hidden ones they thought only Alison knew.",2010-06-08,57.436,7.965,/aUPbHiLS3hCHKjtLsncFa9g0viV.jpg,"Drama, Mystery"
The Colbert Report,series,"[10763, 35]","The Colbert Report is an American satirical late night television program. It stars political humorist Stephen Colbert, a former correspondent for The Daily Show with Jon Stewart. The Colbert Report is a spin-off from and counterpart to The Daily Show that comments on politics and the media in a similar way. The show focuses on a fictional anchorman character named Stephen Colbert, played by his real-life namesake. The character, described by Colbert as a ""well-intentioned, poorly informed, high-status idiot"", is a caricature of televised political pundits.",2005-10-17,59.9469,6.965,/pn2CVXjOlR8kY5MgOTJjZ71IM0Q.jpg,"News, Comedy"
The Shield,series,"[80, 18, 10759]",The story of an inner-city Los Angeles police precinct where some of the cops aren't above breaking the rules or working against their associates to both keep the streets safe and their self-interests intact.,2002-03-12,46.5273,8.179,/AfdZXqqlFsPUEfi6kWWWthxw7Nz.jpg,"Crime, Drama, Action & Adventure"
Marvel's Daredevil,series,"[80, 18, 10759]",Lawyer-by-day Matt Murdock uses his heightened senses from being blinded as a young boy to fight crime at night on the streets of Hell’s Kitchen as Daredevil.,2015-04-10,53.8273,8.175,/QWbPaDxiB6LW2LjASknzYBvjMj.jpg,"Crime, Drama, Action & Adventure"
Monogatari,series,"[16, 35, 18, 9648]","Koyomi Araragi, a high school student, finds himself constantly encountering girls afflicted by supernatural ""oddities."" He dedicates himself to helping them, often with the aid of the eccentric specialist Meme Oshino. Each arc talks about a different girl's unique struggle and the mysterious cause of their affliction. The series explores themes of adolescence, personal growth, and the complexities of human relationships. It's known for its witty dialogue, stylistic animation, and unique narrative structure.",2009-07-03,53.6145,8.083,/zCEjjb1NH3LLsWeZx47wOeqkezf.jpg,"Animation, Comedy, Drama, Mystery"
Naagini 2,series,[18],"The fantasy drama revolves around a shape-shifting female serpent who sets out to take revenge from greedy humans, who killed her love for the sake of naagamani.",2020-02-17,51.9664,0.0,/wazL7dBgLiI1Jlh1WM9TwMdmHly.jpg,Drama
Third Watch,series,"[18, 80]","The exploits of a group of men and women who serve the City of New York as police officers, firemen, and paramedics, all working the same fictional 55th precinct during the 3pm to 11pm shift - the 'Third Watch'.",1999-09-23,54.3283,7.941,/rWQmgNLdyZGIL6Xuo9ImL0Kh6wt.jpg,"Drama, Crime"
Marvel's The Punisher,series,"[10759, 80, 18]",A former Marine out to punish the criminals responsible for his family's murder finds himself ensnared in a military conspiracy.,2017-11-17,55.0997,8.164,/tM6xqRKXoloH9UchaJEyyRE9O1w.jpg,"Action & Adventure, Crime, Drama"
The Legend of Korra,series,"[16, 10759, 10765]","Avatar Korra, a headstrong, rebellious, feisty young woman who continually challenges and breaks with tradition, is on her quest to become a fully realized Avatar. In this story, the Avatar struggles to find balance within herself.",2012-04-14,56.2874,8.214,/dZgYvSfuh1YHDrJuILlVQ5oA2hF.jpg,"Animation, Action & Adventure, Sci-Fi & Fantasy"
Kangxi Coming,series,"[10767, 10764]","Kang Xi Lai Le is a Taiwanese variety-comedy talk show hosted by variety show veterans Dee Hsu and Kevin Tsai. It was produced by Chungta Production from 2004 to 2009, and currently produced by Gold Star Production along with the writing and production staff of GUESS. It was first broadcast on 5 January 2004 and currently airs Monday to Friday at 22:00-23:00 on cable TV CTi Variety. In most episodes, the hosts interview a panel of celebrities in various and controversial topics while employing their signature comedic bantering. It is broadcast in Hong Kong on ATV Home under the name of Variety Show of Mr Con and Ms Csi.

Although it is broadcast in Taiwan, the show is very successful and popular among Chinese speaking audiences across the world who watch uploaded re-runs over the internet or through bootleg DVDs. The show has been mentioned in other Taiwanese variety and talk shows, mainly from presenters who appeared on the show.",2004-01-05,57.2362,7.7,/bVWEPDZHRSdd7voVled6CLLq1zB.jpg,"Talk, Reality"
Orange Is the New Black,series,"[18, 35, 80]","A crime she committed in her youthful past sends Piper Chapman to a women's prison, where she trades her comfortable New York life for one of unexpected camaraderie and conflict in an eccentric group of fellow inmates.",2013-07-11,61.2412,7.652,/ekaa7YjGPTkFLcPhwWXTnARuCEU.jpg,"Drama, Comedy, Crime"
BoJack Horseman,series,"[16, 35, 18]","Meet the most beloved sitcom horse of the '90s , 20 years later. He's a curmudgeon with a heart of...not quite gold...but something like gold. Copper?",2014-08-22,50.8804,8.53,/6JFWzlChcGgLiIUo2COgNlWGFKy.jpg,"Animation, Comedy, Drama"
The Witcher,series,"[10765, 18, 10759]","Geralt of Rivia, a mutated monster-hunter for hire, journeys toward his destiny in a turbulent world where people often prove more wicked than beasts.",2019-12-20,57.0831,7.893,/AoGsDM02UVt0npBA8OvpDcZbaMi.jpg,"Sci-Fi & Fantasy, Drama, Action & Adventure"
Wild Angel,series,"[35, 18, 10766]","An orphan who's working in a Mansion, falls in love with the owners' son.",1998-11-16,50.7986,7.38,/cMMiFdM9KZqJAjHTisSRYSR3YlN.jpg,"Comedy, Drama, Soap"
Murdoch Mysteries,series,"[9648, 18]","A Victorian-era Toronto detective uses then-cutting edge forensic techniques to solve crimes, with the assistance of a female coroner who is also struggling for recognition in the face of tradition, based on the books by Maureen Jennings.",2008-01-24,53.3527,7.687,/gMXlZrd9iuPUdVQg9CTVXtLwnVV.jpg,"Mystery, Drama"
Las Vegas,series,"[18, 10759, 80]","Ed Deline is a strict ex-CIA officer who went from being Head of Security to becoming President of Operations of the Montecito, whose job is to run the day-to-day operations of the casino. Following his departure, former Marine Danny McCoy, Ed's former protégé, becomes the Montecito's new President of Operations.",2003-09-22,52.0458,7.034,/AknZ6uDYvswlIrUKDm2Nte32xge.jpg,"Drama, Action & Adventure, Crime"
Bosch,series,"[9648, 18, 80]","Harry Bosch, an LAPD homicide detective, stands trial for the fatal shooting of a serial murder suspect. A cold case involving the remains of a missing boy forces Bosch to confront his past. As daring recruit Julia Brasher catches his eye and departmental politics heat up, Bosch will pursue justice at all costs.",2015-01-14,52.2169,7.932,/vtacLvdLgW3BNUj8DrC76X39Lfi.jpg,"Mystery, Drama, Crime"
On Cinema,series,[35],Tim Heidecker reviews the latest movies in theaters with a special guest.,2012-12-04,58.4671,8.4,/4TDQEYCS8HmvY7d8udmeS2ILqFl.jpg,Comedy
Falcon Crest,series,"[10766, 18, 10751]","Falcon Crest is an American primetime television soap opera which aired on the CBS network for nine seasons, from December 4, 1981 to May 17, 1990. A total of 227 episodes were produced.

The series revolves around the feuding factions of the wealthy Gioberti/Channing family in the Californian wine industry. Jane Wyman starred as Angela Channing, the tyrannical matriarch of the Falcon Crest Winery, alongside Robert Foxworth as Chase Gioberti, Angela's nephew who returns to Falcon Crest following the death of his father. The series was set in the fictitious Tuscany Valley northeast of San Francisco.",1981-12-04,61.255,5.539,/rgcKhBsHwAlPpeJG9yKip5oWVo9.jpg,"Soap, Drama, Family"
Bonanza,series,"[37, 10759, 18, 10751]",The High-Sierra adventures of Ben Cartwright and his sons as they run and defend their ranch while helping the surrounding community.,1959-09-12,53.6612,7.5,/wQ1iVrG871anxkEUwWTRdPRi0j1.jpg,"Western, Action & Adventure, Drama, Family"
Cow and Chicken,series,"[16, 35, 10762]","Follows the surreal adventures of a cow, named Cow, and her chicken brother, named Chicken. They are often antagonized by ""The Red Guy"", who poses as various characters to scam them.",1997-09-16,54.2099,7.086,/1vsIbN9FOsr97vIAGLYpRu7ZiSq.jpg,"Animation, Comedy, Kids"
Batman: The Animated Series,series,"[10759, 16, 18, 9648]","Vowing to avenge the murder of his parents, Bruce Wayne devotes his life to wiping out crime in Gotham City as the masked vigilante ""Batman"".",1992-09-05,52.6424,8.585,/lBomQFW1vlm1yUYMNSbFZ45R4Ox.jpg,"Action & Adventure, Animation, Drama, Mystery"
This Is Us,series,[18],"Follows the lives and families of three adults living and growing up in the United States of America in present and past times. As their paths cross and their life stories intertwine in curious ways, we find that several of them share the same birthday - and so much more than anyone would expect.",2016-09-20,56.6695,8.226,/huxmY6Dmzwpv5Q2hnNft0UMK7vf.jpg,Drama
Westworld,series,"[10765, 37]","A dark odyssey about the dawn of artificial consciousness and the evolution of sin. Set at the intersection of the near future and the reimagined past, it explores a world in which every human appetite, no matter how noble or depraved, can be indulged.",2016-10-02,52.2504,8.018,/ALlSU9du9iRiKIIoY1sREGNqQ5.jpg,"Sci-Fi & Fantasy, Western"
Scrubs,series,[35],"In the unreal world of Sacred Heart Hospital, John ""J.D."" Dorian learns the ways of medicine, friendship and life.",2001-10-02,53.0465,8.164,/w7ri7byEYLdciSZOwWHj6TUAX7j.jpg,Comedy
"Four Hands, Two Sonatas",series,[18],"When two young pianists from completely different worlds meet at an elite music high school, the melodies of their lives become intimately intertwined.",2026-08-29,52.9646,9.571,/a7p6htiJKx68USDAcilJ5rzKAWB.jpg,Drama
WWE Friday Night SmackDown,series,[10764],"The superstars of World Wrestling Entertainment's ""SmackDown"" brand collide each and every Friday on WWE Friday Night SmackDown.",1999-04-29,54.6123,7.4,/bMVJAnEqBs7AScz4kJSnCTkhHdN.jpg,Reality
The Americans,series,"[80, 18]","Set during the Cold War period in the 1980s, The Americans is the story of Elizabeth and Philip Jennings, two Soviet KGB officers posing as an American married couple in the suburbs of Washington D.C. and their neighbor, Stan Beeman, an FBI Counterintelligence agent.",2013-01-30,49.2777,7.886,/w1UBlxEXhbKe8sp0fxFZh7MqTce.jpg,"Crime, Drama"
Tomorrow Is Ours,series,"[80, 18, 10766]","The story revolves around the people of Sète, France. Their lives are punctuated by family rivalries, romance and scenes from daily life, but also by plots involving police investigations, secrets and betrayals.",2017-07-17,60.3763,6.4,/7BjipkA48xXLauTg45QKiOb144a.jpg,"Crime, Drama, Soap"
Tomorrow Is Ours,series,"[80, 18, 10766]","The story revolves around the people of Sète, France. Their lives are punctuated by family rivalries, romance and scenes from daily life, but also by plots involving police investigations, secrets and betrayals.",2017-07-17,60.3763,6.4,/7BjipkA48xXLauTg45QKiOb144a.jpg,"Crime, Drama, Soap"
The VI Group of Fatal Case,series,"[18, 9648]","In the early 1990s, Zeng Keqiang joins a local major crimes unit to continue the unfinished investigation of a fallen colleague. As the team solves a series of complex criminal cases, they work to dismantle a powerful criminal syndicate responsible for corruption, violence, and murder throughout the city.",2026-08-31,51.5765,0.0,/xiq23i6XsryjJvxYvqQsyE9Nzen.jpg,"Drama, Mystery"
Landman,series,[18],"Set in the proverbial boomtowns of West-Texas and a modern-day tale of fortune-seeking in the world of oil rigs, the series is an upstairs/downstairs story of roughnecks and wildcat billionaires that are fueling a boom so big it’s reshaping our climate, our economy and our geopolitics.",2024-11-17,60.3077,8.201,/hYthRgS1nvQkGILn9YmqsF8kSk6.jpg,Drama
Wander Over Yonder,series,"[16, 10751, 35, 10765]","The adventures of Wander, an eternally-optimistic intergalactic traveler and constant do-gooder, and his quick-tempered but loyal steed and best friend, Sylvia.  The friendliest face in outer space, Wander journeys across the galaxies to spread good cheer and to help anyone he can — much to his overly pragmatic stallion’s chagrin. Their fun-loving escapades often lead them to clash with the evil villain Lord Hater and his army of Watchdogs, who travel from planet to planet trying to make hate the order of the day. Together, the best friends travel through the cosmos, happening upon one freewheeling adventure after another and making new friends and foes.",2013-09-13,50.7715,7.485,/ow88KmFUXMb6S4EKOWyTBy8ta7O.jpg,"Animation, Family, Comedy, Sci-Fi & Fantasy"
Saber y Ganar,series,[10751],"Saber y ganar, the cultural quiz show of ""La 2"" hosted by Jordi Hurtado, has celebrated sixteen years on the air, thus becoming the daily program with a longer running time in the history of Spanish television.

During the show's thirty-minute duration three contestants compete in different tests where they have to answer trivia-like questions, putting their mental, reasoning and memory abilities to the test. Most of the questions have a moderate level of difficulty and are spread over six different games: ""Cada sabio con su tema"", where each contestant answer questions about a given topic of their choice; ""La pregunta caliente"", where contestants must answer random questions; ""El duelo"", where two contestants answer questions about a topic that changes daily; ""La parte por el todo"", where the contestants must figure out what an image, piece of text or piece of music belong to; ""La calculadora humana"", where the contestant with the second highest score must answer fifteen basic arithmetic operations in 50 seconds in order to keep his/her earnings for the day; and finally ""El reto"", where the contestant with the least score has to figure out seven words from their root and definition in order to remain in the game. If the contestant loses the ""El Reto"", a new individual will be chosen to replace him/her the next episode.",1997-02-17,54.6967,10.0,/32Xh0zXL8Z7TYuVNG2MOEHcqMlh.jpg,Family
Scènes de ménages,series,"[35, 10751, 10767]","Scènes de ménages depicts the daily lives of several couples from different generations, illustrating with humor their arguments, tender moments and little idiosyncrasies. Each episode is made up of short sketches, in which the characters exchange scathing retorts and funny situations.",2009-11-09,55.6229,5.875,/38N3KQblPyTLGWNZs2qmy9mQywm.jpg,"Comedy, Family, Talk"
DayDay.,series,"[10763, 10767]","A show covering entertainment, trend news, and hot topics, featuring in-depth discussions on relevant issues, real-time viewer polls, the latest weather updates, and horoscopes.",2023-04-03,50.1809,0.0,/3GNRL2Ug42v7uVuLLeR5bQhcwko.jpg,"News, Talk"
Cuisines des terroirs,series,"[99, 35, 10751]","A sensual approach to culinary art ""on the ground"", meeting farmers, winegrowers, restaurateurs and cooks, where gastronomy and the art of living have their roots.",2001-01-07,54.7558,10.0,/hcuxDzMzV8n5DGDwLZNt3IC8cLB.jpg,"Documentary, Comedy, Family"
Desus & Mero,series,"[10767, 35]","The first ever weekly late-night talk show on Showtime features popular TV and podcast personalities Desus and Mero speaking off the cuff and chatting with guests at the intersection of pop culture, sports, music, politics and more.",2019-02-21,53.5029,5.1,/8dORUJPK1JSprVK8vkfejtZ2HiQ.jpg,"Talk, Comedy"
Fights Break Sphere,series,"[16, 10759, 18]","In a land where no magic is present. A land where the strong make the rules and weak have to obey. A land filled with alluring treasures and beauty, yet also filled with unforeseen danger. Three years ago, Xiao Yan, who had shown talents none had seen in decades, suddenly lost everything. His powers, his reputation, and his promise to his mother. What sorcery has caused him to lose all of his powers? And why has his fiancee suddenly shown up?",2017-01-07,50.6947,7.9,/oyoahIcdamTXwjIaL3CqZ1v5CLl.jpg,"Animation, Action & Adventure, Drama"
Chronicles of the Sun,series,[10766],Claire is surprised when she gets arrested for the murder of her childhood friend after she returns to Montpellier.,2018-08-27,57.2782,6.566,/t6jVlbPMtZOJoAOfeoR4yQmnjXM.jpg,Soap
Steven Universe,series,"[16, 10759, 35, 10765, 10751]","A young boy takes his mother's place in a group of gemstone-based beings, and must learn to control his powers.",2013-11-04,51.5288,8.419,/8zRstOgaipruJPlsHK2diMx4lPy.jpg,"Animation, Action & Adventure, Comedy, Sci-Fi & Fantasy, Family"
Battlestar Galactica,series,"[10765, 10759, 18]","When an old enemy, the Cylons, resurface and obliterate the 12 colonies, the crew of the aged Galactica protect a small civilian fleet - the last of humanity - as they journey toward the fabled 13th colony, Earth.",2004-10-18,58.5286,8.213,/99PJSbcO2LeM10uOGWeFihNp77j.jpg,"Sci-Fi & Fantasy, Action & Adventure, Drama"
Gotham,series,"[18, 80, 10765]","Everyone knows the name Commissioner Gordon. He is one of the crime world's greatest foes, a man whose reputation is synonymous with law and order. But what is known of Gordon's story and his rise from rookie detective to Police Commissioner? What did it take to navigate the multiple layers of corruption that secretly ruled Gotham City, the spawning ground of the world's most iconic villains? And what circumstances created them – the larger-than-life personas who would become Catwoman, The Penguin, The Riddler, Two-Face and The Joker?",2014-09-22,49.0048,7.599,/zLpSNnVoL2bjQdc1PcaHUPUzttP.jpg,"Drama, Crime, Sci-Fi & Fantasy"
NCIS: New Orleans,series,"[10759, 18, 35]","A drama about the local field office that investigates criminal cases affecting military personnel in The Big Easy, a city known for its music, entertainment and decadence.",2014-09-23,59.9156,7.29,/1WJJUUZODmRTcFydLDBUtiztL6x.jpg,"Action & Adventure, Drama, Comedy"
The Tom and Jerry Show,series,"[10751, 16, 35, 10762]","The iconic cat and mouse rivals are back in a fresh take on the classic series. Preserving the look, characters and sensibility of the original, this series shines a brightly colored, high-definition lens on the madcap slapstick and never-ending battle that has made Tom and Jerry two of the most beloved characters of all time.",2014-04-09,47.5583,7.328,/41EWXLXTZO4MLb2BL28mWZuydyq.jpg,"Family, Animation, Comedy, Kids"
Klan,series,[10766],"Family is the most important thing, and the children of Władysław and Maria Lubicz from Warsaw can always count on each other, no matter what surprises life offers.",1997-09-22,55.6888,5.455,/vuSKqHmKLrKG2AYFOyQ4Ci9wTAj.jpg,Soap
Emmerdale,series,"[10766, 18]","The lives of several families in the Yorkshire Dales revolve around a farm and the nearby village. With murders, affairs, lies, deceit, laughter and tears, it's all there in the village.",1972-10-16,48.4322,4.3,/4elMyMe6W782VxXr5R1BmWDoqSg.jpg,"Soap, Drama"
Altas Horas,series,[10767],"Serginho Groisman hosts weekly debates on relevant topics, featuring the participation of the audience, artists, and personalities from various fields.",2000-10-14,59.5164,8.0,/jvmHmuRCOo1ZqPAxKgA54C1XD5e.jpg,Talk
Ninagaagi,series,[18],"Rachana dreams of leaving stardom behind, while Krishna ongs for a mother. When fate unites them, will Rachana's mother allow her to trade fame for a family?",2024-05-27,20.6449,0.0,/uJj0xaXZnhIYrDuED4G44F2QxDl.jpg,Drama
That '70s Show,series,"[35, 10751, 18]","Crank up the 8-track and flash back to a time when platform shoes and puka shells were all the rage in this hilarious retro-sitcom. For Eric, Kelso, Jackie, Hyde, Donna and Fez, a group of high school teens who spend most of their time hanging out in Eric’s basement, life in the ‘70s isn’t always so groovy. But between trying to figure out the meaning of life, avoiding their parents, and dealing with out-of-control hormones, they’ve learned one thing for sure: they’ll always get by with a little help from their friends.",1998-08-23,53.6318,7.93,/laEZvTqM80UaplUaDSCCbWhlyEV.jpg,"Comedy, Family, Drama"
DC's Legends of Tomorrow,series,"[10759, 10765, 18]","When heroes alone are not enough ... the world needs legends. Having seen the future, one he will desperately try to prevent from happening, time-traveling rogue Rip Hunter is tasked with assembling a disparate group of both heroes and villains to confront an unstoppable threat — one in which not only is the planet at stake, but all of time itself. Can this ragtag team defeat an immortal threat unlike anything they have ever known?",2016-01-21,55.3837,7.248,/qNgAcg4gNYbZ9mySLB9ZX4ehZb6.jpg,"Action & Adventure, Sci-Fi & Fantasy, Drama"
One Hundred Years of Solitude,series,"[18, 10765]","In the mythical town Macondo, seven generations of the Buendía family navigate love, oblivion and the inescapability of their past — and their fate.",2024-12-11,43.4033,8.0,/9zrvktj9JYQwQxZD4lAySfcYlmI.jpg,"Drama, Sci-Fi & Fantasy"
My Senior Brother is Too Steady,series,"[16, 35, 10765, 10759]","After being reborn in the ancient times before the Great God-Conferment War, Li Changshou becomes a minor cultivator. His only dream is to live a long life as a cultivator. In order to survive in the cruel Primordial Times, Li Changshou tries hard not to accumulate any karma—killing inevitably leads to feuds. Thus, he always plans thoroughly before doing anything and never allows himself to walk into dangerous situations. He hides his trump cards well, trains himself in escape techniques, refines poisonous pills, and masters his mystical abilities. Li Changshou originally plans to remain hidden and safe in the mountain. There, he is supposed to cultivate until he ascends to immortality. However, everything changed one year when his master seems to think that their lives are too peaceful. He takes in a junior sister…",2023-01-19,47.2383,8.8,/k9564HLHhjVIhDYJpKupzpTdzun.jpg,"Animation, Comedy, Sci-Fi & Fantasy, Action & Adventure"
30 Rock,series,[35],"Liz Lemon, the head writer for a late-night TV variety show in New York, tries to juggle all the egos around her while chasing her own dream.",2006-10-11,51.7934,7.501,/eYYQWACx7ttUzRwTNYuo6zveqpE.jpg,Comedy
The Rifleman,series,"[10759, 37, 10751]","The Rifleman is an American Western television program starring Chuck Connors as rancher Lucas McCain and Johnny Crawford as his son, Mark McCain. It was set in the 1880s in the town of North Fork, New Mexico Territory. The show was filmed in black-and-white, half-hour episodes. ""The Rifleman"" aired on ABC from September 30, 1958 to April 8, 1963 as a production of Four Star Television. It was one of the first prime time series to have a widowed parent raise a child.",1958-09-30,50.0418,7.113,/tYf5Sc83chWG2nBlo5xKdpBBwlI.jpg,"Action & Adventure, Western, Family"
Angel,series,"[10765, 18]","The vampire Angel, cursed with a soul, moves to Los Angeles and aids people with supernatural-related problems while questing for his own redemption. A spin-off from Buffy the Vampire Slayer.",1999-10-05,56.8262,7.86,/7dRU3wdMJba3PedicxEYSks0oJx.jpg,"Sci-Fi & Fantasy, Drama"
"The 100 Girlfriends Who Really, Really, Really, Really, REALLY Love You",series,"[16, 35]","Rentaro Aijo was rejected 100 times in middle school. He visits a shrine and prays for better luck in high school. The God of Love appears and promises that he'll soon meet 100 people he's destined to date. But there's a catch—once destiny introduces someone to him, the two must happily love each other. If they don't, they'll die. What will befall Rentaro and his 100 girlfriends in high school?",2023-10-08,49.9438,8.3,/kBiPU7I7TEJdDXu8tHgVrgL5zAU.jpg,"Animation, Comedy"
Flinderella,series,"[35, 18, 10751, 10766]","Florencia is a singer and orphan, who falls in love with Federico, a businessman. They will be able to overcome all obstacles, but their love will take an unexpected turn.",2004-03-15,47.851,8.169,/jHpGf342KoTemqxiGCtZw0pejqm.jpg,"Comedy, Drama, Family, Soap"
Everybody Loves Raymond,series,[35],"Ray Barone is a successful sportswriter living on Long Island with his wife Debra, daughter Ally, and twin sons, Geoffrey and Michael. Ray's meddling parents, Frank and Marie, and brother, Robert, live directly across the street.",1996-09-13,53.6012,6.832,/dcCnVVggEBfNpzHrqzDJqhE6tGP.jpg,Comedy
Hacks,series,"[35, 18]","Explore a dark mentorship that forms between Deborah Vance, a legendary Las Vegas comedian, and an entitled, outcast 25-year-old.",2021-05-13,47.3845,7.5,/ca5XiEFgyGsI38QT3wEKa1QVGX.jpg,"Comedy, Drama"
Hogan's Heroes,series,"[10768, 35]","Hogan's Heroes is an American television sitcom that ran for 168 episodes from September 17, 1965, to July 4, 1971, on the CBS network. The show was set in a German prisoner of war camp during World War II. Bob Crane starred as Colonel Robert E. Hogan, coordinating an international crew of Allied prisoners running a Special Operations group from the camp. Werner Klemperer played Colonel Wilhelm Klink, the commandant of the camp, and John Banner was the inept sergeant-of-the-guard, Hans Schultz.

The series was popular during its six-season run. In 2013, creators Bernard Fein through his estate and Albert S. Ruddy acquired the sequel and other separate rights to Hogan's Heroes from Mark Cuban through arbitration and a movie based on the show has been planned.",1965-09-17,50.1613,7.6,/qifpp3AmNx54Ko4obdwxOWNf0lo.jpg,"War & Politics, Comedy"
Nala Damayanthi,series,[18],"Damayanthi runs a restaurant with the philosophy of serving food with love. But her competitor, Nalan, tries to sabotage her business by trying to woo her. Will she fall for his trap?",2023-10-09,61.1251,0.0,/uOsyvP8wtLcDvGBn9haAhTBVS45.jpg,Drama
Alice,series,"[35, 18]","Alice is an American sitcom television series that ran from August 31, 1976 to March 19, 1985 on CBS. The series is based on the 1974 film Alice Doesn't Live Here Anymore. The show stars Linda Lavin in the title role, a widow who moves with her young son to start her life over again, and finds a job working at a roadside diner on the outskirts of Phoenix, Arizona. Most of the episodes revolve around events at Mel's Diner.",1976-08-31,50.124,7.0,/iEEtQs1mPz3kvvaEFR7HVnME9Or.jpg,"Comedy, Drama"
Dutton Ranch,series,"[37, 18]","Rip Wheeler and Beth Dutton gamble everything on a new life in South Texas, but the promise of building a future far from the ghosts of Yellowstone quickly collides with brutal new realities and a rival ranch that will stop at nothing to protect its empire.",2026-05-15,55.1207,9.2,/xsiecCxd8lkcAluw0wWwbW5CwSv.jpg,"Western, Drama"
Survivor,series,[10764],"A reality show contest where sixteen or more castaways split between two or more “Tribes” are taken to a remote isolated location and are forced to live off the land with meager supplies for roughly 39 days. Frequent physical challenges are used to pit the tribes against each other for rewards, such as food or luxuries, or for “Immunity”, forcing the other tribe to attend “Tribal Council”, where they must vote off one of their players.",2000-05-31,54.5637,7.296,/1usR1nanbDvnc0LJlWd5TOylT9M.jpg,Reality
Great Performances,series,"[35, 99, 18]","The best in the performing arts from across America and around the world including a diverse programming portfolio of classical music, opera, popular song, musical theater, dance, drama, and performance documentaries.",1971-01-28,54.6007,6.1,/1RD6s6KEbX36Cb99pAoWmU8gkwh.jpg,"Comedy, Documentary, Drama"
Medium,series,"[80, 18, 9648, 10765]",Allison Dubois works in the District Attorney’s office using her natural intuition about people and her ability to communicate with the dead to help to solve crimes. Her dreams often give her clues to the whereabouts of missing people.,2005-01-03,48.5057,7.472,/6tOxspW2MbbAQ0s3jtfs8QATcx.jpg,"Crime, Drama, Mystery, Sci-Fi & Fantasy"
Charlie's Angels,series,[10759],"Beautiful, intelligent, and ultra-sophisticated, Charlie's Angels are everything a man could dream of... and way more than they could ever handle! Receiving their orders via speaker phone from their never seen boss, Charlie, the Angels employ their incomparable sleuthing and combat skills, as well as their lethal feminine charm, to crack even the most seemingly insurmountable of cases.",1976-09-22,41.7746,6.688,/jxyI5V4LZ5rHDrXv7NpPh4EBCAo.jpg,Action & Adventure
Rurouni Kenshin,series,"[16, 10759]","Ten years have passed since the end of Bakumatsu, an era of war that saw the uprising of citizens against the Tokugawa shogunate. The revolutionaries wanted to create a time of peace, and a thriving country free from oppression. The new age of Meiji has come, but peace has not yet been achieved. Swords are banned but people are still murdered in the streets. Orphans of war veterans are left with nowhere to go, while the government seems content to just line their pockets with money.",2023-07-07,45.6154,8.314,/zT77Y6iQGmYGBqbhQi0ySD60o9i.jpg,"Animation, Action & Adventure"
The Lincoln Lawyer,series,"[18, 80]",Hotshot LA defense attorney Mickey Haller will do whatever it takes to win as he navigates the criminal justice system from his trademark Lincoln.,2022-05-13,51.7549,7.724,/4jSaIqEU8CPBBNn4iVCK6wzPjSx.jpg,"Drama, Crime"
Succession,series,"[18, 35]",Follow the lives of the Roy family as they contemplate their future once their aging father begins to step back from the media and entertainment conglomerate they control.,2018-06-03,54.112,8.306,/z0XiwdrCQ9yVIr4O0pxzaAYRxdW.jpg,"Drama, Comedy"
Strange Tales of Tang Dynasty,series,"[9648, 80, 18, 10759]",General Lu Lingfeng and Detective Su Wuming uncover supernatural mysteries and hidden conspiracies threatening the empire during Emperor Xuanzong’s reign.,2022-09-27,46.3222,8.3,/nyhBueT07zQS7wWLYFDNO8LdO3N.jpg,"Mystery, Crime, Drama, Action & Adventure"
M*A*S*H,series,"[10768, 18, 35]","The 4077th Mobile Army Surgical Hospital is stuck in the middle of the Korean war. With little help from the circumstances they find themselves in, they are forced to make their own fun. Fond of practical jokes and revenge, the doctors, nurses, administrators, and soldiers often find ways of making wartime life bearable.",1972-09-17,47.8116,7.938,/6rhuM3oMoEWKxAdrm7IyM8oq8cC.jpg,"War & Politics, Drama, Comedy"
Shrirasthu Shubhamasthu,series,[18],"Tulasi, a widow, finds a friend and supporter in her daughter-in-law Siri, who stands against her family and society to get Tulasi remarried.",2022-10-31,70.4231,0.0,/5PrxzXwsL71TbOECdh9MOqcj5KS.jpg,Drama
Everwood,series,"[18, 10751]","After the death of his wife, world-class neurosurgeon Dr. Andrew Brown leaves Manhattan and moves his family to the small town of Everwood, Colorado. There he becomes a small-town doctor and learns parenting on the fly as he raises his talented but resentful 15-year-old son Ephram and his 9-year-old daughter Delia.",2002-09-16,50.7982,7.605,/uuWIIIjT6hyCLGQTVG0cwLfubb9.jpg,"Drama, Family"
The Golden Girls,series,[35],"Four Southern Florida seniors share a house, their dreams, and a whole lot of cheesecake. Bright, promiscuous, clueless and hilarious, these lovely, mismatched ladies form the perfect circle of friends.",1985-09-14,47.5163,7.58,/1qoHn5J0Qclte98j1olNbOQOXVz.jpg,Comedy
The Expanse,series,"[18, 9648, 10765]",A thriller set two hundred years in the future following the case of a missing young woman who brings a hardened detective and a rogue ship's captain together in a race across the solar system to expose the greatest conspiracy in human history.,2015-12-14,49.7501,8.072,/5vQlVWkIMPhZ88OWchJsgwGEK9.jpg,"Drama, Mystery, Sci-Fi & Fantasy"
Blood Sacrifice,series,"[18, 80, 9648]","Following the brutal murder of two police officers, a tenacious detective reluctantly joins forces with his estranged ex-cop father to catch the killer.",2026-08-20,50.9589,6.541,/8iFUWLKBAWDrJ9rOunscgIDrGQ1.jpg,"Drama, Crime, Mystery"
Top Gear,series,"[10764, 10767]","This fast-paced and stunt-filled motor show tests whether cars, both mundane and extraordinary, live up to their manufacturers' claims. The long-running show travels to locations around the world, performing extreme stunts and challenges to see what the featured cars are capable of doing. The current hosts are Paddy Mcguinness, Chris Harris and Andrew ""Freddie"" Flintoff.",2002-10-20,48.2274,7.593,/aqM6QnuhSXzjHlKbXyKUqxaGiWu.jpg,"Reality, Talk"
The Penguins of Madagascar,series,"[16, 35, 10751, 10762]","The adventures of four penguins—Skipper, Kowalski, Private, and Rico, who perform various commando-like missions to protect their home in the Central Park Zoo. The penguins often have to deal with problems caused, or made worse, by their zoo neighbors, King Julien XIII (a ring-tailed lemur), Maurice (an aye-aye), and Mort (a mouse lemur).",2008-11-28,47.7169,7.486,/1fRG81M83HgwupmndtgZQOBHh8o.jpg,"Animation, Comedy, Family, Kids"
The Gentlemen,series,"[35, 18, 80]","When aristocratic Eddie inherits the family estate, he discovers that it's home to an enormous weed empire — and its proprietors aren't going anywhere.",2024-03-07,50.1925,7.817,/tw3tzfXaSpmUZIB8ZNqNEGzMBCy.jpg,"Comedy, Drama, Crime"
Banshee,series,"[80, 18]",Banshee is an American drama television series set in a small town in Pennsylvania Amish country and features an enigmatic ex-con posing as a murdered sheriff who imposes his own brand of justice while also cooking up plans that serve his own interests.,2013-01-11,49.9837,7.983,/5nXFiz8Rn8eezVjSTZBd7HmnF1G.jpg,"Crime, Drama"
Chiikawa,series,"[16, 35, 10751, 10762, 10765]","The story follows the sometimes happy, sometimes sad, and a tad stressful daily life of ""some sort of small, cute creature"" (Nanka Chiisakute Kawaii Yatsu) known as Chiikawa. Chiikawa enjoys delicious food with bees and rabbits, toils hard every day for the rewards of work, and still maintains a smile.",2022-04-04,45.4318,8.2,/cXm3mxmlOWJZAyn5fqFI9JpARa3.jpg,"Animation, Comedy, Family, Kids, Sci-Fi & Fantasy"
Jackie Chan Adventures,series,"[10759, 16, 35, 10765]","Archaeologist Jackie Chan joins forces with his adventurous 11-year-old niece, Jade, to race around the world in search of twelve powerful magical talismans before they fall into the hands of the sinister Dark Hand crime syndicate. Along the way, they're aided by Uncle, Jackie's eccentric yet brilliant uncle, whose ancient knowledge and mystical expertise often prove to be the key to defeating dark forces.",2000-09-09,46.7985,8.159,/by2GTFpd2BQ5uJxWPlfcmfrNrfB.jpg,"Action & Adventure, Animation, Comedy, Sci-Fi & Fantasy"
Amazing Night,series,"[10764, 35]","Amazing Night is an original new comedy variety show jointly produced by Tencent Video and Mi Wei. Huang Bo, Qin Hao, Jia Bing, Gao Yuanyuan, Ma Dong, Jin Jing, Song Muzi will be the audience representatives, in addition, each issue there is a mysterious audience representative, to accompany you to spend a wonderful comedy night!",2024-06-28,44.3412,5.714,/nQFCp0Tlfqq3NhF2kiNAGwXLfnX.jpg,"Reality, Comedy"
Mission: Impossible,series,"[10759, 80, 18]","Mission: Impossible is an American television series that was created and initially produced by Bruce Geller. It chronicles the missions of a team of secret government agents known as the Impossible Missions Force. In the first season, the team is led by Dan Briggs, played by Steven Hill; Jim Phelps, played by Peter Graves, takes charge for the remaining seasons. A hallmark of the series shows Briggs or Phelps receiving his instructions on a recording that then self-destructs, followed by the theme music composed by Lalo Schifrin.

The series aired on the CBS network from September 1966 to March 1973, then returned to television for two seasons on ABC, from 1988 to 1990, retaining only Graves in the cast. It later inspired a popular series of theatrical motion pictures starring Tom Cruise, beginning in 1996.",1966-09-17,45.5837,7.582,/1PnUBKbDR1F2w5qicblLg1QGTif.jpg,"Action & Adventure, Crime, Drama"
Mission: Impossible,series,"[10759, 80, 18]","Mission: Impossible is an American television series that was created and initially produced by Bruce Geller. It chronicles the missions of a team of secret government agents known as the Impossible Missions Force. In the first season, the team is led by Dan Briggs, played by Steven Hill; Jim Phelps, played by Peter Graves, takes charge for the remaining seasons. A hallmark of the series shows Briggs or Phelps receiving his instructions on a recording that then self-destructs, followed by the theme music composed by Lalo Schifrin.

The series aired on the CBS network from September 1966 to March 1973, then returned to television for two seasons on ABC, from 1988 to 1990, retaining only Graves in the cast. It later inspired a popular series of theatrical motion pictures starring Tom Cruise, beginning in 1996.",1966-09-17,45.5837,7.582,/1PnUBKbDR1F2w5qicblLg1QGTif.jpg,"Action & Adventure, Crime, Drama"
Star Road,series,[10764],"OSEN’s “Star Road” is a program for Vietnamese hallyu fans where Korean celebrities showcase charms that haven’t been seen yet. From casual interviews to real daily life footage, it is expected to be well-received by fans.",2018-07-08,43.8687,0.0,/raYbjMPg2FZZc8X02duQrCdKeUj.jpg,Reality
Last Meals,series,"[10764, 10767]","What would your last meal be? Join Mythical Chef Josh and celebrity guests as they dig into their ultimate last meal, sharing surprising tastes, personal memories, and culinary stories.",2021-10-28,49.8721,5.5,/Ac18Q0jf42TfkWHoaMSdnGSc27q.jpg,"Reality, Talk"
Abbott Elementary,series,[35],"In this workplace comedy, a group of dedicated, passionate teachers — and a slightly tone-deaf principal — are brought together in a Philadelphia public school where, despite the odds stacked against them, they are determined to help their students succeed in life. Though these incredible public servants may be outnumbered and underfunded, they love what they do — even if they don’t love the school district’s less-than-stellar attitude toward educating children.",2021-12-07,47.5446,7.506,/nBe1e3JJEZ6veGrVXNF0fRoLu56.jpg,Comedy
The Loud House,series,"[16, 35, 10751, 10762, 9648]","Welcome to the Loud House, where life can get pretty crazy. One boy, TEN girls?! Lincoln Loud wouldn’t change it for the world!",2016-05-02,51.4807,7.798,/v0xMCeZIkgBUQtiije0IDc8ReHr.jpg,"Animation, Comedy, Family, Kids, Mystery"
Kena Bou,series,[18],Virendra Pratap Singh marries a much younger Purobi not of love but because of the situation. What will be the fate of this marriage and of Purobi's many dreams?,2022-09-11,43.0153,0.0,/65RlSM929GCLFp57VQICgwwyiJF.jpg,Drama
The Mint,series,[],"The Mint was a live, late night, interactive quiz show with celebrity guests and live studio contestants filmed on a large extravagant set designed to look like the inside of a mansion. The programme, which was dogged by criticism that its questions were ambiguous and arbitrary, aired on ITV and ITV2, Sunday to Wednesday. On 26 February 2007, ITV announced that The Mint would return to screens later in 2007, however an announcement on 12 September 2007 confirmed that the show, along with similar late night phone ins, would not be returning.",2006-04-01,45.801,0.0,,
Weak Hero,series,"[10759, 18]","With the aid of unexpected friends, a gifted but introverted student confronts bullies and violent foes — unaware of how dangerous his world will become.",2022-11-18,41.1827,8.691,/5Sd01WeraL2oA3Vv6O4rcRxockn.jpg,"Action & Adventure, Drama"
"Magnum, P.I.",series,"[80, 18, 9648]","A private investigator who works when he wants, lives in a beachfront estate in Hawaii, drives a posh Ferrari, runs up an unlimited tab at a swank bar, and charms attractive women in peril - that's the lifestyle of Thomas Magnum, aka Magnum, P.I.",1980-12-11,44.7124,7.288,/uaiztRrI2gwBNVtFh6iGvkXqgfz.jpg,"Crime, Drama, Mystery"
Forbidden & Captivity,series,[18],"Orphaned Wen Hai is forced into the care of a cruel half-brother, sparking a toxic cycle of revenge, drug-fueled chaos, and forbidden desire.",2025-11-15,42.4768,5.5,/dnBnX59E3E7vQ4TMogFxaBEoyQ2.jpg,Drama
Numb3rs,series,"[80, 18, 9648]","Inspired by actual cases and experiences, Numb3rs depicts the confluence of police work and mathematics in solving crime as an FBI agent recruits his mathematical genius brother to help solve a wide range of challenging crimes in Los Angeles from a very different perspective.",2005-01-23,46.6565,7.022,/wOzbxJmpccPA5MYvBSGbor3WKh3.jpg,"Crime, Drama, Mystery"
Californication,series,"[35, 18]","A self-loathing, alcoholic writer attempts to repair his damaged relationships with his daughter and her mother while combating sex addiction, a budding drug problem, and the seeming inability to avoid making bad decisions.",2007-08-13,47.0614,7.632,/jPqOY8cq9KXQN4bD7zJGHCNvcb4.jpg,"Comedy, Drama"
Wings,series,"[35, 18]",Brothers Brian and Joe Hackett attempt to run an airline on the New England island of Nantucket while surrounded by their various wacky friends and employees.,1990-04-19,49.6403,6.861,/eqf5p8fU7liYAMznUBMWMeSYfCQ.jpg,"Comedy, Drama"
Animal Control,series,[35],"A group of local animal control workers' lives are complicated by the fact that animals are simple, but humans are not. Leading the crew is Frank, an opinionated, eccentric animal control officer who may not have gone to college but is still the most well-read person in the room. In his past life as a cop, Frank tried to expose corruption in his department, but his efforts got him fired, leaving him cynical and curmudgeonly. Despite his rough exterior, he is blessed with an almost superhuman ability to understand animals.",2023-02-16,34.5886,6.123,/h2dXm0CXMkycA9LrZbXMUD8SuTL.jpg,Comedy
Bares für Rares,series,"[10767, 10764, 99]","In the show, selected applicants each present a curiosity, rarity or antique they have brought with them. Once they have received their expertise, they will have the opportunity on site to offer their exhibit to a changing five-person podium for sale and, ideally, to sell it to the highest bidder for „Bares“ (""cash"").",2013-08-04,49.2936,7.6,/j9SzcU00nl64FdgLs4otaHBfRkj.jpg,"Talk, Reality, Documentary"
The Drew Carey Show,series,[35],"Drew is an assistant director of personnel in a Cleveland department store and he has been stuck there for ten years. Other than fighting with co-worker Mimi, his hobbies include drinking beer and not being able to get dates. To make a few extra bucks he has a micro-brewery going in his garage with his buddies.",1995-09-13,47.3241,6.508,/1E2uZPVGz69aikN6vIgygvYSwGt.jpg,Comedy
Corazón salvaje,series,"[18, 10766]",A telenovela that dramatizes the romances and rivalries between two brothers and two sisters in Mexico between the years 1885 and 1900.,1992-12-31,46.3441,7.954,/r7O2OTPM6xU6YAIVkHdhETLeqEb.jpg,"Drama, Soap"
21 Jump Street,series,"[80, 9648, 18]",21 Jump Street revolves around a group of young cops who would use their youthful appearance to go undercover and solve crimes involving teenagers and young adults.,1987-04-12,43.732,7.27,/9w2y0146P5EjLw63FHGWRRpqQ6v.jpg,"Crime, Mystery, Drama"
Stand Up,series,[35],The new humorous show in the genre of stand-up. Here people talk about their problems. Thank God we have them!,2013-09-22,54.5349,6.0,/gF83fV90UilloL2pvIypzNhVk2j.jpg,Comedy
Hot in Cleveland,series,[35],"Three fabulous, eccentric, LA best friends of a certain age have their lives changed forever when their plane unexpectedly lands in Cleveland and they soon rediscover themselves in this new ""promised land.""",2010-06-16,45.1093,7.234,/oSd0I8hc62W8xZVCOpZvRXS90Ty.jpg,Comedy
9-1-1: Lone Star,series,"[18, 10759, 80]","Nearly 20 years ago, Owen Strand was the lone survivor of his Manhattan firehouse on 9/11. In the wake of the attack, Owen had the unenviable task of rebuilding his station. After a similar tragedy happens to a firehouse in Austin, Owen, along with his troubled firefighter son, T.K., takes his progressive philosophies of life and firefighting down to Texas, where he helps them start anew. On the surface, Owen is all about big-city style and swagger, but underneath he struggles with a secret he hides from the world - one that could very well end his life.",2020-01-19,38.9475,8.0,/BOTITv548LYGB4xRD3rHfbwkqm.jpg,"Drama, Action & Adventure, Crime"
Doraemon,series,"[10759, 16, 35, 10765, 10762, 10751]",Doraemon is an anime TV series created by Fujiko F. Fujio and based on the manga series of the same name. This anime is the much more successful successor of the 1973 anime.,1979-04-02,48.0757,7.708,/bHMqPDsW7Lb71CVHXq4PuEvQ4NY.jpg,"Action & Adventure, Animation, Comedy, Sci-Fi & Fantasy, Kids, Family"
"Sabrina, the Teenage Witch",series,"[35, 10751, 10765]","On her sixteenth birthday, Sabrina Spellman discovers she has magical powers. She lives with her 600-year-old aunts Hilda and Zelda as well as talking cat Salem in the fictional town of Westbridge, Massachusetts.",1996-09-27,48.092,7.784,/nNhj3coHNVVJPVM7fm5PEYVTCMO.jpg,"Comedy, Family, Sci-Fi & Fantasy"
Markus Lanz,series,[10767],"TV presenter Markus Lanz invites prominent guests and experts from all areas of public life to his colourful talk show. As a rule, there are four guests, introduced individually to contribute their personal experiences to the topics.",2008-06-03,49.3748,5.5,/tr4cLn4ecRASV0SPM9FRv0AJOQF.jpg,Talk
Welcome to Demon School! Iruma-kun,series,"[16, 35, 10765]","Fourteen-year-old Iruma Suzuki has just been abandoned and sold to a demon by his irresponsible parents! Surprisingly, the next thing he knows he's living with the demon who has adopted him as his new grandson and has been transferred into a school in the Netherworld where his new demon grandfather works as the principal. Thus begins the cowardly Iruma-kun's extraordinary school life among the otherworldly as he faces his true self, takes on challenges, and rises to become someone great.",2019-10-05,47.0663,8.263,/gKz8wiKsbgefAkxjpBCmJPnnXJE.jpg,"Animation, Comedy, Sci-Fi & Fantasy"
Oz,series,"[80, 18]","The daily lives of prisoners in Emerald City, an experimental unit of the Oswald Maximum Security Prison where ingroups - Muslims, Latinos, Italians, Aryans - stick close to their mutual friends and terrorize their mutual enemies.",1997-07-12,46.8421,8.048,/oTQ9PUnCgf9CimYeWuDGp8iaT07.jpg,"Crime, Drama"
The Mandalorian,series,"[10765, 10759]","After the fall of the Galactic Empire, lawlessness has spread throughout the galaxy. A lone gunfighter makes his way through the outer reaches, earning his keep as a bounty hunter.",2019-11-12,49.0031,8.405,/sWgBv7LV2PRoQgkxwlibdGXKz1S.jpg,"Sci-Fi & Fantasy, Action & Adventure"
Bridgerton,series,[18],"Wealth, lust, and betrayal set in the backdrop of Regency era England, seen through the eyes of the powerful Bridgerton family.",2020-12-25,45.4167,8.054,/uXTg565ahu9RwonCX1V2Hex1NU6.jpg,Drama
Hannibal,series,"[18, 80]","Both a gift and a curse, Graham has the extraordinary ability to think like his prey—he sees what they see, feels what they feel. But while Graham is pursuing an especially troubling, cannibalistic murderer, Special Agent Jack Crawford teams him with a highly respected psychiatrist – a man with a taste for the criminal minded – Dr. Hannibal Lecter.",2013-04-04,52.5925,8.271,/pbV2eLnKSIm1epSZt473UYfqaeZ.jpg,"Drama, Crime"
Animal Kingdom,series,"[80, 18]","17-year-old Joshua ""J"" Cody moves in with his freewheeling relatives in their Southern California beach town after his mother dies of a heroin overdose. Headed by boot-tough matriarch Janine ""Smurf"" Cody and her right-hand Baz, who runs the business and calls the shots, the clan also consists of Pope, the oldest and most dangerous of the Cody boys; Craig, the tough and fearless middle son; and Deran, the troubled, suspicious ""baby"" of the family.",2016-06-14,45.0625,7.782,/rzvdKrnSRKPFI0pgqMQknDPpRC9.jpg,"Crime, Drama"
White Collar,series,"[80, 18, 9648]","In exchange for his freedom, charming con artist Neal Caffrey provides his expertise to help straight-man FBI agent Peter Burke catch elusive white-collar criminals.",2009-10-23,47.5762,8.22,/417XNiGvdzCsG9kDnnQJYaBsIrx.jpg,"Crime, Drama, Mystery"
True Blood,series,"[10765, 18, 9648]","Thanks to a Japanese scientist's invention of synthetic blood, vampires have progressed overnight from legendary monsters to fellow citizens. And while humans have been safely removed from the menu, many remain apprehensive about these creatures ""coming out of the coffin."" Religious leaders, government officials, and vampire fundamentalists around the world have chosen their sides.  But in the small Louisiana town of Bon Temps, the jury is still out.",2008-09-07,50.9301,7.612,/ktEp6fzL4xzCWsSVtrcH8JaQNQy.jpg,"Sci-Fi & Fantasy, Drama, Mystery"
Alta Definição,series,[10767],"In Alta Definição, Daniel Oliveira interviews one guest every week with an intimate approach.",2009-09-12,50.3577,7.2,/mIX6TfwLWV7P3Sv86xrqVADrqWE.jpg,Talk
Ahiru no Sora,series,"[16, 18]","Sora joins the high school basketball club, but his unmotivated teammates don't care about the game. To get anywhere, he has to change their minds.",2019-10-01,48.7857,8.434,/jAVcBnYvxEHY5CR0lDnaPkjNTX3.jpg,"Animation, Drama"
The Resident,series,[18],"A tough, brilliant senior resident guides an idealistic young doctor through his first day, pulling back the curtain on what really happens, both good and bad, in modern-day medicine.",2018-01-21,46.6786,8.4,/2IkYQJlT26yXef2iot7dhRtavSC.jpg,Drama
Adults,series,[35],"A group of twenty-somethings in New York trying to be good people, despite being neither ""good"" nor ""people"" yet.",2025-05-28,47.2773,6.0,/oJUoRlVXGl3MJb62Ugi1G08GPbx.jpg,Comedy
Bonsoir bonsoir!,series,[10767],"Each day, Jean-Philippe Wauthier welcomes guests on the show in warm, friendly setting. His interviews focus on their newsworthy achievements but also, and most importantly, on their passions, interests and opinions.",2019-04-01,46.2232,4.0,/4cCTEwOTiGEF4jRtQ1NRk9TIkKM.jpg,Talk
Mayor of Kingstown,series,"[18, 80]","In a small Michigan town where the business of incarceration is the only thriving industry, the McClusky family are the power brokers between the police, criminals, inmates, prison guards and politicians in a city completely dependent on prisons and the prisoners they contain.",2021-11-14,43.2638,7.964,/6rWIip9MZELAA0SKii5WqsBDCYW.jpg,"Drama, Crime"
The Shards,series,"[18, 9648]","17-year-old Bret Easton Ellis is in his final year at the elite Buckley prep school. Upending his world is the arrival of a mysterious new student, Robert Mallory, whose unsettling presence coincides with the activities of a serial killer known as The Trawler.",2026-08-05,46.1932,7.4,/wP0GdqwVu2g1y3q1KzBXuSrdTvX.jpg,"Drama, Mystery"
100% Lucha,series,"[10751, 10759]","100% Lucha is a professional wrestling program that was broadcast in Argentina on the Telefe channel and on its international signal, from 2006 to 2010.",2006-01-01,44.293,0.0,/44hz0yVSKmuQR80zo89xFq0bMI2.jpg,"Family, Action & Adventure"
Xena: Warrior Princess,series,"[18, 10759, 10765]","Xena is an infamous warrior on a quest to seek redemption for her past sins against the innocent. Accompanied by her comrade-in-arms Gabrielle, the campy couple use their formidable fighting skills to help those who are unable to defend themselves.",1995-09-04,52.8016,7.556,/qjUn6GVZVDifLHB7bvVrgZsOfzE.jpg,"Drama, Action & Adventure, Sci-Fi & Fantasy"
3000 Whys of Blue Cat,series,"[10762, 16]","3000 Whys of Blue Cat is the first large-scale Chinese animated series in mainland China with an emphasis on science. The series is produced by ""Beijing Sunchime Happy Culture Company"". The show remains one of the longest running children's cartoon series in the world. It is most commonly referred to as ""Blue Cat"". An English version was made for the first episode titled ""The Adventures of the Blue Cat"" and was made as a pilot for a series titled ""Lucky's Adventures"" but due to lack of intrerests, the series was canceled. The show uses a combination of 2D animation and CGI.",1999-10-09,48.3108,8.5,/vCRRb67Dv1G5sYGaIUnoVkTjNlw.jpg,"Kids, Animation"
El hormiguero,series,"[35, 10767]","El Hormiguero is a Spanish television program with a live audience focusing on comedy, science, and politics running since September 2006. It is hosted and produced by screenwriter Pablo Motos. The show aired on Spain's Cuatro channel from launch until June 2011 and is now broadcast on Antena 3. Recurring guests on the show include Luis Piedrahita, Raquel Martos, Marron & ""The Man in Black"", and puppet ants Trancas and Barrancas. It has proved a ratings success, and has expanded from a weekly 120-minute show to a daily 40-minute show in its third season, which began on September 17, 2007. The show won the Entertainment prize at the 2009 Rose d'Or ceremony.",2006-09-24,48.6789,4.7,/tT4hXTYXtZVadi6AZ0rhdVgNo2T.jpg,"Comedy, Talk"
Severance,series,"[18, 9648, 10765]","Mark leads a team of office workers whose memories have been surgically divided between their work and personal lives. When a mysterious colleague appears outside of work, it begins a journey to discover the truth about their jobs.",2022-02-17,45.8809,8.393,/pPHpeI2X1qEd1CS1SeyrdhZ4qnT.jpg,"Drama, Mystery, Sci-Fi & Fantasy"
Caressing My Hibernating Bear,series,[16],"Nowa, a bear living in the forest, decides to take an abandoned puppy under his wing. He names it Airi and takes care of it with great care. Time passes and Nowa soon has to leave him temporarily alone in order to hibernate. Waking up several months later, he discovers that Airi has grown well into an attractive young man.",2022-07-04,40.4689,5.9,/jSRmnyrqY1wmECpCCk7jv7AGFn6.jpg,Animation
Far Away,series,"[18, 10751, 10759]","Alya Albora arrives in Mardin with her late husband’s funeral and their five-year-old son to fulfill her husband’s last will. However, this arrival marks a point of no return, and there is no way out of Albora. The head of the Albora tribe, Cihan Albora, is not indifferent to Alya’s struggles, but he refuses to let her take her child and leave. Confronting the darkness of the past, hidden secrets, and the harsh realities of the region, Alya Albora finds herself caught in a fierce struggle with her late husband’s family.",2024-11-11,43.917,8.0,/vPvxzUFy4CYEAThOQim8wuyCqHt.jpg,"Drama, Family, Action & Adventure"
Crazy Love,series,"[18, 35]","No Go Jin is the most popular mathematics instructor in the private education field and the CEO of GOTOP Education. Even though he has only a high school level education, he has achieved all of his success due to his extreme intelligence. He seems like a perfect man with a handsome appearance, high IQ, and wealth. He is also narcissistic. One day, he is suddenly warned that he will be murdered.

Lee Shin A works as No Go Jin’s secretary. She is a diligent and responsible employee. Due to her quiet and introverted personality, she has little presence with her boss No Go Jin and her colleagues at work. Her colleagues begin to recognize her, because she has worked for the notorious No Go Jin for more than 1 year. She then learns that she does not have much time left to live.",2022-03-07,47.4711,7.7,/wQmABWWAGsifRGn2nltTJRLEF3Y.jpg,"Drama, Comedy"
The Originals,series,"[10765, 18, 9648]","The Vampire Diaries spin-off that follows the Mikaelsons, a family of millennia-old, power-hungry vampires who want to reclaim the city they built, New Orleans, and dominate all those who have wronged them.",2013-10-03,46.1777,8.587,/keJOhJXGiLL54EW6QocbyvQGquA.jpg,"Sci-Fi & Fantasy, Drama, Mystery"
We Bare Bears,series,"[16, 35, 10762]","Three brother bears awkwardly attempt to find their place in civilized  society, whether they're looking for food, trying to make human friends,  or scheming to become famous on the internet. Grizzly, Panda and Ice  Bear stack atop one another when they leave their cave and explore the  hipster environs of the San Francisco Bay Area, and it's clear the  siblings have a lot to learn about a technologically driven world. By  their side on many adventures are best friend Chloe (the only human  character in the cast), fame-obsessed panda Nom Nom, and Charlie, aka  Bigfoot.",2015-08-24,44.7407,7.736,/3xWzlLZ0kAD6SkVZTekFM9lxZyP.jpg,"Animation, Comedy, Kids"
Cops,series,[10764],"Follow real-life law enforcement officers from various regions and departments of the United States armed with nothing but with cameras to capture their actions, performing their daily duty to serve and protect the public.",1989-03-11,50.084,6.632,/xtEQVy408xsVw5ZX6Yu35pwJ1Ja.jpg,Reality
Bluey,series,"[16, 35, 10751, 10762]","Bluey is an inexhaustible six year-old Blue Heeler dog, who loves to play and turns everyday family life into extraordinary adventures, developing her imagination as well as her mental, physical and emotional resilience.",2018-10-01,45.7479,8.6,/9p4pNoGcuyCfHcGWKNrTopqMWtq.jpg,"Animation, Comedy, Family, Kids"
Beyblade X,series,"[16, 10759, 35, 10765, 10762]",Beginner blader Robin Kazami joins up with influencer Multi Nana-iro and former champion Jaxon Cross to form this unlikely trio - ready to climb to the top of The X and win the title of champion blader!,2023-10-06,36.4234,7.1,/66wkm14IWdrY5LaKZDAbkD2T9Jt.jpg,"Animation, Action & Adventure, Comedy, Sci-Fi & Fantasy, Kids"
Die Harald Schmidt Show,series,[10764],"The Harald Schmidt Show is a German late night talk show hosted on Sky Deutschland by comedian Harald Schmidt. The show first aired from 5 December 1995 to 23 December 2003 on Sat.1. Schmidt then moved his show to Das Erste as Harald Schmidt and Schmidt & Pocher, but he returned to Sat.1 on 13 September 2011. After cancellation on Sat.1, the show continued on Sky Deutschland in September 2012.",1995-12-05,50.0542,7.342,/lQcE1AzjDP5zJRUW76PMRn7ai9W.jpg,Reality
The Practice,series,[18],"A provocative legal drama focused on young associates at a bare-bones Boston firm and their scrappy boss, Bobby Donnell. The show's forte is its storylines about “people who walk a moral tightrope.”",1997-03-04,45.2251,7.631,/7OKZSUIWhjFP0F2s478zTrAYwDB.jpg,Drama
Tokyo Ghoul,series,"[16, 18, 10765]","Ken Kaneki, a bookworm college student, meets Rize, a girl his own age with whom he shares many interests.",2014-07-04,46.2226,8.3,/1m4RlC9BTCbyY549TOdVQ5NRPcR.jpg,"Animation, Drama, Sci-Fi & Fantasy"
The Fugitive,series,"[10759, 18, 9648]","Richard Kimble is falsely convicted of his wife's murder and given the death penalty. En route to death row, Kimble's train derails and crashes, allowing him to escape and begin a cross-country search for the real killer, a ""one-armed man"". At the same time, Dr. Kimble is hounded by the authorities, most notably dogged by Police Lieutenant Philip Gerard.",1963-09-17,46.2551,7.3,/cSvrnCMFX8OWqHSkUwERfKU7mnP.jpg,"Action & Adventure, Drama, Mystery"
Evil,series,"[80, 18, 9648]","Skeptical forensic psychologist Kristen Bouchard joins priest-in-training David Acosta and technology expert Ben Shakir as they investigate supposed miracles, demonic possessions, and other extraordinary occurrences to assess for a scientific explanation or if something truly supernatural is at work.",2019-09-26,41.6178,7.83,/auRAAVxlyT6YACql96UdtnpFHy3.jpg,"Crime, Drama, Mystery"
Stargate Atlantis,series,"[10765, 10759, 18]","With the Ancients' city of Atlantis discovered in the Pegasus Galaxy by Stargate Command, Dr. Elizabeth Weir and Major Sheppard lead a scientific expedition to the ancient abandoned city. Once there, the team not only find themselves unable to contact Earth, but their explorations unexpectedly reawaken the Ancients' deadly enemies, The Wraith, who hunger for this new prey. Now with the help of newfound local allies like Teyla Emmagan, the Atlantis Team sets about to uncover their new home's secrets even as their war of survival against the Wraith begins.",2004-07-15,47.8278,8.039,/l0JYr2iqwId6VOmCV8dHzlIM6Wd.jpg,"Sci-Fi & Fantasy, Action & Adventure, Drama"
The Terminal List: Dark Wolf,series,"[10759, 18]","Before The Terminal List, Navy SEAL Ben Edwards finds himself entangled in the black operations side of the CIA. The deeper Ben goes into the 'gray', the harder it will become to not give himself over to his darker impulses. Every man has two wolves inside him – light and dark – fighting for control. Which wolf will Ben Edwards feed?",2025-08-27,44.6685,7.635,/9mYeRoWguq5etbwJRdF8BXFKiF.jpg,"Action & Adventure, Drama"
X-Men '97,series,"[16, 10759, 10765]","The X-Men, a band of mutants who use their uncanny gifts to protect a world that hates and fears them, are challenged like never before, forced to face a dangerous and unexpected new future.",2024-03-20,46.2941,8.689,/2HKBc5UiFw8JrruHq8S1Y7TnlW0.jpg,"Animation, Action & Adventure, Sci-Fi & Fantasy"
The Agency,series,"[18, 9648]","Covert CIA agent Martian is ordered to abandon his undercover life and return to London Station. When the love he left behind unexpectedly reappears, their romance reignites, pitting his career, his real identity and his mission against his heart while hurling them both into a deadly game of international intrigue and espionage.",2024-12-01,46.1038,7.23,/zoLZbm5gtTQurjMxp5VOdHIpMmz.jpg,"Drama, Mystery"
Heartland,series,"[10751, 18, 35]","Life is hard on the Flemings' ranch in the Alberta foothills where abused or neglected horses find refuge with a kind, hard-working family. Debts abound and the bank is about to foreclose. Can they keep the ranch running?",2007-10-14,45.7827,8.25,/uc2gtWczT58BiAUJWFz9P5aZmNF.jpg,"Family, Drama, Comedy"
Génial!,series,"[10751, 10767]",Two teams composed of a known personality and a contestant chosen from the public battle to guess the outcomes of astonishing scientific experiments.,2010-09-09,52.0405,2.9,/wZ8n9gzzHxLeH6e0XW42CBKVnaP.jpg,"Family, Talk"
Boardwalk Empire,series,"[80, 18]","Atlantic City at the dawn of Prohibition is a place where the rules don't apply. And the man who runs things -- legally and otherwise -- is the town's treasurer, Enoch ""Nucky"" Thompson, who is equal parts politician and gangster.",2010-09-19,51.2217,8.021,/zyHLWVmqS8m7bxABJjcDFMYLdF8.jpg,"Crime, Drama"
MacGyver,series,"[18, 10759, 80]","He's everyone's favorite action hero... but he's a hero with a difference. Angus MacGyver is a secret agent whose wits are his deadliest weapon. Armed with only a knapsack filled with everyday items he picks up along the way, he improvises his way out of every peril the bad guys throw at him.

Making a bomb out of chewing gum? Fixing a speeding car's breaks... while he's riding in it? Using soda pop to cook up tear gas? That's all in a day's adventures for MacGyver. He's part Boy Scout, part genius. And all hero.",1985-09-29,47.5627,7.724,/zhgJNHbFxGkqdsKdkZLBrDWagOv.jpg,"Drama, Action & Adventure, Crime"
Face the Nation,series,"[10763, 10767]","Face The Nation with Margaret Brennan is an American Sunday morning political interview show, which premiered on the CBS television network. It is one of the longest-running news programs in television history, having debuted in 1954.",1954-11-07,46.2735,8.5,/q0RZ8mFg9MHBsMfqESTvhS5WkiT.jpg,"News, Talk"
Jeugdjournaal,series,[],"Jeugdjournaal is a Dutch television news programme produced by the Dutch public service broadcaster NOS for children. The programme has been broadcast since 1981.

The aim of Jeugdjournaal is to present news that is both of interest and understanding to young viewers, without shying away from the main national and international news headlines. The broadcasts are viewed extensively by older viewers; about one-sixth of the programme's viewership are adults.

Jeugdjournaal is involved in setting up similar shows in several countries where neutral news broadcasts are scarce.

A main evening programme airs at 6:45pm, running for 15 minutes every night on Nederland 3. A 5-minute update also airs on weekdays at 4:25pm. The short afternoon updates and a weekly compilation programme are broadcast on the international Dutch-language television station, BVN.",1981-01-05,50.3093,9.0,,
Call the Midwife,series,[18],"Drama following the lives of a group of midwives working in the poverty-stricken East End of London during the 1950s, based on the best-selling memoirs of Jennifer Worth.",2012-01-15,52.7917,7.6,/b1p0nL00x563ACkcmGNIRP4ZnkA.jpg,Drama
Dawson's Creek,series,"[18, 10766]",Dawson's Creek is an American teen drama that portrays the fictional lives of a close-knit group of teenagers through high school and college.,1998-01-20,45.2744,7.311,/arT93dBemanftfWTcf9I0JRIlxU.jpg,"Drama, Soap"
Patiala Babes,series,[18],"Mini, a young girl, encourages her traditional mother, Babita, to realise her worth and fulfil her dreams.",2018-11-27,37.2327,7.0,/tqUw97o2fPLTWMHV6k6BS5pugBm.jpg,Drama
Shin Chan,series,"[16, 35]","Shin-chan, the boy next door, is a walking disaster, creating chaos wherever he goes. With the body of a child and the mind of an adult, Shinchan is wreaking more havoc than any child before. Shin-chan is carefree, optimistic and gets excited about everything. This 5 year-old likes to do things his way.",1992-04-13,44.6677,7.8,/zg19Paur3lVVSh8J4LJVO1wgBIg.jpg,"Animation, Comedy"
The Lucy Show,series,[35],"The Lucy Show is an American sitcom that aired on CBS from 1962–68. It was Lucille Ball's follow-up to I Love Lucy. A significant change in cast and premise for the 1965–66 season divides the program into two distinct eras; aside from Ball, only Gale Gordon, who joined the program for its second season, remained. For the first three seasons, Vivian Vance was the co-star.

The earliest scripts were entitled The Lucille Ball Show, but when this title was declined, producers thought of calling the show This Is Lucy or The New Adventures of Lucy, before deciding on the title The Lucy Show. Ball won consecutive Emmy Awards as Outstanding Lead Actress in a Comedy Series for the series' final two seasons, 1966–67 and 1967–68.",1962-10-01,40.6783,7.0,/sdmFoI7pKzE4XoIVrVNt4ouXlbH.jpg,Comedy
Horizon,series,[99],"Horizon tells amazing science stories, unravels mysteries and reveals worlds you've never seen before.",1964-02-04,51.0641,7.471,/uX8pic7asQBdnwMB9QjPvTsn1Dw.jpg,Documentary
Daredevil: Born Again,series,"[18, 10759, 80]","Matt Murdock, a blind lawyer with heightened abilities, is fighting for justice through his bustling law firm, while former mob boss Wilson Fisk pursues his own political endeavors in New York. When their past identities begin to emerge, both men find themselves on an inevitable collision course.",2025-03-04,49.8256,8.17,/xDUoAsU8lQHOOoRkFiBuarmACDN.jpg,"Drama, Action & Adventure, Crime"
Déjame vivir,series,[18],"Déjame vivir is a telenovela made by Mexican TV network Televisa. This telenovela was broadcast in 1982. This is a remake of the 1969 Venezuelan soap opera Cristina starred by Marina Baura and Raul Amundaray. The reception for this telenovela was not good, in fact it was selected as the worst one of 1982.",1982-03-22,48.2677,7.0,/sMTkk0cTkeuar1GpPLvwhQo7QsW.jpg,Drama
Tom Clancy's Jack Ryan,series,"[10759, 18]","When CIA analyst Jack Ryan stumbles upon a suspicious series of bank transfers his search for answers pulls him from the safety of his desk job and catapults him into a deadly game of cat and mouse throughout Europe and the Middle East, with a rising terrorist figurehead preparing for a massive attack against the US and her allies.",2018-08-30,43.7846,7.682,/cO4py3L3q5GNPrA0qr1wVDrosK1.jpg,"Action & Adventure, Drama"
Hazbin Hotel,series,"[16, 35, 18, 10765]","In attempt to find a non-violent alternative for reducing Hell's overpopulation, the daughter of Lucifer opens a rehabilitation hotel that offers a group of misfit demons a chance at redemption.",2024-01-18,50.4075,8.558,/aVYHMW8pdzJ9qG1OGRMKyGy9xor.jpg,"Animation, Comedy, Drama, Sci-Fi & Fantasy"
Baywatch,series,"[10759, 18, 80]",Join the Baywatch lifeguards on their thrilling adventures filled with beautiful beaches and those iconic red swimsuits.,1989-04-23,43.5941,5.971,/34t8WxHn1OcIVpcTxmjYmjX9tE4.jpg,"Action & Adventure, Drama, Crime"
Murphy Brown,series,[35],"Murphy Brown (Candice Bergen) is a recovering alcoholic who returns to the fictional newsmagazine FYI for the first time following a stay at the Betty Ford Clinic residential treatment center. Over 40 and single, she is sharp tongued and hard as nails. In her profession, she is considered one of the boys, having shattered many glass ceilings encountered during her career. Dominating the FYI news magazine, she is portrayed as one of America's hardest-hitting (though not the warmest or more sympathetic) media personalities.",1988-11-14,43.6036,6.495,/o3y2BwrzJQPojl0ZaqNq8O9VDFq.jpg,Comedy
Community,series,[35],"Follow the lives of a group of students at what is possibly the world’s worst community college in the fictional locale of Greendale, Colorado.",2009-09-17,51.0687,7.998,/3KUjDt8XY7w2Ku70UE0SECmv1zP.jpg,Comedy
The Summer I Turned Pretty,series,[18],"Every summer, Belly and her family head to the Fishers’ beach house in Cousins. Every summer is the same ... until Belly turns sixteen. Relationships will be tested, painful truths will be revealed, and Belly will be forever changed. It’s a summer of first love, first heartbreak and growing up — it's the summer she turns pretty.",2022-06-16,47.7795,8.07,/xBIz53wYWsKfFpN0TaizVAjKJ0z.jpg,Drama
Teenage Mutant Ninja Turtles,series,"[10759, 16, 35, 10762]","Four turtles fall into the sewers and are befriended by Hamato Yoshi a Japanese man sent to New York who was forced to live in the sewers. One day he sees a strange green glow which transforms the four turtles into human-like creatures. Hamato (now Master Splinter) changes into a giant rat from the green glow and teaches the turtles the skills of the ninja as they team up with news reporter April O'Neil to battle against Yoshi's arch enemy Shredder and Krang, an alien warlord from Dimension X.",1987-12-14,44.2257,7.76,/AaihPizftZo5YCqzEgHMwkceaEo.jpg,"Action & Adventure, Animation, Comedy, Kids"
Dating Naked UK,series,[10764],"In the pursuit of love, 10 singles take the brave steps of stripping off before entering a daring, dating experience. Unclothed they must begin to get to know each other, before their connections are put at risk.",2024-08-23,43.4471,8.22,/tWHl9QaUaz4sKEUk1qCaGqQDARq.jpg,Reality
The Last Kingdom,series,"[10759, 18, 10768]","A show of heroic deeds and epic battles with a thematic depth that embraces politics, religion, warfare, courage, love, loyalty and our universal search for identity. Combining real historical figures and events with fictional characters, it is the story of how a people combined their strength under one of the most iconic kings of history in order to reclaim their land for themselves and build a place they call home.",2015-10-10,46.0468,8.261,/8eJf0hxgIhE6QSxbtuNCekTddy1.jpg,"Action & Adventure, Drama, War & Politics"
Taxi,series,"[35, 18]","Louie De Palma is a cantankerous, acerbic taxi dispatcher in New York City. He tries to maintain order over a collection of varied and strange characters who drive for him. As he bullies and insults them from the safety of his “cage,” they form a special bond among themselves, becoming friends and supporting each other through the inevitable trials and tribulations of life.",1978-09-12,44.1076,7.315,/pua3A2XSaO6bP6WhVDBRbcyRTAS.jpg,"Comedy, Drama"
Quiet Please!,series,"[16, 35]","One month into living on his own, Yi-hyuk was hoping for an exciting, dramatic start to his independent life—but not this kind of drama. What he doesn’t expect is to be tormented by the thunderous noise coming from the apartment next door. Determined to put an end to it, he confronts his neighbor—only to make things infinitely worse when he accidentally punches him in the face.Yi-hyuk tries everything—from childish pranks to petty power plays—but his neighbor just won’t budge. He even pleads on his knees to make the noise stop. Just when it seems the feud will never end, they finally manage to call an uneasy truce.And somewhere along the way, Yi-hyuk realizes he might be falling for the very person who once drove him up the wall.",2025-09-02,44.703,7.6,/hF9WdEMmEndkkBpOGSzez6Adjdw.jpg,"Animation, Comedy"
Bewitched,series,"[10765, 35, 10751, 18]","Samantha Stephens is a seemingly normal suburban housewife who also happens to be a genuine witch, with all the requisite magical powers. Her husband Darrin insists that Samantha keep her witchcraft under wraps, but situations invariably require her to indulge her powers while keeping her bothersome mother Endora at bay.",1964-09-17,50.7388,7.857,/7UZVO1SclbgVWM2ELrwWGaS7i94.jpg,"Sci-Fi & Fantasy, Comedy, Family, Drama"
Palang Tod,series,[18],Palang Tod is an erotic web series which tells a separate story in each episode.,2020-12-25,42.6157,1.0,/3jAeJu40uKy0ondWdzQxu0A97MT.jpg,Drama
Star Trek: Discovery,series,"[10765, 10759, 18]","Follow the voyages of Starfleet on their missions to discover new worlds and new life forms, and one Starfleet officer who must learn that to truly understand all things alien, you must first understand yourself.",2017-09-24,46.0418,6.938,/xwpOHgym48Ftz7fbJq5te5xoiwu.jpg,"Sci-Fi & Fantasy, Action & Adventure, Drama"
Magnum P.I.,series,"[10759, 18, 80]","Thomas Magnum, a decorated former Navy SEAL, returns home from Afghanistan and applies his military skills to become a private investigator in Hawaii taking jobs no one else will—with the help of fellow vets T.C. Calvin and Rick Wright, and former MI:6 agent, Juliet Higgins.",2018-09-24,45.297,7.553,/hN7DKusbmKPqSZnMG5hemioMAiE.jpg,"Action & Adventure, Drama, Crime"
Little House on the Prairie,series,"[37, 18, 10751]","When the big woods of Wisconsin becomes a difficult spot for hunting, Charles Ingalls reluctantly decides to move his family, pioneering west. Their life on the farm in Walnut Grove, Minnesota, in the 1870s and 1880s is full of adventure, tragedy, and triumph. Based on the books of Laura Ingalls Wilder.",1974-09-11,43.7323,7.979,/eVpvlqKZfEVsBOttNFTUyfPoA6K.jpg,"Western, Drama, Family"
Lie to Me,series,"[80, 18, 9648]","The world's leading deception researcher, Dr. Cal Lightman, studies facial expression, body language and tone of voice to determine when a person is lying and why, which helps law enforcement and government agencies uncover the truth. But his skills also make it easier for him to deceive others.",2009-01-21,46.3566,7.882,/2xpQxwsGYtdGDrmLvCosTZ0I54R.jpg,"Crime, Drama, Mystery"
Little House on the Prairie,series,"[37, 18, 10751]","When the big woods of Wisconsin becomes a difficult spot for hunting, Charles Ingalls reluctantly decides to move his family, pioneering west. Their life on the farm in Walnut Grove, Minnesota, in the 1870s and 1880s is full of adventure, tragedy, and triumph. Based on the books of Laura Ingalls Wilder.",1974-09-11,43.7323,7.979,/eVpvlqKZfEVsBOttNFTUyfPoA6K.jpg,"Western, Drama, Family"
Lie to Me,series,"[80, 18, 9648]","The world's leading deception researcher, Dr. Cal Lightman, studies facial expression, body language and tone of voice to determine when a person is lying and why, which helps law enforcement and government agencies uncover the truth. But his skills also make it easier for him to deceive others.",2009-01-21,46.3566,7.882,/2xpQxwsGYtdGDrmLvCosTZ0I54R.jpg,"Crime, Drama, Mystery"
Chainsmoker Cat,series,"[16, 35, 10765]","Catgirl Yani struggles to pay her rent and keep a job while feeding her smoking habit. As her loved ones' concerns grow, she must rethink her future.",2026-07-03,40.8219,8.6,/kqeKlSd7o9BCbTraZsDnksRSfxm.jpg,"Animation, Comedy, Sci-Fi & Fantasy"
Yu-Gi-Oh! Duel Monsters,series,"[16, 10759]","Bullies often target someone frail and weak—someone exactly like Yûgi Muto. He treasures his Millennium Puzzle, an ancient Egyptian artifact that was brought into his grandfather's game shop. Believing that solving the puzzle will grant him his wish, he completes the puzzle, unleashing a new personality within him, the soul of the ""King of Games."" The new personality named Yami Yûgi is the exact opposite of Yûgi. Upon any injustice toward him, Yami Yûgi takes over Yûgi's body and forces the opponent into a ""Shadow Game"".",2000-04-18,44.5827,8.247,/mM6c5ISlyKWtie2hGiZWo6hmlhU.jpg,"Animation, Action & Adventure"
Simon & Simon,series,[18],"A.J. Simon is a polished fellow with a taste for classic cars and tailored suits. Rick Simon is his less refined (but still pleasant) older brother who has a taste for cowboy boots and four-wheel drive pickups. The two of them live in San Diego, where they own a private detective agency.",1981-11-24,48.1508,6.737,/h1wId4z79SQOOhEnc3oEqf3qpro.jpg,Drama
Mom,series,"[35, 18]","Aan irreverent and outrageous take on true family love‐and dysfunction. Newly sober single mom Christy struggles to raise two children in a world full of temptations and pitfalls. Testing her sobriety is her formerly estranged mother, now back in Christy's life and eager to share passive-aggressive insights into her daughter's many mistakes.",2013-09-23,46.5799,7.313,/kIi3T7X0kmiV9vGDme146P2d979.jpg,"Comedy, Drama"
The Rewatchables,series,[10767],Bill Simmons and a roundtable of movie lovers from the Ringer universe discuss movies they can’t seem to stop watching.,2015-12-22,40.1995,9.5,/eWBAtTAmDK1a0kIe4RLPEXyVTWs.jpg,Talk
Dynasty,series,"[10766, 18]","The saga of a wealthy Denver family in the oil business: Blake Carrington, the patriarch; Krystle, his former secretary and wife; his children: Adam, lost in childhood after a kidnapping; Fallon, pampered and spoiled; Steven, openly gay; and Amanda, hidden from him by his ex-wife, the conniving Alexis. Most of the show features the conflict between 2 large corporations, Blake's Denver Carrington and Alexis' ColbyCo.",1981-01-12,47.6613,6.519,/wxKEdlB4Zuq2THGqKYLnGKU37g9.jpg,"Soap, Drama"
The Amazing World of Gumball,series,"[16, 10751, 10765, 35]","The life of Gumball Watterson, a 12-year old cat who attends middle school in Elmore. Accompanied by his pet, adoptive brother, and best friend Darwin Watterson, he frequently finds himself involved in various shenanigans around the city, during which he interacts with various family members: Anais, Richard, and Nicole Watterson, and other various citizens.",2011-05-03,48.8473,8.538,/VYnnyA2hyxi3VUPgCA71mMtt69.jpg,"Animation, Family, Sci-Fi & Fantasy, Comedy"
Rescue Me,series,[18],"The aftermath of 9/11 has left the firefighters of the NYFD traumatized, and no one more so than Tommy Gavin. Recently separated from his wife and their three kids, Tommy drifts between sorrow and anger as he tries to shake the recurring nightmares of his fallen comrades, especially his late cousin, Jimmy Keefe. Working alongside veterans like Lt. “Lou” Shea, Franco Rivera and Sean Garrity, and rookie Mike Lombardi, Tommy battles alcohol and drugs as he struggles to remain first and foremost a New York City firefighter.",2004-07-21,52.1215,7.544,/gnOwOb82chSJkQEZ9pd6jf2ZrEX.jpg,Drama
The Ladies' Paradise,series,"[35, 10766, 18]","Follow Teresa Iorio, a young woman who leaves her rural Sicilian hometown for Milan to find work--and much more--at a newly opened department store: The Ladies' Paradise.",2015-12-08,44.4988,7.656,/1XKjPCtprWqjKhTiyYORVwgWePA.jpg,"Comedy, Soap, Drama"
Hudson & Rex,series,"[18, 80]","Detective Charlie Hudson teams up with what he calls his ""highly trained law enforcement animal"" German Shepherd dog named Rex who he prefers to team up with because he doesn't talk his ear off.

Based on the Austrian–Italian series, Kommissar Rex.",2019-02-25,42.8373,8.375,/l5N985pVvDC41QwEprORSoGz3Q5.jpg,"Drama, Crime"
The Eminence in Shadow,series,"[16, 35, 10765, 10759]","Shadowbrokers are those who go unnoticed, posing as unremarkable people, when in truth, they control everything from behind the scenes. Sid wants to be someone just like that more than anything, and something as insignificant as boring reality isn’t going to get in his way! He trains in secret every single night, preparing for his eventual rise to power—only to be denied his destiny by a run-of-the-mill (yet deadly) traffic accident. But when he wakes up in a another world and suddenly finds himself at the head of an actual secret organization doing battle with evil in the shadows, he’ll finally get a chance to act out all of his delusional fantasies!",2022-10-05,45.2335,8.056,/7JKYmtLydAwo9ZsEmAknZiO4U8g.jpg,"Animation, Comedy, Sci-Fi & Fantasy, Action & Adventure"
Sale of the Century,series,[10751],"$ale of the Century was an Australian game show that aired on the Nine Network from 14 July 1980 – 29 November 2001. Tony Barber hosted a game show with essentially the same format under the title Temptation from 1970 to 1976, and was also the initial host of Sale for over a decade before being replaced by Glenn Ridge in 1991. Hostesses over the years have included Victoria Nicholls, Delvene Delaney, Alyce Platt, Jo Bailey, Nicky Buckley and Karina Brown. Pete Smith was Sale's announcer for the majority of its run. Ron Neate was announcer for only the first ten episodes in 1980 before Smith took over.

From 30 May 2005 – 23 January 2009, the series was revived under its original Australian title, Temptation.

The Sale of the Century format has been used internationally.",1980-07-14,47.6946,4.8,/lN60OogUKs06REoxDZSQ0npDFKC.jpg,Family
HaHaHaHaHa,series,[10764],Road-type outdoor reality show. The five-kazakhstan tour group takes time out of the busy and trivial daily life to embark on a journey from east to west across China.,2020-11-06,38.3334,7.444,/wynP4QFfZNYHW0ETAbKVY9UjSbF.jpg,Reality
AVN Awards,series,[10764],"The AVN Awards are movie awards sponsored and presented by the American adult video industry trade magazine AVN (Adult Video News) to honor exceptional performance in various aspects of the creation and marketing of American pornographic movies. The ""Oscars of porn"".",,41.6074,5.9,/7f6wnV0tkxn5sif7LqjyzN6eLk6.jpg,Reality
Squid Game,series,"[10759, 9648, 18]","Hundreds of cash-strapped players accept a strange invitation to compete in children's games. Inside, a tempting prize awaits — with deadly high stakes.",2021-09-17,54.8325,7.855,/1QdXdRYfktUSONkl1oD5gc6Be0s.jpg,"Action & Adventure, Mystery, Drama"
The Rockford Files,series,"[80, 18, 9648]","Cranky but likable L.A. PI Jim Rockford pulls no punches (but takes plenty of them). An ex-con sent to the slammer for a crime he didn't commit, Rockford takes on cases others don't want, aided by his tough old man, his lawyer girlfriend and some shady associates from his past.",1974-09-13,42.2225,7.611,/fniHEsTeqHMg41GlCYJxZVgtn7H.jpg,"Crime, Drama, Mystery"
Summer Time Rendering,series,"[16, 18, 9648]","Shinpei Ajiro travels home to attend the funeral of a childhood friend, and finds the remote island plagued by a sinister, supernatural force.",2022-04-15,41.1246,8.1,/m9e7chRW8Q8Go1Dv00RCUHbMoNe.jpg,"Animation, Drama, Mystery"
Hill Street Blues,series,"[18, 80]",A realistic glimpse into the daily lives of the officers and detectives at an urban police station.,1981-01-15,45.5392,7.618,/elvCmYxmwVzv2va3rLKponOJOfm.jpg,"Drama, Crime"
Vera,series,"[80, 18, 9648]","A sharp detective with a messy life, DCI Vera Stanhope patrols her “patch” of northeast England, pursuing the truth in cases of murder, kidnapping, and blackmail. Vera is obsessive about her work and faces the world with caustic wit, guile and courage.",2011-05-01,42.8958,7.393,/yeYImRVVEX6LM2151oEkmNUKLVR.jpg,"Crime, Drama, Mystery"
Abendschau,series,[10767],The Berliner Abendschau is the news magazine for Berlin.,2000-05-04,44.5762,4.333,/96H80JGXSEdqzRJpXiuSZfJ13K7.jpg,Talk
Elsbeth,series,"[80, 18, 35]","After her successful career in Chicago, Elsbeth Tascioni, an astute but unconventional attorney, utilizes her singular point of view to make unique observations and corner brilliant criminals alongside the NYPD.",2024-02-29,42.9468,6.744,/7lnNSbT90qwtrn1h9TvEkVFMz2P.jpg,"Crime, Drama, Comedy"
Bull,series,"[80, 18, 35]","Dr. Jason Bull is the brilliant, brash, and charming founder of a hugely successful trial consulting firm.",2016-09-20,44.115,7.053,/r6bM2rNjSk5b9gWBOOKCVgKbjc0.jpg,"Crime, Drama, Comedy"
Madam Secretary,series,"[18, 10768]","After years away from the CIA, Elizabeth McCord is pulled back into the political arena. The newly appointed Secretary of State is tough, fair, and smart, driving international diplomacy, wrangling office politics, and circumventing protocol as she negotiates global and domestic issues, both at the White House and at home.",2014-09-21,42.38,7.017,/6Nl1ablo4DNTLb4ZH7Mycz81AEt.jpg,"Drama, War & Politics"
Pleasant Goat and Big Big Wolf,series,"[16, 10762, 10759, 35, 10765]","Pleasant Goat and Big Big Wolf is a Chinese animated television series which was created by Huang Weiming, Lin Yuting and Luo Yinggeng, and produced by Creative Power Entertaining. The show is about a group of goats living on the Green Pasture, Qing Qing Grasslands/Plains, and the story revolving around a clumsy wolf who wants to eat them.  Toon Express Group owns the copyrights of the characters.",2005-08-03,45.6372,7.4,/3TEX73koX9NroUA9lVwFDMTZtaC.jpg,"Animation, Kids, Action & Adventure, Comedy, Sci-Fi & Fantasy"
The Big Bang Theory,series,[35],Physicists Leonard and Sheldon find their nerd-centric social circle with pals Howard and Raj expanding when aspiring actress Penny moves in next door.,2007-09-24,45.7066,7.926,/euKFiO5M125rpngFRBbSW83beeI.jpg,Comedy
Stand-up Comedy,series,"[10767, 35]","A professional comedy talk show competition program, the program invites outstanding stand-up artists at home and abroad to share happiness, convey a positive attitude to life and comedy spirit.",2024-08-20,43.283,5.8,/vFJYt5Pi5Pjc3CKU58oonfXRCio.jpg,"Talk, Comedy"
Ranma ½,series,"[35, 10759, 16, 10765]","Ranma Saotome, a teenage martial artist, and his father Genma travel to the 'cursed training ground' of Jusenkyo in China. There, despite the warnings of the Chinese guard, they fall into the cursed springs. From now on, whenever Ranma is doused in cold water, he turns into a girl and a cute, well-built redhead at that. Hot water changes him back into a man again, but only until the next time. To make matters worse, his father engages him to Akane Tendo, a girl who hates boys.",1989-04-15,45.0499,8.618,/qb1R5iLZcjIgdDIfXFQXmJadQPI.jpg,"Comedy, Action & Adventure, Animation, Sci-Fi & Fantasy"
My Happy Marriage,series,"[16, 18, 10765]","Miyo's abusive family deems her worthless – but together with her powerful husband-to-be, her true self and hidden powers slowly begin to shine.",2023-07-05,44.7792,8.272,/5RZIBqSYHhpQF6s8Dgw2aXlA4ZS.jpg,"Animation, Drama, Sci-Fi & Fantasy"
Girl Meets World,series,"[35, 10751]","The adventures of relatable and adventurous Riley Matthews, the tween daughter of Cory and Topanga Matthews, and her bold best friend Maya as they traverse the twists and turns of teenage years at Manhattan's John Quincy Adams Middle School where Riley's dad is their History teacher.",2014-06-27,37.2051,8.288,/8E1i8j6GVT7wMzw8CtqzifRpr5R.jpg,"Comedy, Family"
black-ish,series,[35],"A family man struggles to gain a sense of cultural identity while raising his kids in a predominantly white, upper-middle-class neighborhood.",2014-09-24,43.9911,7.052,/ga1zJ6UejPIfyL8BA22pK6dqsC8.jpg,Comedy
Egoli: Place of Gold,series,[10766],"A South African television soap opera created by Franz Marx which revolves around the daily ups, downs, trials and tribulations of a handful of families in and around Johannesburg (which is often referred to as eGoli - the City of Gold)",1992-04-06,49.2203,7.2,/l8ivo9sEkKrLYRsNeyaVmAbH0eg.jpg,Soap
Six Feet Under,series,[18],"When death is your business, what is your life? For the Fisher family, the world outside of their family-owned funeral home continues to be at least as challenging as—and far less predictable than—the one inside.",2001-06-03,47.4767,8.1,/sCgzLaVlFy8KxtxRPvt1V5MNTDb.jpg,Drama
Death Note,series,"[16, 9648, 10765]","Light Yagami is an ace student with great prospects—and he’s bored out of his mind. But all that changes when he finds the Death Note, a notebook dropped by a rogue Shinigami death god. Any human whose name is written in the notebook dies, and Light has vowed to use the power of the Death Note to rid the world of evil. But will Light succeed in his noble goal, or will the Death Note turn him into the very thing he fights against?",2006-10-04,44.1342,8.621,/tCZFfYTIwrR7n94J6G14Y4hAFU6.jpg,"Animation, Mystery, Sci-Fi & Fantasy"
Northern Exposure,series,"[35, 18, 10765]","After receiving a scholarship from the state, a recent Columbia University medical school graduate is required to set up his practice in an eccentric Alaskan town.",1990-07-12,40.8779,7.846,/BUSw61C2kNoMuKFQTamIgqMC5.jpg,"Comedy, Drama, Sci-Fi & Fantasy"
Peacemaker,series,"[10759, 10765, 35]","The continuing story of Peacemaker, a vainglorious superhero/supervillain who believes in peace at any cost — no matter how many people he has to kill. After a miraculous recovery from his duel with Bloodsport, Peacemaker soon discovers that his freedom comes at a price.",2022-01-13,44.6778,8.181,/eYzbGcYnOUlvj2fa76pTgIXogd7.jpg,"Action & Adventure, Sci-Fi & Fantasy, Comedy"
Judging Amy,series,[18],"Judging Amy is an American television drama that was telecast from September 19, 1999, through May 3, 2005, on CBS-TV. This TV series starred Amy Brenneman and Tyne Daly. Its main character is a judge who serves in a family court, and in addition to the family-related cases that she adjudicates, many episodes of the show focus on her own experiences as a divorced mother, and on the experiences of her mother, a social worker who works in the field of child welfare. This series was based on the life experiences of Brenneman's mother.",1999-09-19,41.9409,7.5,/5Znl8HNStdoHHy0hqdljpDZnVRn.jpg,Drama
Haikyu!!,series,"[16, 35, 18]","Inspired by a small-statured pro volleyball player, Hinata creates a volleyball team in his last year of middle school. Unfortunately the team is matched up against the ""King of the Court"" Tobio Kageyama’s team in their first tournament and inevitably lose. After the crushing defeat, Hinata vows to surpass Kageyama After entering high school, Hinata joins the volleyball team only to find that Tobio has also joined.",2014-04-06,42.3,8.619,/8WEr48swcqe89Zsy5sdrGCASlIg.jpg,"Animation, Comedy, Drama"
Hart to Hart,series,"[10759, 80, 9648]","Wealthy couple Jonathan and Jennifer Hart, a self-made millionaire and his journalist wife, moonlight as amateur detectives.",1979-09-22,39.7214,6.866,/rK7eHDVQVYwwuxf91rmSNn6ykQn.jpg,"Action & Adventure, Crime, Mystery"
Strawberries with Sugar,series,"[18, 35, 10766]","Across several generations, groups of young Portuguese people navigate school life and summer holidays while dealing with friendships, first loves, rivalries, family conflicts and decisions that shape their future. Each season introduces new protagonists, schools and challenges, exploring themes related to adolescence, identity, responsibility and belonging. Sport, music, dance and other forms of expression accompany their journeys of growing up, marked by dreams, choices and ever-changing relationships.",2003-08-30,49.3203,6.3,/uyzx0JkWOOF3Mfcq4uiuIr2Ykju.jpg,"Drama, Comedy, Soap"
The Facts of Life,series,"[18, 35]","Mrs. Edna Garrett, housemother and dietitian at the Eastland School, teaches a group of girls in her charge how to solve those problems that every teenager has to face.",1979-08-24,41.5138,7.1,/45i9VujUbQITmHl3QE3eNs9ZUv3.jpg,"Drama, Comedy"
Big City Greens,series,"[10751, 16, 35]","The offbeat adventures of 10-year-old Cricket Green, a mischievous and optimistic country boy who moves to the big city with his wildly out of place family – older sister Tilly, father Bill and Gramma Alice.",2018-06-18,38.1292,7.569,/buRk2Vrz8UhF5nZUOADSRZLEU1f.jpg,"Family, Animation, Comedy"
WWE Main Event,series,"[10759, 18, 10764]",WWE Main Event is a professional wrestling television program produced by WWE that airs on Peacock and streams on Hulu Plus in the United States. The show features WWE wrestlers and complements WWE's primary programs Raw and SmackDown.,2012-10-03,45.576,7.9,/yVZdqmVMI09F7GzFvDJCc36oBkT.jpg,"Action & Adventure, Drama, Reality"
Newsnight,series,[10763],A daily BBC Television current affairs programme which specialises in analysis and often robust cross-examination of senior politicians.,1980-01-30,49.6298,6.0,/t5WG6kBLS58hQmmCBxCC7FxGHOI.jpg,News
Ray Donovan,series,[18],"Set in the sprawling mecca of the rich and famous, Ray Donovan does the dirty work for LA's top power players, and makes their problems disappear. His father's unexpected release from prison sets off a chain of events that shakes the Donovan family to its core.",2013-06-30,37.4843,7.499,/cwJ6nLNvX62By0yoLYWFhRelPkF.jpg,Drama
In the Clear Moonlit Dusk,series,"[16, 18]","Yoi Takiguchi is a first-year high school student, admired for her handsome looks and honest heart, which earned her the nickname “Prince.” One day, she bumps into Kohaku Ichimura, an upperclassman and another “Prince.” As the two grow closer, is what blossoms between them friendship or love? A youthful love story about a boy and a girl who are both called “Princes” begins.",2026-01-11,35.4461,8.1,/qetD01amQRFX5ibXQ7rWLe6togE.jpg,"Animation, Drama"
DAS!,series,"[10767, 10763]","Every evening at 6:45 p.m. sharp, a prominent guest takes a seat on the red sofa—and DAS! provides daily updates on what's hot in the north.",1991-01-02,42.6099,4.7,/yMg0l6hxCnR94Fcl1F1IEkmG26V.jpg,"Talk, News"
Sweet Punishment: I'm the Guard's Personal Pet,series,[16],"The story is set in a prison in the near future. It revolves around Hina Saotome, imprisoned despite her innocence, and the elegant yet sadistic guard Aki Myoujin. Hina's heart and body are at the mercy of Myoujin's ""heartless yet sweet domination"" from physical examinations to lovers' prison visits.",2018-04-02,39.1798,7.2,/rbETzzJLGIB2Bg6NwNekWTKfM6d.jpg,Animation
Alternative Lifestyle,series,[35],"When Steve's web show Sourcefed is discontinued, Steve starts a new company with his friends Cib, James, and Parker. Although, Steve and the gang find themselves in tons of quirky situations.",2017-03-21,52.3699,10.0,/ipvmHz7jL6qGRy22kHqAPQGWMMV.jpg,Comedy
HELL MODE: The Hardcore Gamer Dominates in Another World with Garbage Balancing,series,"[16, 10759, 10765]","Kenichi Yamada, a single, 35-year-old businessman, has spent the majority of his adult life playing every MMORPG to hit the market. Tired of the constant cycle of repetitive, newbie-centric gameplay, he is immediately drawn in by the promise of a new game that, on top of being never-ending, offers up a ""Hell Mode""—a difficulty level that makes it nigh impossible to level up but also promises uncapped growth potential. Upon selecting the newly released Summoner class, Kenichi finds himself reborn as Allen, an infant in a serf family, with nothing but his wits and old memories to guide him.",2026-01-10,37.6484,7.364,/9m8MgXfAHbR4ELxrsQR8w0b5NQM.jpg,"Animation, Action & Adventure, Sci-Fi & Fantasy"
Ben 10,series,"[10762, 16, 35, 10759, 10765]","With the fifth offshoot of the ""Ben 10"" franchise, the animated series returns to its roots and its original name, bringing 10-year-old Benjamin ""Ben"" Tennyson, his cousin Gwen, and Grandpa Max back to life on a new summer vacation journey. As in the original, the stories in the remake of the series also spin around an alien wristwatch called ""the Omnitrix,"" with the help of Ben can turn into ten different aliens, which come up with different supernatural powers. He fights enemy aliens and experiences with his grandfather and cousin the most exciting vacation imaginable.",2016-10-01,51.0678,5.9,/a4H0UR7aUkGZlT6Q9r9grBrjJWR.jpg,"Kids, Animation, Comedy, Action & Adventure, Sci-Fi & Fantasy"
Hey Arnold!,series,"[16, 35, 18, 10751]","The daily life of Arnold--a fourth-grader with a wild imagination, street smarts and a head shaped like a football.",1996-10-07,43.7318,8.018,/c1Yv042okfvMdT1Ulwlat9Tj70B.jpg,"Animation, Comedy, Drama, Family"
Kaguya-sama: Love Is War,series,"[35, 16]","Considered a genius due to having the highest grades in the country, Miyuki Shirogane leads the prestigious Shuchiin Academy's student council as its president, working alongside the beautiful and wealthy vice president Kaguya Shinomiya. The two are often regarded as the perfect couple by students despite them not being in any sort of romantic relationship.",2019-01-12,42.0006,8.54,/5khbC6AuNgnvnoDbjIMKCOhEtIc.jpg,"Comedy, Animation"
Dexter's Laboratory,series,"[16, 35, 10765]","Dexter, a boy-genius with a secret laboratory, constantly battles his sister Dee Dee, who always gains access despite his best efforts to keep her out, as well as his arch-rival and neighbor, Mandark.",1996-04-28,45.0756,7.655,/inJJn8lUPWdvdy2h259UnoHWVqC.jpg,"Animation, Comedy, Sci-Fi & Fantasy"
Natural High,series,"[10764, 35]",Come and join Shen Teng and his friends as they step away from the bustling crowded cities and reconnect with the beautiful wild nature.,2023-08-13,41.8323,7.5,/mmvlxQ5AXuHLfKvyqkgCDZfVzxM.jpg,"Reality, Comedy"
Racing Heart,series,"[10766, 35, 18]","In childhood, Agrado meets João Raul during a radio contest in the countryside of Goiás. Like her, the boy dreams of becoming a singer, and the two decide to perform together a song composed by Agrado. However, unforeseen events separate them and lead to a misunderstanding that keeps them apart for many years. João Raul, now a major country music star, uses his social media platforms to search for Agrado, “the girl from his past,” who, unlike him, is still struggling to establish herself in the music industry.",2026-01-12,40.4182,5.5,/dwSw1affkj4DfdqkCfyhpSa4ueP.jpg,"Soap, Comedy, Drama"
Nashville,series,[18],"Rayna Jaymes and Juliette Barnes face personal and professional challenges as they navigate their paths as artists and individuals. Surrounding them, and often complicating their lives, are their family, friends and, in some cases, lovers, as well as the up-and-coming performers and songwriters trying to get ahead in the business.",2012-10-10,41.473,6.644,/oZ2K2cPeWURnQjCxrvSEnaEcIST.jpg,Drama
Nashville,series,[18],"Rayna Jaymes and Juliette Barnes face personal and professional challenges as they navigate their paths as artists and individuals. Surrounding them, and often complicating their lives, are their family, friends and, in some cases, lovers, as well as the up-and-coming performers and songwriters trying to get ahead in the business.",2012-10-10,41.473,6.644,/oZ2K2cPeWURnQjCxrvSEnaEcIST.jpg,Drama
Nature,series,"[99, 10751]","Consistently stunning documentaries transport viewers to far-flung locations ranging from the torrid African plains to the chilly splendours of icy Antarctica. The show's primary focus is on animals and ecosystems around the world. A comic book based on the show, meant to be used an as educational tool for kids, was briefly distributed to museums and schools at no cost in the mid-2000s.",1982-10-10,41.3928,7.944,/qRg5boKJdJhJKoGJdchVqPGQTEl.jpg,"Documentary, Family"
Dreams of Freedom,series,"[18, 10766]",Begoña Montes is a woman who lives trapped in a toxic marriage and seeks the long-awaited freedom in Spain in 1958.,2024-02-25,46.8082,6.1,/ohItaiKnas60gxQrfQCrCToWmGW.jpg,"Drama, Soap"
High School DxD,series,"[16, 10759, 35, 10765]","Issei Hyodo is your average perverted high school student whose one wish in life is to have his own harem, but he's got to be one of the unluckiest guys around. He goes on his first date with a girl only to get brutally attacked and killed when it turns out the girl is really a vicious fallen angel. To top it all off, he's later reincarnated as a devil by his gorgeous senpai who tells him that she is also a devil and now his master! One thing's for sure, his peaceful days are over. In a battle between devils and angels, who will win?",2012-01-06,45.8396,8.503,/5a9vaaLDAZTYjgfWIw7ZYhL1m1A.jpg,"Animation, Action & Adventure, Comedy, Sci-Fi & Fantasy"
My Life with the Walter Boys,series,[18],"When a tragedy disrupts her life, a teen moves in with her guardian's big family in a small town and learns new lessons about love, hope and friendship.",2023-12-07,40.9542,7.8,/dQOwpTpBQEqRUcev4423LrU32G6.jpg,Drama
Cyberpunk: Edgerunners,series,"[16, 10759, 10765, 80]","In a dystopia riddled with corruption and cybernetic implants, a talented but reckless street kid strives to become a mercenary outlaw — an edgerunner.",2022-09-13,42.4161,8.476,/lqcDVZ8pyk08AVftMBildDR3QUK.jpg,"Animation, Action & Adventure, Sci-Fi & Fantasy, Crime"
Reno 911!,series,[35],"This partially unscripted comedy brings viewers into the squad car as incompetent officers swing into action, answering 911 calls about everything from speeding violations and prostitution to staking out a drug den. Within each episode, viewers catch a ""fly on the wall"" glimpse of the cops' often politically incorrect opinions, ranging from their personal feelings to professional critiques of their colleagues.",2003-07-23,49.1654,7.244,/jIoeMgmcGdgTDqQUq4sDWFNsPUD.jpg,Comedy
The Flintstones,series,"[10751, 16, 35]","The misadventures of two modern-day Stone Age families, the Flintstones and the Rubbles.",1960-09-30,41.9197,7.438,/30P6ifagQ3fguTsI33KMmDLTAx6.jpg,"Family, Animation, Comedy"
New Looney Tunes,series,"[16, 35, 10751, 10762]","Wabbit is an animated series starring Bugs Bunny. The series features many other Looney Tunes characters including Wile E. Coyote, Yosemite Sam, and the Tasmanian Devil.",2015-09-21,40.9578,7.0,/AdROLFTm3nSnqcmkhPabqdRuETZ.jpg,"Animation, Comedy, Family, Kids"
Mr. Robot,series,"[80, 18]","A young programmer, Elliot, suffers from a debilitating anti-social disorder and decides that he can only connect to people by hacking them. He wields his skills as a weapon to protect the people that he cares about. Elliot finds himself in the intersection between a cybersecurity firm he works for and the underworld organizations that are recruiting him to bring down corporate America.",2015-06-24,49.1037,8.275,/kv1nRqgebSsREnd7vdC2pSGjpLo.jpg,"Crime, Drama"
The Mary Tyler Moore Show,series,[35],"30-year-old single Mary Richards moves to Minneapolis to start a new life after a romantic break-up. There she reacquaints with Phyllis who rents her a room, and meets her upstairs neighbor and new best friend Rhoda. Mary unexpectedly lands a job as associate producer at the TV station WJM, where she works alongside her bristly boss, Lou; the comical newswriter, Murray; and the newscast's often-incompetent anchor, Ted.",1970-09-19,52.3701,7.7,/nFsgsmK7isjtdEVTL35mJEQZHuO.jpg,Comedy
EastEnders,series,"[10766, 18, 80]","The everyday lives of working-class residents of Albert Square, a traditional Victorian square of terrace houses surrounding a park in the East End of London's Walford borough.",1985-02-19,45.6672,4.2,/ETFWCToRFx45vNAsNexh31ufSE.jpg,"Soap, Drama, Crime"
The Dick Van Dyke Show,series,[35],"The Dick Van Dyke Show centers around the work and home life of television comedy writer Rob Petrie. The plots generally revolve around problems at work, where Rob got into various comedic jams with fellow writers Buddy Sorrell, Sally Rogers and producer Mel Cooley.",1961-10-03,40.4403,7.6,/3eiFZrarzOd08323sHX7RbR7vdn.jpg,Comedy
Popcorn,series,"[10767, 35, 10763]","Basically, Popcorn is a weekly talkshow shot and broadcast live on Twitch. Then to decorate the tray, we made cups and... Popcorn is the show you watch at the bottom of your sofa on Tuesday evenings with your family, in transport on a podcast or in replay with your friends...",2019-09-14,47.325,0.0,/kc9pIt2XJP7FOVpvv5lqGHjwW5Z.jpg,"Talk, Comedy, News"
V.I.P.,series,"[10759, 35, 80]","While attending a Hollywood premiere with a famous action star, a crazed fan pulls a gun—but her movie hunk turns into a coward, and it's Vallery who becomes the hero. Suddenly, she's thrown into a world of action and danger as owner of a Hollywood protection agency, Vallery Irons Protection (V.I.P.), taking risks to protect others at a price few are willing to pay.",1998-09-26,40.7294,5.343,/2pHBPVGn2DpYEAHBdT62nc0untt.jpg,"Action & Adventure, Comedy, Crime"
Fireman Sam,series,"[10762, 16, 35, 10751]","Follow the adventures of fireman Sam and his colleagues as they protect the citizens of the Welsh town of Pontypandy. Whenever the alarm sounds, brave Sam and his co-workers can be counted on to jump into a fire engine, hop onto a helicopter, or even launch an inflatable lifeboat to battle blazes, mount rescue missions, or provide medical attention to those in need.",1987-11-17,42.669,6.1,/sXsqaIOjemMuHxGu3XukIyVM7jN.jpg,"Kids, Animation, Comedy, Family"
The Talk,series,[10767],"A panel of well-known news and entertainment personalities discussing current events, pop culture, contemporary issues, family, celebrity and the trending topics of the day.",2010-10-18,45.2131,3.036,/7sizkzLu7RNowjfojv6eUn2tAzA.jpg,Talk
ChocoPro Wrestling,series,[],ChocoPro Wrestling is a wrestling promotion based in Japan.,2020-03-28,32.6628,0.0,/qa9HisPQmdbCae4sFS9Vi0CCqRt.jpg,
Hot Ones,series,"[10767, 35]",The show with hot questions and even hotter wings invites a famous guest over to eat and then interviews them while they're struggling through the heat.,2015-03-12,44.9106,7.1,/4uudasFgKCVQFNGqfanD6wEGVS1.jpg,"Talk, Comedy"
Murder in the Mountains,series,[80],"SOKO Kitzbühel is an Austrian television series produced by ORF and ZDF. It is a spin-off of the German crime series SOKO 5113. It is set in the renowned Tyrolean tourist centre of Kitzbühel. The production company ""beo-Film"" has produced the show since 2001. The German abbreviation SOKO stands for Sonderkommission, ""special commission"", a task force with specific duties.",2001-11-15,39.4122,4.571,/ufi6NFLlPkFLhdbGbbMmj05Ezc3.jpg,Crime
Mannix,series,"[10759, 80, 9648, 18]","Mannix is an American television detective series that ran from 1967 through 1975 on CBS. Created by Richard Levinson and William Link and developed by executive producer Bruce Geller, the title character, Joe Mannix, is a private investigator. He is played by Mike Connors. Mannix was the last series produced by Desilu Productions.",1967-09-16,40.9127,6.839,/8Nh2D2dHKJnUbRHqLS5QsKWJuPb.jpg,"Action & Adventure, Crime, Mystery, Drama"
Wagon Train,series,"[37, 18, 10751]","The series initially starred veteran movie supporting actor Ward Bond as the wagon master, later replaced upon his death by John McIntire, and Robert Horton as the scout, subsequently replaced by lookalike Robert Fuller a year after Horton had decided to leave the series.

The series was inspired by the 1950 film Wagon Master directed by John Ford and starring Ben Johnson, Harry Carey Jr. and Ward Bond, and harkens back to the early widescreen wagon train epic The Big Trail starring John Wayne and featuring Bond in his first major screen appearance playing a supporting role. Horton's buckskin outfit as the scout in the first season of the television series resembles Wayne's, who also played the wagon train's scout in the earlier film.",1957-09-18,46.3768,6.645,/csC6kMTKWmOcy9nKZEgdwd7Frb9.jpg,"Western, Drama, Family"
My Hero Academia: Vigilantes,series,"[16, 10759, 18, 10765]","After a life-changing incident, timid college student Koichi Haimawari accepts an offer from revered vigilante Knuckleduster to train as his protégé.",2025-04-07,38.6306,7.716,/iv0cXt6uJGlTryWZNQMGyum4Pme.jpg,"Animation, Action & Adventure, Drama, Sci-Fi & Fantasy"
Keeping Up with the Kardashians,series,[10764],"A peek inside the exploits and privileged private lives of the blended Kardashian-Jenner family, including sisters Kim, Kourtney and Khloé.",2007-10-14,40.3907,7.346,/nddXOC8wYpIDv7giLzjjqIg8WDA.jpg,Reality
【OSHI NO KO】,series,"[16, 18]",A small-town doctor gets sucked into the ruthless world of show business when he crosses paths with a popular teen idol who holds a secret.,2023-04-12,42.2276,8.288,/qoW507a8RoGbpILCxt2N87USn8H.jpg,"Animation, Drama"
L.A. Law,series,"[18, 10768]","L.A. Law is an American television legal drama series that ran for eight seasons on NBC from September 15, 1986, to May 19, 1994.

Created by Steven Bochco and Terry Louise Fisher, it contained many of Bochco's trademark features including a large number of parallel storylines, social drama and off-the-wall humor. It reflected the social and cultural ideologies of the 1980s and early 1990s, and many of the cases featured on the show dealt with hot-topic issues such as abortion, racism, gay rights, homophobia, sexual harassment, AIDS, and domestic violence. The series often also reflected social tensions between the wealthy senior lawyer protagonists and their less well-paid junior staff.

The show was popular with audiences and critics, and won 15 Emmy Awards throughout its run, four of which were for Outstanding Drama Series.",1986-09-15,43.047,7.089,/hs1TBk6KlPBlnb7ybpqgK6IzcCx.jpg,"Drama, War & Politics"
A Fazenda,series,[10764],"A Fazenda is the current Brazilian version of the The Farm reality television show based on the Swedish television series of the same name that was originally created in 2001 by Strix and produced in association with Sony Entertainment and Endemol.

The show is based on a group of celebrities living together twenty-four hours a day in a Farm, isolated from the outside world while having all their steps followed by cameras around-the-clock, with no privacy for three months.

The contestants compete for the chance to win the grand prize by avoiding weekly eviction, until the last celebrity remains at the end of the season that can claim the grand prize. The show is presented by news reporter Britto Junior alongside actress Chris Couto and directed by Rodrigo Carelli. Record's website and a Record-owned pay-per-view channel offer round-the-clock coverage.",2009-05-31,44.9877,3.1,/yhtmlN21r2s4vCgpLgMkGqv8uaf.jpg,Reality
Robert Montgomery Presents,series,[18],"Robert Montgomery Presents is an American dramatic television series which was produced by NBC from January 30, 1950 until June 24, 1957. The live show had several sponsors during its seven-year run, and the title was altered to feature the sponsor, usually Lucky Strike cigarettes, for example, Robert Montgomery Presents Your Lucky Strike Theater, ....The Johnson's Wax Program, and so on.",1950-01-30,42.2207,6.0,/jZLS9pS4JGltYIB43c2UvXhqZqW.jpg,Drama
America's Got Talent,series,[10764],"A weekly talent competition where an array of performers – from singers and dancers, to comedians and novelty acts – vie for a $1 million cash prize.",2006-06-21,43.7473,5.7,/y9Lee4CQ7mAD8B5PAExU6D4oEp5.jpg,Reality
Rent-a-Girlfriend,series,"[16, 35]","Kinoshita Kazuya is a 20-year-old failure of a college student. He managed to kiss his girlfriend once, but was dumped after a month. Completely spiteful, Kazuya uses a certain method to date a girl. He goes to their meeting place and a beautiful girl brushing her long, black hair behind her ear was there, smiling at him. Her name was Mizuhara Chizuru. Something real is born after just a single rental! A reckless rom-com filled with love and excitement is about to begin!",2020-07-11,37.8247,8.3,/6ZpDPUNtVw6UdJoStvVlRZ62yAi.jpg,"Animation, Comedy"
Meu Amor,series,"[18, 10766]","Meu Amor is a Portuguese telenovela which aired from October 19, 2009 to October 23, 2010 on TVI. The show won the 2010 International Emmy award for best telenovela.",2009-10-19,42.6264,0.0,/1ekREG5IuSFrAMRDQpgq9js2ost.jpg,"Drama, Soap"
Star Trek: Enterprise,series,"[10765, 10759, 18]","During the mid-22nd century, a century before Captain Kirk's five-year mission, Jonathan Archer captains the United Earth ship Enterprise during the early years of Starfleet, leading up to the Earth-Romulan War and the formation of the Federation.",2001-09-26,48.6617,7.516,/tsbBTABtNgu0ycsFpnIhiQ5woOM.jpg,"Sci-Fi & Fantasy, Action & Adventure, Drama"
Sailor Moon,series,"[10759, 16, 35, 10765, 10762]","One day, Usagi Tsukino, clumsy 2nd-year middle school student, stumbles upon a talking cat named Luna. Luna tells her that she is destined to be Sailor Moon, ""champion of love and justice"", and she must search for the fabled Moon Princess. Usagi finds friends that turn out to be destined senshi as well, and together they fight to save the world from the certain doom brought upon by the Dark Kingdom.",1992-03-07,41.1688,8.346,/wz45BNOMLRZdxXm94P8NGevKubm.jpg,"Action & Adventure, Animation, Comedy, Sci-Fi & Fantasy, Kids"
Yalı Çapkını,series,"[10751, 18]","When Istanbul playboy Ferit Korhan's exasperated grandfather arranges his marriage to a girl from Gaziantep, fate intervenes — Ferit falls for Seyran, the younger sister of his intended bride, upending both families.",2022-09-23,40.6633,8.369,/cgf5R2XrfRQGp2sTu3cncbnFxRy.jpg,"Family, Drama"
Burn Notice,series,"[10759, 18, 80]",A formerly blacklisted spy uses his unique skills and training to help people in desperate situations.,2007-06-28,41.3066,7.478,/o2fnD3SNiQjGVgA2C3ezaeh2HK.jpg,"Action & Adventure, Drama, Crime"
Cobra Kai,series,"[10759, 18, 35]","This Karate Kid sequel series picks up 30 years after the events of the 1984 All Valley Karate Tournament and finds Johnny Lawrence on the hunt for redemption by reopening the infamous Cobra Kai karate dojo. This reignites his old rivalry with the successful Daniel LaRusso, who has been working to maintain the balance in his life without mentor Mr. Miyagi.",2018-05-02,44.0914,8.197,/6GDW4EsgsXlYrL1ASb5eCHQK4er.jpg,"Action & Adventure, Drama, Comedy"
Classroom of the Elite,series,"[16, 18, 9648]","Kiyotaka Ayanokouji enrolls at the prestigious Tokyo Koudo Ikusei Academy, but is assigned to Class 1-D, where students with behavioral problems are housed. The school awards points equivalent to 100,000 yen per month and allows unusual freedom in classes, masking a more complex system.",2017-07-12,41.3724,8.431,/yuHanbUUIv2UWRxxQFt9n8jtmOJ.jpg,"Animation, Drama, Mystery"
How Do You Play?,series,"[10764, 35]","Yoo Jae-suk reunites the producing team of Infinite Challenge and presents you How Do You Play? The Indefinitely expanding YOONIVERSE, based on Yoo's blood, sweat, and tears, will entertain viewers at home. Let's follow Yoo and his friends' new projects every week.",2019-07-27,38.0336,7.2,/dJd8LFodX9831AeRD3CzWklYcS5.jpg,"Reality, Comedy"
Mob Psycho 100,series,"[16, 10759, 35, 10765]","Shigeo Kageyama, a.k.a. ""Mob,"" is a boy who has trouble expressing himself, but who happens to be a powerful esper. Mob is determined to live a normal life and keeps his ESP suppressed, but when his emotions surge to a level of 100%, something terrible happens to him! As he's surrounded by false espers, evil spirits, and mysterious organizations, what will Mob think? What choices will he make?",2016-07-12,41.9386,8.493,/vR7hwaGQ0ySRoq1WobiNRaPs4WO.jpg,"Animation, Action & Adventure, Comedy, Sci-Fi & Fantasy"
Initial D,series,"[16, 10759, 18]","Takumi’s job as a tofu delivery boy has turned him into one of the most formidable drivers around. Behind the wheel of his Eight-Six, he’s one with the road—and his life shifts into high gear when the underground street racing world takes notice. Drivers from across the region are lining up for a shot at the new guy. Takumi’s not just focused on winning—he’s out to prove he’s the best.",1998-04-18,42.9202,7.954,/2TRN7AXN4rRJNIf1TLgIGRVlQZB.jpg,"Animation, Action & Adventure, Drama"
Justified,series,"[80, 18]","A character drama based on the 2001 Elmore Leonard short story ""Fire in the Hole."" Leonard's tale centers around U.S. Marshal Raylan Givens of Kentucky, a quiet but strong-willed official of the law. The tale covers his high-stakes job, as well as his strained relationships with his ex-wife and father.",2010-03-16,37.3968,7.99,/ie1quhMk09lDtvtAyQAHTu09R9Z.jpg,"Crime, Drama"
Ride the Wind,series,[10764],A chinese variety show which features 30 female celebrities all over 30 years old who must compete to debut in a seven-member girlsband.,2020-06-12,38.0354,6.9,/y3ZzkYM26UZ536SzQIhIcswtdGO.jpg,Reality
Will & Grace,series,[35],"Will Truman and Grace Adler are best friends living in New York, and when Grace's engagement falls apart, she moves in with Will. Together, along with their friends, they go through the trials of dating, sex, relationships and their careers, butting heads at times but ultimately supporting one another while exchanging plenty of witty banter along the way.",1998-09-21,40.4781,6.867,/aEaYdyHcpHN3fIXHhXHtXOs8Rtk.jpg,Comedy
The Sullivans,series,"[18, 10766]","The Sullivans is an Australian drama television series produced by Crawford Productions which ran on the Nine Network from 1976 until 1983. The series told the story of an average middle-class Melbourne family and the effect World War II had on their lives. It was a consistent ratings success in Australia, and also became popular in the United Kingdom, Ireland, Netherlands, Gibraltar and New Zealand.",1976-11-15,46.1326,5.4,/xTy7RlozhINyeAVSj1D1gJxSAgH.jpg,"Drama, Soap"
LEGEND,series,[10767],"Four LEGEND episodes every week.

Whether famous or not, LEGEND gives a voice to anyone with an extraordinary life story to share.

Tune in each week for four new podcast interviews. Catch our interviews and reports every Wednesday, Friday, and Sunday at 11 a.m., as well as our LEGEND STORY format at the same time on Tuesdays.",2023-06-05,40.8831,5.0,/z0BR3USZdwujYnraDFwiIM4R5nB.jpg,Talk
Peter Gunn,series,"[80, 18]","Peter Gunn is an American private eye television series. Filmed in a film noir atmosphere and featuring Henry Mancini music that could tell you the action with your eyes closed, Peter Gunn worked in style. Known as Pete to his friends and simply as Gunn to his enemies, he did his job in a calm cool way.",1958-09-22,40.8191,6.615,/hE0Un65f1k11GUQTCqk7s0hzokY.jpg,"Crime, Drama"
Newhart,series,"[35, 18]","Dick Loudon and his wife Joanna decide to leave life in New York City and buy a little inn in Vermont. Dick is a how-to book writer, who eventually becomes a local TV celebrity as host of ""Vermont Today."" George Utley is the handyman at the inn and Leslie Vanderkellen is the maid, with ambitions of being an Olympic Ski champion; she is later replaced by her cousin Stephanie, an heiress who hates her job. Her boyfriend is Dick's yuppie TV producer, Michael Harris. There are many other quirky characters in this fictional little town, including Dick's neighbors Larry, Darryl, and Darryl...three brothers who buy the Minuteman Cafe from Kirk Devane. Besides sharing a name, Darryl and Darryl never speak.",1982-10-02,40.6758,7.156,/zBI5YcdsftGE9F6zY6UwYVybsdY.jpg,"Comedy, Drama"
Chainsmoker Cat,series,"[16, 35, 10765]","Catgirl Yani struggles to pay her rent and keep a job while feeding her smoking habit. As her loved ones' concerns grow, she must rethink her future.",2026-07-03,40.8219,8.6,/kqeKlSd7o9BCbTraZsDnksRSfxm.jpg,"Animation, Comedy, Sci-Fi & Fantasy"
Sazanami Soushi ni Junketsu wo Sasagu,series,[16],"""If it's a request from my precious wife, then I will give you the moon and the stars."" He flashes his gorgeous tattoos at me as he makes passionate love to me. This is bad! Something's coming...!!",2023-04-03,36.3179,6.6,/6SHb6A2iAX05kNZug794VFEUt7J.jpg,Animation
T. J. Hooker,series,"[18, 80]","Sergeant Thomas Jefferson Hooker is a tough-as-nails veteran police officer with the LCPD who turns his back on a gold badge and goes back to patrolling the streets and training recruits. Along with his young partners in blue, Hooker take on Lake City's toughest criminals.",1982-03-13,36.6502,6.521,/zcHUwD20mqMD4g8LKdpKD12QRhE.jpg,"Drama, Crime"
A Certain Magical Index,series,"[16, 10765, 35, 9648]","Touma Kamijou is a student living in Academy City, a highly advanced place in terms of technology. Despite being gauged as a level zero esper (no powers), he possesses on his right hand the Imagine Breaker, an ability that negates any power whatsoever.

Touma finds a young girl named Index who is trying to run away from Necessarius, a powerful magic organization that she is member of. Blessed with the skill of memorizing any sort of information, she holds 103,000 forbidden magical books within her head.

As science and magic cross paths, Touma must face several dangers amid espers and magicians who appear in the exciting scientific town.",2008-10-05,41.836,7.505,/v3Ka0J3iMte50oiH4cmXPISM3rm.jpg,"Animation, Sci-Fi & Fantasy, Comedy, Mystery"
Father Brown,series,"[18, 80, 9648]",Father Brown is based on G. K. Chesterton's detective stories about a Catholic priest who doubles as an amateur detective in order to try and solve mysteries.,2013-01-14,37.8031,7.646,/u8LUC3O1hiEDKP2SFZK68iYqMzl.jpg,"Drama, Crime, Mystery"
Ace of the Diamond,series,[16],"Scouted for his potential, brash left-handed pitcher Eijun Sawamura joins baseball powerhouse Seido High to become the undisputed ace of the team.",2013-10-06,48.0584,7.921,/wh9dA4w0iUMVpY7htFSiLDhLTYJ.jpg,Animation
Percy Jackson and the Olympians,series,"[10759, 10765, 18, 10751]","Percy Jackson is on a dangerous quest. Outrunning monsters and outwitting gods, he must journey across America to return Zeus's master bolt and stop an all-out war. With the help of his friends Annabeth and Grover, Percy's journey will lead him closer to the answers he seeks: how to fit into a world where he feels out of place, and who he's destined to be.",2023-12-19,39.9036,7.3,/bd5ZIqiz1PRiLC7FLexzVBf8qu1.jpg,"Action & Adventure, Sci-Fi & Fantasy, Drama, Family"
New Japan Pro Wrestling,series,[18],"New Japan Pro-Wrestling is a Japanese promotion founded by Antonio Inoki in 1972. Owing to its TV program aired on TV Asahi, it is the largest wrestling promotion in Japan and one of the largest in the world.",1972-03-06,46.8418,8.0,/c6IZc3avqSgTzSXrrj9vV0EwRp.jpg,Drama
The Ancient Magus' Bride,series,"[16, 18, 10765]","Hatori Chise has lived a life full of neglect and abuse, devoid of anything resembling love. Far from the warmth of family, she has had her share of troubles and pitfalls. Just when all hope seems lost, a fateful encounter awaits her. When a man with the head of a beast, wielding strange powers, obtains her through a slave auction, Chise's life will never be the same again. The man is a ""magus,""a sorcerer of great power, who decides to free Chise from the bonds of captivity. The magus then makes a bold statement: Chise will become his apprentice--and his bride!",2017-10-08,38.1938,8.357,/xXGAFMGiG55oS8uzuVz7V5JxFb2.jpg,"Animation, Drama, Sci-Fi & Fantasy"
The Patrick Star Show,series,"[10751, 35, 16]","Follow a younger Patrick Star living at home with his family, where he hosts his own variety show for the neighborhood from his television-turned-bedroom.",2021-07-09,42.9824,5.923,/44zbV1t35gxgcSN7sTlkUY85GC9.jpg,"Family, Comedy, Animation"
Veronica Mars,series,"[9648, 18, 35]","In the fictional town of Neptune, California, student Veronica Mars progresses from high school to college while moonlighting as a private investigator under the tutelage of her detective father.",2004-09-22,43.2021,7.794,/vOdJETEueGgUqJR4UvwTdUoJhvO.jpg,"Mystery, Drama, Comedy"
"Ready, Steady, Cook",series,[10764],"Talented chefs battle it out against the clock, creating delicious dishes in 20 minutes",1994-10-24,47.0591,8.0,/3NotbtMdZouIVywd5VcGezBEcNC.jpg,Reality
What If...?,series,"[16, 10759, 10765]","Taking inspiration from the comic books of the same name, each episode of this animated anthology series questions, revisits and twists classic Marvel Cinematic moments.",2021-08-11,39.2927,8.036,/zaqfFDUrSfIljdD0OBxSjcutX8n.jpg,"Animation, Action & Adventure, Sci-Fi & Fantasy"
A Shop for Killers,series,"[18, 10759, 9648]",A niece who lost her parents and grew up in the hands of an uncle who runs a shopping mall faces a new truth after her uncle's sudden death.,2024-01-17,38.5472,8.467,/7yUY1HUyQuybbvkAAhLzQ7x1l9g.jpg,"Drama, Action & Adventure, Mystery"
Pinoy Big Brother,series,[10764],"The Philippine adaptation of the reality game show ""Big Brother"" features Filipino housemates live together, share their stories and build meaningful relationships as they do tasks and challenges supervised by Big Brother. Every week a nomination is done, and the public decides who gets evicted and eventually become the Big Winner of the program.",2005-08-21,44.9544,5.7,/zUva0cs2SOjoxFPpwINbpevzoax.jpg,Reality
Office Boy,series,[35],"OB tells the story of funny incidents at the OKTV television station office. All these incidents often occur due to the naivety of Sayuti, the Office Boy in the office. Placed in the kitchen, the innocent Sayuti has to interact with fellow workers, such as Odah, who acts like a ruler, Ismail, who often acts cool, and Susi, a janitor who falls in love with Sayuti.",2006-04-17,35.8373,0.0,/4eJ9NeOGqoSec1qusAOvqlAIaTs.jpg,Comedy
Foundation,series,"[10765, 18]",Follow a band of exiles on their monumental journey to save humanity and rebuild civilization amid the fall of the Galactic Empire.,2021-09-23,43.6191,7.707,/tg9I5pOY4M9CKj8U0cxVBTsm5eh.jpg,"Sci-Fi & Fantasy, Drama"
Snowfall,series,"[18, 80]","Los Angeles. 1983. A storm is coming and its name is crack. Set against the infancy of the crack cocaine epidemic and its ultimate radical impact on the culture as we know it, the story follows numerous characters on a violent collision course.",2017-07-05,44.3393,8.388,/y7ntzl7msiaS6o7dvDbNG7XFYcR.jpg,"Drama, Crime"
Between Us,series,[10766],"Unter uns is a German television soap opera, first broadcast on RTL on 28 November 1994. Centered around the lives of the people in a residential house, which is set in the fictional Schillerallee in Cologne. Since the show debuted the baker's family Weigel is the series core family. Unter uns isn't based on a foreign soap opera like Verbotene Liebe or Gute Zeiten, schlechte Zeiten. After Gute Zeiten, schlechte Zeiten, the show was the second daily soap for RTL, followed years later in 2006 by Alles was zählt. The show aired its 3,500th episode on 30 December 2008.",1994-11-28,46.725,7.8,/aD1QIba9mohAsdPHCjpWtrlumyp.jpg,Soap
Jade Dynasty,series,"[16, 10759]","Zhang Xiaofan, who turned into an orphan overnight, becomes a disciple of the Qingyun Sect. After five years of training, he performs well in the Seven Peak Martial Arts Competition. He's sent to the Kongsang Mountain to defeat the evil. During the journey, he and his senior, Lu Xueqi, met with an accident, and got to know and save the lady of the cult, Bi Yao. At the same time, new danger is ahead of him.",2022-08-02,37.7732,8.1,/oOy0PskfCQyWwsQVdHyM2PoN9H4.jpg,"Animation, Action & Adventure"
Caméra Café,series,[35],"The coffee machine of a small company is the scene of discussions between employees. Private life, professional life, gossip, mockery, ... everything goes!",2001-10-29,46.0572,6.93,/1kd7wM61z4qmmjiuN2ZzgTJp07.jpg,Comedy
Star vs. the Forces of Evil,series,"[10759, 16, 35, 10765, 10751]","Intergalactic warrior Star Butterfly arrives on Earth to live with the Diaz family. She continues to battle villains throughout the universe and high school, mainly to protect her extremely powerful wand, an object that still confuses her.",2015-01-18,40.5971,8.364,/dKFL1AOdKNoazqZDg1zq2z69Lx1.jpg,"Action & Adventure, Animation, Comedy, Sci-Fi & Fantasy, Family"
Strong Medicine,series,[18],The lives of staff in the womens' health clinic of a fictitious hospital in Philadelphia.,2000-07-23,41.2112,7.4,/SxrWagwCtPrlI6K50fRl81Omxk.jpg,Drama
Sherri,series,[10767],"Sherri Shepherd, actress, comic, and Emmy Award-winning longtime co-host of ""The View"", appears before a live audience with a daily dose of pop culture, comedy, conversations, and daytime talk staples, including celebrity and human interest interviews.",2022-09-12,42.548,2.633,/w6K4LsGYTBbuYpDG9qR20g6p1NT.jpg,Talk
Hell's Kitchen,series,[10764],Aspiring restaurateurs brave Ramsay and his fiery command of the kitchen as he puts the competitors through an intense culinary academy to prove they possess the right combination of ingredients to win a life-changing grand prize.,2005-05-30,48.8526,6.837,/shOVFku8daIGRpgjTdMZBxUAvsV.jpg,Reality
The Adventures of Jimmy Neutron: Boy Genius,series,"[16, 35, 10765, 10759, 10762]","Jimmy Neutron is the smartest kid in town. As a genius, Jimmy thinks most things can be solved with the invention of a new gizmo. But Jimmy usually takes the easy way out, and his backfiring gadgets result in comedic adventures.",2002-07-20,37.7772,7.382,/dxUNSVBU03LuVSZ3rriui6a7Xvk.jpg,"Animation, Comedy, Sci-Fi & Fantasy, Action & Adventure, Kids"
The Cosby Show,series,"[35, 10751]","The Cosby Show is an American television situation comedy starring Bill Cosby, which aired for eight seasons on NBC from September 20, 1984 until April 30, 1992. The show focuses on the Huxtable family, an upper middle-class African-American family living in Brooklyn, New York.",1984-09-20,38.9966,6.981,/dc6sR5FWN4uX8fZENq2UTsrSg3x.jpg,"Comedy, Family"
Jimihen!! Jimiko o Kae Chau Jun Isei Kouyuu,series,"[16, 35]","The story follows Rena Yukuhasahi, a reserved office lady and Ryouhei Hachiya, a businessman and fellow colleague. Yukuhasahi appears to be the most reserved girl in the company, but becomes a super beautiful woman when she dresses up. Flustered in the presence of her transformed self, Hachiya insists on taking her out, only to find themselves in front of a love hotel.",2021-01-03,35.8846,6.6,/to5FshluwPdO9d3Ucs7fagJL7OU.jpg,"Animation, Comedy"
Tower of God,series,"[16, 10759, 9648, 10765]","Reach the top, and everything will be yours. At the top of the tower exists everything in this world, and all of it can be yours. You can become a god. This is the story of the beginning and the end of Rachel, the girl who climbed the tower so she could see the stars, and Bam, the boy who needed nothing but her.",2020-04-02,37.7909,8.12,/9QXO4C0AwAuBa15nuDLZU2MyktB.jpg,"Animation, Action & Adventure, Mystery, Sci-Fi & Fantasy"
Hannah Montana,series,"[35, 10751]","At home and school, she's Miley Stewart, a typical teenager, but when the lights go down and the curtain goes up, she emerges as the glamorous and talented Hannah Montana. Having the ""Best of Both Worlds"" is a complicated proposition, and keeping her identity under wraps leads Miley and her friends into some hilarious capers as she tries to balance her normal life with her rock star persona.",2006-03-24,41.6842,7.108,/usJAQAA7s9lJGGOGehIZdzKPCke.jpg,"Comedy, Family"
Vloglab #Stories,series,"[18, 35]","We follow the vloggers of the Vloglab Band through their daily obstacles. Love, friendship, but most of all a lot of drama seems to haunt them all the time. Luckily, they have each other and a friendship bond that no one can come between.",2018-09-05,37.4412,0.0,/xXN5O17OAAOSC8wFY2XEoj1sVsb.jpg,"Drama, Comedy"
CBS News Sunday Morning,series,[10763],"The sparkling notes of a trumpet fanfare and the familiar logo of the sun alert viewers that it's time for CBS's Sunday morning staple. Journalist Jane Pauley helms the show, taking over hosting duties from Charles Osgood, who spent 22 years on the job. A morning talk show, this program airs at a different pace and focuses much of its attention on the performing arts. After a quick update of the day's news and national weather, correspondents offer longer-length segments on a variety of topics, from architecture to ballet to music to pop culture to politics.",1979-01-28,46.9123,6.792,/g9pLy4LCj8u9dDLrNlCGwlVFMBH.jpg,News
Alice in Borderland,series,"[9648, 18, 10759]","With his two friends, a video-game-obsessed young man finds himself in a strange version of Tokyo where they must compete in dangerous games to win.",2020-12-10,41.9684,8.092,/Ac8ruycRXzgcsndTZFK6ouGA0FA.jpg,"Mystery, Drama, Action & Adventure"
Aria,series,"[16, 10765]","Set in the early 24th century against the backdrop of the city of Neo Venezia on the planet Mars. No longer the barren red planet, Mars has been flooded, inhabited and is something of a tourist hub for those looking for rest, relaxation and a gondola ride – the primary mode of travel in Neo Venezia. The Undines are professional gondoliers, tour guides for the people passing through. Akari Mizunashi is an Undine in training and this is a piece of her story.",2005-10-06,41.1216,8.579,/1XgXgWmsX1Un8eBHPjcBYpoae6M.jpg,"Animation, Sci-Fi & Fantasy"
Kamen Rider ZEZTZ,series,"[10759, 10765, 35, 18]","Baku Yorozu is an an ordinary young man living an uneventful life. But with the power of lucid dreaming, he turns into an unstoppable secret agent. In the dream world, there appears the Nightmare, a monstrous figure bent on bringing bad dreams into the real world. While the line between dream and reality breaks, Baku acquires a mysterious belt, transforming himself into Kamen Rider ZEZTZ! Make your dream come true. Good luck!",2025-09-07,37.6246,8.094,/hmx4Oxsg3g1WDA0fffMzMUBh7Y2.jpg,"Action & Adventure, Sci-Fi & Fantasy, Comedy, Drama"
Heart Signal,series,[10764],"A dating reality show about eight strangers, 4 men and 4 women, living together in the Signal House.",2018-08-26,39.8569,6.1,/goGRtZKhPhLGgtxVA5gBdDfFcDe.jpg,Reality
Mutual Consent,series,[18],"A young Russian teacher named Anna reports being raped by her influential friends, sparking a controversial case that exposes the dark pasts of those involved.",2022-03-18,39.8495,7.5,/nU0kRzcM5dEoycuOsi6QX2zbP4q.jpg,Drama
"Love, American Style",series,[35],"An anthology comedy series featuring a line up of different celebrity guest stars appearing in anywhere from one, two, three, and four short stories or vignettes within an hour about versions of love and romance.",1969-09-29,38.1749,6.2,/vlih2QuZmKgKyIrnobz0RJwLLnL.jpg,Comedy
Downton Abbey,series,[18],"A chronicle of the lives of the aristocratic Crawley family and their servants in the post-Edwardian era—with great events in history having an effect on their lives and on the British social hierarchy.

",2010-09-26,38.7296,8.122,/cf9vkwFmwvdzBlcpAYEVQfsKoTp.jpg,Drama
Mao Xue Woof,series,[10764],"Mao Xue Woof is a scene-based reality show variety show with the relationship of original friends as the starting point. The program takes friendship as the link, and takes ""Mao Xue Woof's Home"" as the main shooting scene, telling the real and interesting stories of Mao Bu, Li Xueqin and their friends who meet here every week, tearing apart the status quo of daily life in laughter, showing the rich youth life and spiritual world of young people and recording the real growth. The program is broadcast every week all the year round, bringing companionship and emotional health healing to the hard-working young people in the city.",2021-11-01,39.8516,8.8,/biarmEDDU3W5WSxCo8rYsykPOpP.jpg,Reality
Fuse,series,"[35, 99, 16, 10751]","Fitil is a popular Soviet/Russian television satirical/comedy short film series which ran for about 500 episodes. Some of the episodes were aimed at children, and were called Фитилёк, Fitilyok, Little Fuse. Each issue contained from the few short segments: documentary, fictional and animated ones. Directed by various artists, including Leonid Gaidai who presented his famous trio of Nikulin, Vitsin and Morgunov into the cast. It was called in USSR as ""the anecdotes from the Soviet government"".",1962-06-04,41.4381,7.6,/9hdEulzIzfj0M2JBKRRIxWOBXUY.jpg,"Comedy, Documentary, Animation, Family"
Masha and the Bear,series,"[16, 10751, 10762, 35]","Masha is an energetic three-year-old who can’t seem to keep herself out of trouble. Bear is a warm, fatherly figure that does his best to guide his friend and keep her from harm, often ending up the unintended victim of her misadventures.",2009-01-07,37.6276,6.8,/wPkeRunw71Mm10xQYKAwGG0NLgt.jpg,"Animation, Family, Kids, Comedy"
The Cleaning Lady,series,"[80, 18]","A whip-smart doctor comes to the U.S. for a medical treatment to save her ailing son. But when the system fails and pushes her into hiding, she refuses to be beaten down and marginalized. Instead, she becomes a cleaning lady for the mob and starts playing the game by her own rules.",2022-01-03,39.4011,7.417,/aoTQhDKiuKpn599yNxp03wr2ZHu.jpg,"Crime, Drama"
Touched by an Angel,series,"[10765, 18, 10751]","Monica, an angel, is tasked with bringing guidance and messages from God to various people who are at a crossroads in their lives.",1994-09-21,38.2891,7.197,/jiSv0xNx6MGhAFfv05Ov7DgDELJ.jpg,"Sci-Fi & Fantasy, Drama, Family"
Cowboy Bebop,series,"[16, 10759, 10765, 37]","In 2071, roughly fifty years after an accident with a hyperspace gateway made the Earth almost uninhabitable, humanity has colonized most of the rocky planets and moons of the Solar System. Amid a rising crime rate, the Inter Solar System Police (ISSP) set up a legalized contract system, in which registered bounty hunters, also referred to as ""Cowboys"", chase criminals and bring them in alive in return for a reward.",1998-04-03,43.0901,8.487,/xDiXDfZwC6XYC6fxHI1jl3A3Ill.jpg,"Animation, Action & Adventure, Sci-Fi & Fantasy, Western"
Lois & Clark: The New Adventures of Superman,series,"[10759, 18, 10765, 35]","A much more lavish version of the popular Superman television series which had first aired forty years earlier, Lois & Clark focused more on the Man of Steel's early adult years in Metropolis. With the unknowing help of Lois Lane, Clark Kent created Superman there in Metropolis after finding work at the world-famous Daily Planet newspaper, where he meets fellow reporter Lois Lane.",1993-09-12,37.5791,6.911,/veNiZIiBsSWSAfVcJzudcuD7N0e.jpg,"Action & Adventure, Drama, Sci-Fi & Fantasy, Comedy"
New Amsterdam,series,[18],"The new medical director breaks the rules to heal the system at America's oldest public hospital. Max Goodwin sets out to tear up the bureaucracy and provide exceptional care, but the doctors and staff are not so sure he can succeed. They've heard this before. Not taking ""no"" for an answer, Dr. Goodwin's instinctive response to problems large and small is four simple words: ""How can I help?"" He has to disrupt the status quo and prove he'll stop at nothing to breathe new life into this underfunded and underappreciated hospital, returning it to the glory that put it on the map.",2018-09-25,42.1229,8.297,/jsH4AeGZn5Q6h314A3OTUHKxHhR.jpg,Drama
Show Time!,series,"[16, 18]","Fujimoto Shouji is a widowed single father who aspires to be a picture book author. Kana, his only daughter, is a big fan of Takasaki Minami, the singing idol on the children’s educational show “Let’s Sing With Big Sis!” One day, Shouji encounters Minami while she is outside of work. As a television icon for children, Minami is prohibited from romantic relationships, so she is lonely in her private life. Thus begins an adult love story with a songstress.

(Inspired by the character Uta no Oneesan from the children’s show Okaasan to Issho.)",2021-10-04,38.5847,7.2,/7S86pkMfatspJmXENcPZfgaKB33.jpg,"Animation, Drama"
Big Brother,series,[10764],"A British reality television game show in which a number of contestants live in an isolated house for several weeks, trying to avoid being evicted by the public with the aim of winning a large cash prize at the end of the run.",2000-07-18,47.0102,4.369,/cx0YldpEMh1EBpwwdgY1Awcg6ty.jpg,Reality
60 Minutes,series,[10763],America's popular television News magazine in which an ever changing team of CBS News correspondents contribute segments ranging from hard news coverage to politics to lifestyle and pop culture.,1968-09-24,45.9418,6.5,/vDlT8YU1pF8z37RfNaCOyJ5uO7l.jpg,News
Comedy Battle,series,"[35, 10767]","Humor is born on the stage, which, it seems, decides for itself who is worthy to stand on it. If the performance is not successful for the participant, the floor under his feet leans forward. At first, a little, but then another joke didn't work, and the corner becomes steeper, and after another failure, the head is occupied with completely unfunny thoughts - to hold on. And this is not the only technical surprise that awaits the contenders for victory: for bad jokes, participants receive a special mechanical ""paw"" on the fifth point.",2010-08-28,38.9368,4.0,/wEFrRdBFX2NPJvGrPgSLrQPWGyW.jpg,"Comedy, Talk"
All American,series,[18],"When a rising high school football player from South Central L.A. is recruited to play for Beverly Hills High, the wins, losses and struggles of two families from vastly different worlds - Compton and Beverly Hills - begin to collide. Inspired by the life of pro football player Spencer Paysinger.",2018-10-10,42.5894,8.107,/c8FTtjQcQfqSI0McmVc1OOOf7Z7.jpg,Drama
The Waltons,series,[18],The Waltons live their life in a rural Virginia community during the Great Depression and World War II.,1972-09-14,39.9256,7.188,/51HX9eNn5ZPjRIngDvnk4KzFb1a.jpg,Drama
Kingdom,series,"[10759, 16, 18]","In the Warring States period, young orphan Xin vows to aid King Zheng of Qin in his quest to unify China by becoming a general himself.",2012-06-04,37.3099,7.7,/dehuJJkKo50nYvCYppigrWejqLe.jpg,"Action & Adventure, Animation, Drama"
The Prince of Tennis,series,"[16, 35]","Tennis prodigiy Ryoma Echizen enters the tennis powerhouse Seishun Academy. Once he fights his way onto the team, the game will never be the same.",2001-10-10,36.0452,8.356,/atwLUO5yHwMteP9TcW1LQSbWyqA.jpg,"Animation, Comedy"
History of the World,series,"[99, 10768]","It's about human history, how humans shaped the world we live in. A history through cultures and civilizations - from early Mesopotamia to the industrial revolution.

Documentary series from various european production company’s like BBC, SVT, NRK, DR, ARTE, Covering serveral topics of war, Persons Like Cleopatra, Hitler, George Washington, etc",2020-08-18,36.9428,6.5,/rllmEYZb4vhPHl4w6522372r6J6.jpg,"Documentary, War & Politics"
Adam-12,series,"[80, 18]","Adam-12 is a television police drama that followed two police officers of the Los Angeles Police Department, Pete Malloy and Jim Reed, as they patrolled the streets of Los Angeles in their patrol unit, 1-Adam-12.",1968-09-21,39.0299,7.1,/jXlPZz943xMbqfp2Ne1OvOWaPo.jpg,"Crime, Drama"
Chidiya Ghar,series,[35],Chidiya Ghar is a comedy show which airs on SAB TV Monday through Friday nights. The show follows a Narayan family who live in Varanasi. Each family member has an animal's quality. The name of their house is Chidiya Ghar. It is produced by Garima Productions. A,2021-05-14,36.2209,0.0,,Comedy
Henry Danger,series,"[35, 10751, 10762, 10765]","When 13-year-old Henry Hart lands a job as Danger, the sidekick-in-training to superhero Captain Man, he must learn to navigate a double life balancing the challenges of 8th grade with the crazy adventures of a real-life crime fighter!",2014-07-26,43.1517,8.281,/f3TEP5SROTpL6e520ohhSNbUv1E.jpg,"Comedy, Family, Kids, Sci-Fi & Fantasy"
"Have Gun, Will Travel",series,"[37, 10759, 18]","Have Gun – Will Travel is an American Western television series that aired on CBS from 1957 through 1963. It was rated number three or number four in the Nielsen ratings every year of its first four seasons. It was one of the few television shows to spawn a successful radio version. The radio series debuted November 23, 1958.

The television show is presently shown on the Encore-Western channel.

Have Gun – Will Travel was created by Sam Rolfe and Herb Meadow and produced by Frank Pierson, Don Ingalls, Robert Sparks, and Julian Claman. There were 225 episodes of the TV series, 24 written by Gene Roddenberry. Other contributors included Bruce Geller, Harry Julian Fink, Don Brinkley and Irving Wallace. Andrew McLaglen directed 101 episodes and 19 were directed by series star Richard Boone.",1957-09-14,38.4356,7.33,/6aJRq7FGs2axLOdZNJ2G4IOQtMx.jpg,"Western, Action & Adventure, Drama"
Earth: Final Conflict,series,"[10765, 18, 10759, 9648]","Years ago, the Taelons came to Earth, offering friendship and technology to humanity. But there are those who believe the Taelons have more sinister motives.",1997-10-06,38.2806,6.758,/xOcw7r57ppfPHdaTIauMnE64Npz.jpg,"Sci-Fi & Fantasy, Drama, Action & Adventure, Mystery"
Narcos,series,"[80, 18]",A gritty chronicle of the war against Colombia's infamously violent and powerful drug cartels.,2015-08-28,41.1151,8.079,/rTmal9fDbwh5F0waol2hq35U4ah.jpg,"Crime, Drama"
Dan Da Dan,series,"[16, 10759, 35, 10765]","In a bet to prove whether ghosts or aliens exist, two high schoolers face terrifying paranormal threats, gain superpowers and maybe even fall in love?!",2024-10-04,38.262,8.52,/6qfZAOEUFIrbUH3JvePclx1nXzz.jpg,"Animation, Action & Adventure, Comedy, Sci-Fi & Fantasy"
Happy Days,series,[35],"In 1950s Milwaukee the Cunningham family must contend with Fonzie, a motorcycle riding Casanova.",1974-01-15,37.2606,7.625,/sepIwNPCEhkKvFOQSjXK6tekkjR.jpg,Comedy
The Virginian,series,"[37, 18]","The Shiloh Ranch in Wyoming Territory of the 1890s is owned in sequence by Judge Henry Garth, the Grainger brothers, and Colonel Alan MacKenzie. It is the setting for a variety of stories, many more based on character and relationships than the usual western.",1962-09-19,42.5607,6.5,/oAbCE44r6wtmAnfzZI2SxyeaBmW.jpg,"Western, Drama"
Father Knows Best,series,"[35, 10751]",Family man Jim Anderson copes with the everyday problems among his wife Margaret and their three children as they experience day-to-day changes.,1954-10-03,38.986,6.643,/5uvDdhz7Fq2OceIbmmOVpk2cSwx.jpg,"Comedy, Family"
The Wild Wild West,series,"[10759, 35, 18, 37, 10765]","The Wild Wild West is an American television series. Developed at a time when the television western was losing ground to the spy genre, this show was conceived by its creator, Michael Garrison, as ""James Bond on horseback."" Set during the administration of President Ulysses Grant, the series followed Secret Service agents James West and Artemus Gordon as they solved crimes, protected the President, and foiled the plans of megalomaniacal villains to take over all or part of the United States.

The show also featured a number of fantasy elements, such as the technologically advanced devices used by the agents and their adversaries. The combination of the Victorian era time-frame and the use of Verne-esque style technology have inspired some to give the show credit for the origins of the steam punk subculture.",1965-09-17,40.4344,7.547,/4LSZNCSxDodwCP8EsKRTgMDUKY4.jpg,"Action & Adventure, Comedy, Drama, Western, Sci-Fi & Fantasy"
Unexpectedly Naughty Fukami,series,"[16, 35]","""Why is a perfect specimen of a man like me getting this turned on by a guy like that?!"" Thus begins the obstinate relationship of a playboy narcissist and a deceivingly frumpily-dressed, hot bodied otaku!",2025-04-07,34.1395,6.292,/ktoY0ykNWt5eqjKNyZA1PPGkpsx.jpg,"Animation, Comedy"
Drawn Together,series,"[16, 35, 10764]","The world's first animated reality series gathers icons from all corners of the cartoon universe and lets them loose, with plenty of cameras to catch their exploits. Here's what happens when eight cartoon characters stop being polite and start getting real.",2004-10-27,40.9989,8.191,/xhshQ2WgAa5zyXqwRcxKMDwRBGd.jpg,"Animation, Comedy, Reality"
Shōgun,series,"[18, 10768]","In Japan in the year 1600, at the dawn of a century-defining civil war, Lord Yoshii Toranaga is fighting for his life as his enemies on the Council of Regents unite against him, when a mysterious European ship is found marooned in a nearby fishing village.",2024-02-27,44.4447,8.425,/7O4iVfOMQmdCSxhOg1WnzG1AgYT.jpg,"Drama, War & Politics"
Dark Shadows,series,"[18, 10765, 10766]","Dark Shadows is an American gothic soap opera that originally aired weekdays on the ABC television network, from June 27, 1966, to April 2, 1971. The show was created by Dan Curtis. The story bible, which was written by Art Wallace, does not mention any supernatural elements. It was unprecedented in daytime television when ghosts were introduced about six months after it began.

The series became hugely popular when vampire Barnabas Collins appeared a year into its run. Dark Shadows also featured werewolves, zombies, man-made monsters, witches, warlocks, time travel, and a parallel universe. A small company of actors each played many roles; indeed, as actors came and went, some characters were played by more than one actor. Major writers besides Art Wallace included Malcolm Marmorstein, Sam Hall, Gordon Russell, and Violet Welles.",1966-06-27,44.2527,7.321,/eRtnI7qTJIiPUmlY3J8TTM3jlT7.jpg,"Drama, Sci-Fi & Fantasy, Soap"
The Umbrella Academy,series,"[10759, 10765, 18]","Reunited by their father's death, estranged siblings with extraordinary powers uncover shocking family secrets — and a looming threat to humanity.",2019-02-15,45.4977,8.458,/qhcwrnnCnN8NE1N6XXKHFmveJR9.jpg,"Action & Adventure, Sci-Fi & Fantasy, Drama"
Blindspot,series,"[80, 18, 10759]","A vast international plot explodes when a beautiful Jane Doe is discovered naked in Times Square, completely covered in mysterious, intricate tattoos with no memory of who she is or how she got there. But there's one tattoo that is impossible to miss: the name of FBI agent Kurt Weller, emblazoned across her back. ""Jane,"" Agent Weller and the rest of the FBI quickly realize that each mark on her body is a crime to solve, leading them closer to the truth about her identity and the mysteries to be revealed.",2015-09-21,40.8113,7.376,/4AeYzamQmd9Fa6hawDmYKbdvBSe.jpg,"Crime, Drama, Action & Adventure"
Just Shoot Me!,series,[35],"See the inner workings of a high-style magazine owned by Jack Gallo, who has hired his quick-tempered but talented daughter, Maya, to write for the publication. Challenging her at every turn is Nina, a vain and superficial former model. Then there's photographer Elliot, a man who is very popular with his portrait subjects as well as other women. completing the core staff is her father's assistant, Dennis, a glorified secretary who is generally disrespectful to one and all.",1997-03-04,39.3391,6.64,/xP2JuabiJvvmVvGsHjDj4IL8gcO.jpg,Comedy
Natsume's Book of Friends,series,"[16, 10765]","Natsume Takashi has the ability to see spirits, which he has long kept secret. However, once he inherits a strange book that belonged to his deceased grandmother, Reiko, he discovers the reason why spirits surround him.",2008-07-08,42.898,8.186,/6iIoK9LEM92hBEZD3aVQVCWeaRC.jpg,"Animation, Sci-Fi & Fantasy"
SOKO Köln,series,[80],"The SOKO Köln investigates the cathedral city with humor and often with hard work. Their cases take them into a variety of environments, from the Cologne clique to the terraced housing estates on the outskirts of the city.",2003-10-22,40.0415,7.1,/jLwoCyFg0vFze0JIQIhItsAE4yR.jpg,Crime
All Elite Wrestling: Collision,series,"[10759, 18]","An in-ring show featuring more wrestlers, more stories and more action to super-serve fans.",2023-06-17,42.7012,7.7,/3BjRrrvmL9TuiOfvvKgeHDURuuW.jpg,"Action & Adventure, Drama"
Kitchen Impossible,series,"[10764, 10767]","The special thing about this unusual cooking competition: In each episode, the two top chefs decide in which country the other chef must complete his difficult task. After arriving in the respective country, the two competitors are served the favorite dish of his regular guests by a local chef in the black ""Kitchen Impossible"" box. They then have to prepare the dish they tasted in the kitchen themselves to the best of their knowledge and ability, copying it as precisely as possible. The highlight: In ""Kitchen Impossible"" both the exact recipe and the list of ingredients remain a secret for the two chefs.",2016-02-07,42.3355,8.9,/lDN39xiHkMlPnE8se3H7OLRjXDU.jpg,"Reality, Talk"
Damages,series,"[9648, 18, 80]","Damages is an American legal thriller television series created by the writing and production trio of Daniel Zelman and brothers Glenn and Todd A. Kessler. The plot revolves around the brilliant, ruthless lawyer Patty Hewes and her protégée, recent law school graduate Ellen Parsons. Each season features a major case that Hewes and her firm take on, while also examining a chapter of the complicated relationship between Ellen and Patty. The first two seasons center around the law firm Hewes & Associates. Later seasons center more on Patty and Ellen's relationship as Ellen begins to distance herself from Hewes & Associates and begins an independent career.",2007-07-24,38.4155,7.478,/bowEbW8Q3Oc02BvHBKTL5gWv9Nx.jpg,"Mystery, Drama, Crime"
Inazuma Eleven,series,"[16, 10765]","Mamoru Endou is a cheerful goalkeeper in Raimon Jr High, with six other players in the team. But there was a day when the team was almost lead to disbandment by Natsumi unless they are able to win the match against the Teikoku Gakuen, currently the best team in Japan. He tried to save the club by gathering four more players to join the team.",2008-10-05,36.6586,7.995,/9kQWvBMPWz1gykKLXuX6JBjC9uQ.jpg,"Animation, Sci-Fi & Fantasy"
Goliath,series,"[80, 18]","Once a powerful lawyer, Billy McBride is now burned out and washed up, spending more time in a bar than a courtroom. When he reluctantly agrees to pursue a wrongful death lawsuit against the biggest client of Cooperman &amp; McBride, the massive law firm he helped create, Billy and his ragtag team uncover a vast and deadly conspiracy, pitting them all in a life or death trial against the ultimate Goliath.",2016-10-13,38.6888,7.6,/b7ygC3GRaq4xc0nkWdGnydtMfvD.jpg,"Crime, Drama"
Octonauts,series,"[16, 10762, 10759]","Follows an underwater exploring crew made up of stylized anthropomorphic animals, a team of eight adventurers who live in an undersea base, the Octopod, from where they go on undersea adventures with the help of a fleet of aquatic vehicles.",2010-10-05,41.3235,7.2,/iYUhUSKWKpSBahaWLUQIPckAy8p.jpg,"Animation, Kids, Action & Adventure"
One Day at a Time,series,[35],"The misadventures of a divorced mother, two teenage daughters, and their new building superintendent in Indianapolis.",1975-12-16,36.3358,6.8,/zheJWmmDRUYuApz83ZVrrPUjL2F.jpg,Comedy
American Idol,series,[10764],"Each year, hopeful singers from all over the country audition to be part of one of the biggest shows in American television history. Who will become the new American Idol?",2002-06-11,42.7327,5.0,/iIlKBCqv5YkjQIWj7hYcFndxoLp.jpg,Reality
Nash Bridges,series,"[10759, 18]",Fun-loving San Francisco Police Department investigator Nash Bridges is part of the elite Special Investigations Unit. He tackles crime using his keen sense of humor and charm. Joe Dominguez comes out of retirement to become Bridges' wisecracking yet more rule-abiding partner.,1996-03-29,37.0,6.562,/hJeHSCFoxWN2Pt2lg56CKOi9g87.jpg,"Action & Adventure, Drama"
"Dr. Quinn, Medicine Woman",series,"[37, 18]",Dr. Michaela Quinn journeys to Colorado Springs to be the town's physician after her father's death in 1868.,1993-01-01,39.589,7.641,/rF32uo83bzezkEUQ8VGarbCJi32.jpg,"Western, Drama"
Temptation Island,series,[10764],Couples travel to a tropical paradise where they are forced to decide if they're ready to commit to one another for the rest of their lives. A reboot of the 2001 reality series.,2019-01-15,39.6777,6.76,/7ABC84sjxDZ5qCmemulT7ItzXhi.jpg,Reality
Spider-Man,series,"[16, 10759]","Bitten by a neogenetic spider, Peter Parker develops spider-like superpowers. He uses these to fight crime while trying to balance it with the struggles of his personal life.",1994-11-19,37.1467,8.307,/1BX1HZZqDoLDx9Ry4oET6dA9293.jpg,"Animation, Action & Adventure"
Shrinking,series,"[18, 35]","Jimmy is struggling to grieve the loss of his wife while being a dad, friend, and therapist. He decides to try a new approach with everyone in his path: unfiltered, brutal honesty. Will it make things better—or unleash uproarious chaos?",2023-01-26,41.6071,7.845,/zEFKMNPBKq6JG7uuDkzTQ9WwErn.jpg,"Drama, Comedy"
Weeds,series,"[35, 80, 18]","After the unexpected death of her husband, a suburban mom resorts to selling weed to support her family.",2005-08-07,34.6334,7.477,/gKUsBTa5b0GY7U4iWBseeBalfjO.jpg,"Comedy, Crime, Drama"
El Desafio,series,[18],"El Desafio is a Venezuelan telenovela that was produced by and seen on Venezuela's Radio Caracas Televisión. Martin Hahn and Salvador Garmendia were the telenovela's writers, Salvador Garmendia was also in charge of dramatics, Carlos Lamus was its executive producer, Renato Gutierrez was its director, and Hernando Faria was the producer. This telenovela lasted 113 episodes and was distributed internationally by RCTV International.",1995-05-29,35.4023,0.0,/6zQeNgaogCqgW8nSTBt0N662IXe.jpg,Drama
@midnight with Chris Hardwick,series,"[35, 10767]","Chris Hardwick will lead three celebrity contestants down the ultimate internet wormhole. Culling from the darkest recesses of social media, they will compete to determine who has the funniest take on the day's pop culture.",2013-10-21,43.5033,5.261,/eVvxhRtJzl8nom2rAFxg60QkaYo.jpg,"Comedy, Talk"
Daemons of the Shadow Realm,series,"[16, 10759, 10765]","Yuru, a young hunter, lives in a small village deep in the mountains, hunting wild game and leading a humble life with Asa, his younger twin sister. Their peaceful lives are torn apart when a dragon’s roar echoes across the sky. What secrets lurk within their village? What fate awaits them?",2026-04-04,37.9495,8.492,/vIE1llfr1lcmzlsV4xn8vhgtlQN.jpg,"Animation, Action & Adventure, Sci-Fi & Fantasy"
Wonderland,series,[10764],"A social experiment reality show about the cultivation of an ideal community, inviting 15 guests to Taohuawu, 15KM away from the city center, to live together for 21 days, creating an ideal society in their hearts. See how they live, work, and live in harmony in friction and cooperation. It is also a journey to explore the source of material and spiritual consensus.",2021-05-23,34.7619,6.8,/A3C6crK4GQPNt2f43Vq6l2c845Y.jpg,Reality
BLACK TORCH,series,"[16, 9648, 10759, 10765]","Jiro Azuma is no average high schooler. A descendant of ninjas and trained in the ancient warrior art of the shinobi, Jiro is also able to talk with animals. After a mysterious encounter with an injured cat named Rago, Jiro discovers the feline is actually the legendary Black Star of Doom! Joined by the Bureau of Espionage, they fight off swarms of mononoke lying in wait to exploit Rago’s powers.",2026-07-04,37.0914,8.527,/fkZ19fifxAOAxbE2ZJvXGVvDDGs.jpg,"Animation, Mystery, Action & Adventure, Sci-Fi & Fantasy"
Fallout,series,"[10759, 10765, 18]","The story of haves and have-nots in a world in which there's almost nothing left to have. 200 years after the apocalypse, the gentle denizens of luxury fallout shelters are forced to return to the irradiated hellscape their ancestors left behind — and are shocked to discover an incredibly complex, gleefully weird, and highly violent universe waiting for them.",2024-04-10,37.4479,8.114,/c15BtJxCXMrISLVmysdsnZUPQft.jpg,"Action & Adventure, Sci-Fi & Fantasy, Drama"
Shameless,series,"[35, 18]","The story of a young group of siblings pretty much abandoned by their parents, surviving by their wits - and humor - on a rough Manchester council estate. Whilst they won't admit it, they need help and find it in Steve, a young middle class lad who falls for Fiona, the oldest sibling, and increasingly finds himself drawn to this unconventional and unique family. Anarchic family life seen through the eyes of an exceptionally bright fifteen year old, who struggles to come of age in the context of his belligerent father, closeted brother, psychotic sister and internet porn star neighbors.",2004-01-13,38.4046,7.522,/kE30UWJvJZ03KIIJMmL6m6YoG0l.jpg,"Comedy, Drama"
Get Smart,series,"[35, 10765]","Get Smart is an American comedy television series that satirizes the secret agent genre. Created by Mel Brooks with Buck Henry, the show stars Don Adams, Barbara Feldon, and Edward Platt. Henry said they created the show by request of Daniel Melnick, who was a partner, along with Leonard Stern and David Susskind, of the show's production company, Talent Associates, to capitalize on ""the two biggest things in the entertainment world today""—James Bond and Inspector Clouseau. Brooks said: ""It's an insane combination of James Bond and Mel Brooks comedy."" This is the only Mel Brooks production to feature a laugh track.

The success of the show eventually spawned the follow-up films The Nude Bomb and Get Smart, Again!, as well as a 1995 revival series and a 2008 film remake. In 2010, TV Guide ranked Get Smart's opening title sequence at No. 2 on its list of TV's Top 10 Credits Sequences, as selected by readers.",1965-09-18,45.4409,7.96,/AqhPucVAvnocglq5WYXbh6t9wuE.jpg,"Comedy, Sci-Fi & Fantasy"
The Mindy Project,series,[35],"Obstetrician/gynecologist Mindy Lahiri tries to balance her personal and professional life, surrounded by quirky co-workers in a small medical practice in New York City.",2012-09-25,39.3591,6.3,/A3txgCPox6hJlOZ0TDTOxch7rVa.jpg,Comedy
Superman: The Animated Series,series,"[16, 10759, 10765, 10762]","Superman, an incredibly powerful alien from the planet Krypton, defends Metropolis from supercriminals. Superman hides his identity behind the glasses of Clark Kent; a mild-mannered reporter for the newspaper the Daily Planet. At the Daily Planet Superman works with fellow reporter Lois Lane and photographer Jimmy Olsen.",1996-09-06,35.6868,7.672,/p7FauEh0yeZtIPWnD3pBvG6j8sd.jpg,"Animation, Action & Adventure, Sci-Fi & Fantasy, Kids"
Home Improvement,series,[35],"The daily trials and tribulations of handyman Tim Taylor, a TV show host raising three boys with help from his loyal co-host, domineering wife, and unseen neighbor.",1991-09-17,39.7021,7.374,/aBBXL6YIYbUPBRAVYdEUW46oqsA.jpg,Comedy
I Will Find You,series,"[18, 9648, 80]","Wrongfully imprisoned for murdering his own son, a father sets out on a desperate rescue mission after learning the boy may still be alive.",2026-06-18,37.8493,8.211,/pb9oYHHNzauiCQZT03MpDAg46GI.jpg,"Drama, Mystery, Crime"
Steve Harvey,series,[10767],"Steve Harvey is a syndicated American talk show that is hosted by comedian/actor/radio personality Steve Harvey, who also serves as its executive producer. This is his first television talk foray, which is produced by Endemol and distributed by NBCUniversal Television Distribution in the United States and Canada. The program debuted on September 4, 2012, and it is Harvey's second syndicated program in which he handles hosting duties, as he continues to host Family Feud at the same time. The series is taped in Chicago at the WMAQ studios. The show attracted 2.2 million viewers daily and, in January 2013, Steve Harvey was renewed for a second season. The series has since been renewed for three additional seasons through 2016.",2012-09-04,43.8741,7.0,/2nJKZDzsD4O5jkf2JIybjbxUhRP.jpg,Talk
Dark,series,"[80, 18, 10765, 9648]",A missing child sets four families on a frantic hunt for answers as they unearth a mind-bending mystery that spans three generations.,2017-12-01,40.1613,8.427,/apbrbWs8M9lyOpJYU5WXrpFbk1Z.jpg,"Crime, Drama, Sci-Fi & Fantasy, Mystery"
Dark,series,"[80, 18, 10765, 9648]",A missing child sets four families on a frantic hunt for answers as they unearth a mind-bending mystery that spans three generations.,2017-12-01,40.1613,8.427,/apbrbWs8M9lyOpJYU5WXrpFbk1Z.jpg,"Crime, Drama, Sci-Fi & Fantasy, Mystery"
Marshals,series,"[18, 80, 10759]","With the Yellowstone Ranch behind him, Kayce Dutton joins an elite unit of U.S. Marshals, combining his skills as a cowboy and Navy SEAL to bring range justice to Montana, where he and his teammates must balance family, duty and the high psychological cost that comes with serving as the last line of defense in the region's war on violence.",2026-03-01,38.6103,7.929,/nInfaveN1iFpRIcMGNKENoVVUT2.jpg,"Drama, Crime, Action & Adventure"
The Accident,series,[18],"When a birthday party takes a tragic turn, its ripples shatter a close-knit community — tearing families, friendships and hearts apart.",2024-08-21,33.1964,7.28,/wMD1rnBwYAUe12JT6NHYaguXofs.jpg,Drama
Code Geass: Lelouch of the Rebellion,series,"[16, 10765, 10759, 18]","Japan has been invaded and conquered by the Britannian Empire. Japan is now known as Area 11 and its citizens known as Elevens. The Britannian Empire takes away Japan's autonomous power and imposes its rule through the use of Knightmares. The Empire's rule has never faltered, but cracks have begun to show...",2006-10-05,38.9111,8.347,/x316WCogkeIwNY4JR8zTCHbI2nQ.jpg,"Animation, Sci-Fi & Fantasy, Action & Adventure, Drama"
Craig of the Creek,series,"[16, 10759, 35, 10762]","Craig and his two friends, Kelsey and JP, embark on adventures in the untamed wilderness of the Creek, a place where children can run wild and free. The group of friends solve mysteries, fulfil quests and compete in battles against the other kids.",2018-03-30,37.8705,8.139,/u4LaONJSBi0khRe2L8nqBk81dlc.jpg,"Animation, Action & Adventure, Comedy, Kids"
Spooky in Love,series,"[35, 10765, 18]","When a ghost-seeing heir and an ace prosecutor learn that a single touch makes them a strangely effective duo, they team up to crack unsolved murders.",2026-07-18,40.8885,8.681,/acVOH8Pr5LEZ7WKZCbzwNuHVr9x.jpg,"Comedy, Sci-Fi & Fantasy, Drama"
Fire Country,series,"[18, 80]","Seeking redemption and a shortened prison sentence, young convict Bode Donovan joins a firefighting program that returns him to his small Northern California hometown, where he and other inmates work alongside elite firefighters to extinguish massive blazes across the region.",2022-10-07,35.4575,8.008,/6XnA02VRG4dhBpTZWGZuXQdYGDW.jpg,"Drama, Crime"
Uncle Grandpa,series,"[35, 16, 10765, 10751]","The adventures of Uncle Grandpa who is out to help every child and adult in the world through the power of imagination. With his mystical R.V. and eternal optimism, Uncle Grandpa is always ready to greet the day - and everyone he meets - with his signature, ""Good Mornin'.""",2013-09-02,41.5653,4.6,/zLVOgigPMsd2hkwmcY5AqNhqgcn.jpg,"Comedy, Animation, Sci-Fi & Fantasy, Family"
To Love Ru,series,"[16, 35, 10765]","Rito Yuuki is unlucky when it comes to love — no matter how hard he tries to confess to his crush, his efforts end in failure. After another day’s confession goes down the drain, Rito spends his night sulking in his bathtub. But when a naked girl with a pointed tail teleports into the tub with him, it seems like Rito’s luck is finally looking up! His fortune doesn’t last long when he finds himself accidentally engaged to the buxom beauty who is none other than the princess of the planet Deviluke!",2008-04-04,42.0257,8.203,/vsWNCisRhrBbUaTR56qCk6pLsEn.jpg,"Animation, Comedy, Sci-Fi & Fantasy"
Tomb Raider: The Legend of Lara Croft,series,"[10759, 16]","Thrust into a high-stakes chase around the world, fearless adventurer Lara Croft confronts her traumatic past while unraveling an ancient mystery.",2024-10-10,43.1597,6.427,/hBqYte464epKcSaOufl3SXPqKfj.jpg,"Action & Adventure, Animation"
The Twilight Zone,series,"[10765, 9648, 18]","An anthology series containing drama, psychological thriller, fantasy, science fiction, suspense, and/or horror, often concluding with a macabre or unexpected twist.",1959-10-02,40.9486,8.508,/7uY4pCOxbEdv4M8jTE4uMPVoSIW.jpg,"Sci-Fi & Fantasy, Mystery, Drama"
Pluribus,series,"[18, 10765]",The most miserable person on Earth must save the world from happiness.,2025-11-06,44.2502,7.939,/z7Nga7Q9IGFWs5OEduY2gGFxnX3.jpg,"Drama, Sci-Fi & Fantasy"
Crazy Over His Fingers: Just the Two of Us in a Salon After Closing,series,[16],"Fumi works as an assistant at a popular salon in the city and is aiming to become a hairdresser. She receives strict guidance from Sousuke, the salon's charismatic hairdresser and manager. Every time he touches Fumi, she becomes agitated. One day after the salon closed, Fumi stands in as Sousuke's practice partner at the shampoo station. As he touches her and sprinkles her with water, she becomes angry again! Or so the thought...could she actually be attracted to him? Sousuke flashes an evil smile as he senses Fumi's heart, and his fingertips start to stroke every corner of her body...Fumi cannot refuse his fingers anymore.",2020-04-06,34.0739,6.4,/hlk5xhZw5uSBJvpJD3xbX2k6BhA.jpg,Animation
Agent Kim Reactivated,series,"[10759, 80, 18]","When an unassuming dad's daughter goes missing, he dusts off his old black-ops skills to track her down — only to attract the wrong kind of attention.",2026-06-26,37.9001,8.469,/mxa7YxVln3Rwnd2Va82PoclTznj.jpg,"Action & Adventure, Crime, Drama"
Kid vs. Kat,series,"[10759, 16, 35, 10765, 10751, 10762]","Ten-year-old Coop Burtonburger's life takes a turn for the worse when his little sister, Millie, brings home a mysterious stray cat who, in reality, is an evil cybernetic alien in disguise. To make matters worse, neither his family nor anyone else believes him, except for his best friend, Dennis. Now, Coop risks his life every day as he attempts to foil the cat's diabolical schemes and prove to the world that the family pet is an evil mastermind.",2008-10-25,38.3339,7.892,/1f3DyCY4Xe6ZxN2blj0gNdWhS71.jpg,"Action & Adventure, Animation, Comedy, Sci-Fi & Fantasy, Family, Kids"
Camera Café,series,[35],The adventures and mis-adventures of a group of co-workers are shown by a camera on top of the coffee-machine in the relax area.,2003-10-06,47.6298,6.897,/vmdCodGh2nUPRDBQbIVsxGaIMyK.jpg,Comedy
St. Elsewhere,series,[18],"St. Elsewhere is an American medical drama television series that originally ran on NBC from October 26, 1982 to May 25, 1988. The series starred Ed Flanders, Norman Lloyd and William Daniels as teaching doctors at a lightly-regarded Boston hospital who gave interns a promising future in making critical medical and life decisions.",1982-10-26,36.5986,5.672,/mEfcA56iisaOfnK8FsY1sSE2wLu.jpg,Drama
Family Feud,series,"[35, 10764]",Two families compete against each other in a contest to name the most popular responses to a survey question posed to 100 people.,1999-09-20,45.8175,7.5,/2eY3KyYvvjg2jn2ifTGkwdipCAC.jpg,"Comedy, Reality"
Sins and Roses,series,[18],"As a boy, Serhat lost both his father and fortune but built an empire on family and integrity. His world shatters when his wife Berrak hides a devastating secret and falls into a coma. While searching for answers, his heart hardens—until he meets Zeynep, a passionate florist chasing the same truth, igniting a journey of trust, passion, and redemption.",2025-10-11,38.782,7.9,/3Qwhs7xxf9LILllWLnxbSaCBNDf.jpg,Drama
Iron Chef,series,[10764],"Iron Chef is a Japanese television cooking show produced by Fuji Television. The series, which premiered on October 10, 1993, is a stylized cook-off featuring guest chefs challenging one of the show's resident ""Iron Chefs"" in a timed cooking battle built around a specific theme ingredient. The series ended on September 24, 1999, although occasional specials were produced until 2002. The series aired 309 episodes. Repeats are regularly aired on the Cooking Channel in the United States and on Special Broadcasting Service in Australia. Fuji TV will air a new version of the show, titled Iron Chef, beginning in October 26, 2012.",1993-10-10,40.5308,7.188,/jQup2R8XqIVQxFDv4CfcZXazJe0.jpg,Reality
Laid-Back Camp,series,"[16, 35]","Nadeshiko, a high school student who had moved from Shizuoka to Yamanashi, decides to see the famous, 1000 yen-bill-featured Mount Fuji. Even though she manages to bike all the way to Motosu, she's forced to turn back because of worsening weather. Unable to set her eyes on her goal, she faints partway to her destination. When she wakes up, it's night, in a place she's never been before, with no way of knowing how to get home. Nadeshiko is saved when she encounters Rin, a girl who is out camping by herself. This outdoorsy girls story begins with this first encounter between Nadeshiko and Rin.",2018-01-04,34.3903,8.16,/1c5xBDBQQwa1bvX5fibAeymReGg.jpg,"Animation, Comedy"
Bahu Begum,series,"[18, 10751]","Azaan finds his soulmate in Shayra, but his mother, Begum Razia wants him to get married to her best friend's daughter, Noor. However, love triumphs against all odds in this battle - but not for too long.",2019-07-15,34.2647,9.0,/f4nlTb1XfDSghdc1Rb9I9FXtPTd.jpg,"Drama, Family"
MythBusters,series,[99],"MythBusters is a science entertainment television program created and produced by Australia's Beyond Television Productions for the Discovery Channel. The show's hosts, special effects experts Adam Savage and Jamie Hyneman, use elements of the scientific method to test the validity of rumors, myths, movie scenes, adages, Internet videos, and news stories.",2003-01-23,31.7686,7.824,/lvRnMu00NLGiTPijGZg9CRF3nuY.jpg,Documentary
Chainsaw Man,series,"[16, 10759, 10765, 35]","Denji has a simple dream—to live a happy and peaceful life, spending time with a girl he likes. This is a far cry from reality, however, as Denji is forced by the yakuza into killing devils in order to pay off his crushing debts. Using his pet devil Pochita as a weapon, he is ready to do anything for a bit of cash.",2022-10-12,38.7372,8.517,/iFM1dyFi0rByvEomEkmm7NpQeeb.jpg,"Animation, Action & Adventure, Sci-Fi & Fantasy, Comedy"
America Says,series,"[10751, 10764]","In this family-friendly game show, two teams face off to guess Americans' responses to questions covering a variety of topics.",2018-06-18,39.8451,4.4,/cNZTNrWxc02moLzn3NYZqowyJdU.jpg,"Family, Reality"
3rd Rock from the Sun,series,"[10751, 10765, 35, 18]","The high commander of an alien expedition lands on Earth -- what he considers to be the least-important planet -- in human form as Dick Solomon. Along for the ride are his alien compatriots Harry, Sally and Tommy -- who is the eldest of the group but is now angrily trapped in a teen's body.",1996-01-09,38.5565,7.505,/sUB4lZghNnwQywKqgjIfJsyBqI2.jpg,"Family, Sci-Fi & Fantasy, Comedy, Drama"
The Orville,series,"[18, 35, 10765]","Follow the crew of the not-so-functional exploratory ship in the Earth's interstellar fleet, 400 years in the future.",2017-09-10,35.7082,7.624,/78xnHh9H5wYcUeZoB0bt1UgInAW.jpg,"Drama, Comedy, Sci-Fi & Fantasy"
The Suite Life of Zack & Cody,series,"[35, 10751, 10762]","Meet Zack and Cody, 11 year-old identical twins and the newest residents of Boston's swanky Tipton Hotel. Living in a suite with their mom Carey, the boys treat the Tipton like their own personal playground.",2005-03-18,39.6744,7.619,/wAYjFO8TPn7qVtD0nMykFyFQ9XL.jpg,"Comedy, Family, Kids"
Chernobyl,series,[18],The true story of one of the worst man-made catastrophes in history: the catastrophic nuclear accident at Chernobyl. A tale of the brave men and women who sacrificed to save Europe from unimaginable disaster.,2019-05-06,38.1933,8.723,/hlLXt2tOPT6RRnjiUmoxyG1LTFi.jpg,Drama
Samurai Jack,series,"[10765, 10759, 16]","A great warrior is displaced to the distant future by the evil shape-shifting wizard Aku. The world has become a bleak place under the rule of Aku, segregated into fantastic tribes and ruled by Aku's evil robot warlords. Jack travels this foreign landscape in search of a time portal that can return him to his home time so he can ""undo the future that is Aku!"".",2001-08-10,37.251,8.417,/ddZ7Q2WZ0xAHkVXYvcEgNGFgVkw.jpg,"Sci-Fi & Fantasy, Action & Adventure, Animation"
Only Connect,series,[10764],"The fiendishly difficult quiz show in which two teams of three contestants have to find the connection between seemingly unrelated clues, where patience and lateral thinking are as vital as knowledge.",2008-09-15,42.9074,6.464,/mCS6E8Ca5RYthdYpz1j72Tr5AKD.jpg,Reality
The Good Fight,series,[18],"Picking up one year after the events of the final broadcast episode of ""The Good Wife"", an enormous financial scam has destroyed the reputation of a young lawyer, Maia Rindell, while simultaneously wiping out her mentor and godmother Diane Lockhart's savings. Forced out of her law firm, now called ""Lockhart, Deckler, Gussman, Lee, Lyman, Gilbert, Lurie, Kagan, Tannebaum & Associates"", they join Lucca Quinn at one of Chicago's preeminent law firms.",2017-02-19,40.51,7.571,/8qoOHOfbUbrCcHZnDVxGcwOWinV.jpg,Drama
Derrick,series,"[18, 80]","Derrick was a German TV series produced by Telenova Film und Fernsehproduktion in association with ZDF, ORF and SRG between 1974 and 1998 about Detective Chief Inspector Stephan Derrick and his loyal assistant Inspector Harry Klein, who solve murder cases in Munich and surroundings.",1974-10-20,37.206,6.01,/5HPuyO4V3rcoMgPZmgcdKJrdXUI.jpg,"Drama, Crime"
Last Man Standing,series,[35],A married father of three tries to maintain his manliness in a world increasingly dominated by women.,2011-10-11,38.6964,7.224,/ofUvbcwxcA0E7qYUlhBx4gZmAzX.jpg,Comedy
Paradise,series,"[80, 18]","The tranquility in a serene, wealthy community inhabited by some of the world's most prominent individuals explodes when a shocking murder occurs and a high stakes investigation unfolds.",2025-01-26,39.5769,7.537,/l8RqfhqEk04W5sSOjQ9zeWU1DyM.jpg,"Crime, Drama"
Attack on Titan,series,"[16, 10765, 10759]","100 years ago, the last remnants of humanity were forced to retreat behind the towering walls of a fortified city to escape the massive, man-eating Titans that roamed the land outside their fortress. Only the members of the Scouting Legion dared to stray beyond the safety of the walls – but even those brave warriors seldom returned alive. Those within the city clung to the illusion of a peaceful existence until the day that dream was shattered, and their slim chance at survival was reduced to one horrifying choice: kill – or be devoured!",2013-04-07,39.8358,8.684,/hTP1DtLGFamjfu8WqjnuQdP1n4i.jpg,"Animation, Sci-Fi & Fantasy, Action & Adventure"
High (School) On Sex,series,"[35, 18]","Wilbert Ross and Denise Esteban. Vivamax brings lots of laughs and loads of sexy time in its new series, “High (School) on Sex”, pronounced as High On Sex,",2022-06-05,38.7173,6.2,/tBOQVr2XfNKjUnB7O4tOM3olomr.jpg,"Comedy, Drama"
The Legend of Vox Machina,series,"[16, 10765, 10759]","They're rowdy, they're ragtag, they're misfits turned mercenaries for hire. Vox Machina is more interested in easy money and cheap ale than actually protecting the realm. But when the kingdom is threatened by evil, this boisterous crew realizes that they are the only ones capable of restoring justice.",2022-01-27,39.557,8.221,/zjQTSYZEmy0GVnK1aFLvNiAwluo.jpg,"Animation, Sci-Fi & Fantasy, Action & Adventure"
Fairy Tail,series,"[16, 10759, 35, 10765]","Lucy is a 17-year-old girl, who wants to be a full-fledged mage. One day when visiting Harujion Town, she meets Natsu, a young man who gets sick easily by any type of transportation. But Natsu isn't just any ordinary kid, he's a member of one of the world's most infamous mage guilds: Fairy Tail.",2009-10-12,34.8636,7.902,/AsfCVSHnFnUnbepLucvIB1N30Il.jpg,"Animation, Action & Adventure, Comedy, Sci-Fi & Fantasy"
Soul Mate,series,"[10766, 18, 35, 9648]","A young woman is fated to relive the love of an earlier life. Separated by time, young Serena and botanist Rafael surmount all obstacles as they live a love that is stronger than fate itself. These challenges include the lovely but ambitious Cristina, who is obsessed by the rich botanist and driven nearly mad by her attempts to shatter their great love. A romantic comedy set in the 1940s, Soul Mate underscores the importance of love, family values and the ties of affection with a light touch and plenty of humor.",2005-06-20,37.5137,6.9,/2HxNkrtEOgP4VEKzVBdBHHsnO6o.jpg,"Soap, Drama, Comedy, Mystery"
From Me to You: Kimi ni Todoke,series,"[16, 18]","Nicknamed ""Sadako"" for her spooky appearance, high schooler Sawako begins to break out of her shell when she befriends popular boy Kazehaya.",2009-10-07,37.3336,8.366,/lLUAZzJc6vfyE2TeY56AGGb3E5K.jpg,"Animation, Drama"
Bloodhounds,series,"[18, 10759, 80]","Faced with ruthless foes with a violent thirst, two young boxers band together — risking life and limb to bring justice and protect their loved ones.",2023-06-09,36.4833,8.504,/uSQzD7TXsL96J5ggDrJFdUs8uXU.jpg,"Drama, Action & Adventure, Crime"
Smoking Behind the Supermarket with You,series,"[16, 35]","Sasaki is an overworked salaryman drifting through the corporate grind, sustained by cigarettes and the cheerful service and smile of Yamada, the clerk at his favorite supermarket. But one night after a grueling shift, he arrives late to find Yamada nowhere to be seen. With nowhere left to smoke, his spirits sink—until a pierced young woman calls out to him: “You can smoke here.”",2026-07-09,37.4902,9.012,/n8ZvVflzDKN3vXe85F1KdC5CFf9.jpg,"Animation, Comedy"
Kaiju No. 8,series,"[16, 10759, 10765]","In a world plagued by creatures known as Kaiju, Kafka Hibino aspired to enlist in The Defense Force. He makes a promise to enlist with his childhood friend, Mina Ashiro. Soon, life takes them in separate ways. While employed cleaning up after Kaiju battles, Kafka meets Reno Ichikawa. Reno's determination to join The Defense Force reawakens Kafka's promise to join Mina and protect humanity.",2024-04-13,39.7626,8.446,/83yDUQVpdhv8ePy3nbTRzFaKYuQ.jpg,"Animation, Action & Adventure, Sci-Fi & Fantasy"
L'Invité,series,[10767],"The show features an interview with a famous personality from the world of politics, economics or culture.",2002-01-01,43.9736,4.5,/gnKwgP94iH30UHamWrJ2ofk6mP9.jpg,Talk
The Strain,series,"[10765, 18, 9648]","A high concept thriller that tells the story of Dr. Ephraim Goodweather, the head of the Center for Disease Control Canary Team in New York City. He and his team are called upon to investigate a mysterious viral outbreak with hallmarks of an ancient and evil strain of vampirism. As the strain spreads, Eph, his team, and an assembly of everyday New Yorkers, wage war for the fate of humanity itself.",2014-07-13,37.5475,7.468,/2BWErT9QcADpf2G4BZ769eSnFTP.jpg,"Sci-Fi & Fantasy, Drama, Mystery"
Xou da Xuxa,series,"[10762, 10751, 10764]","Airing weekday mornings, the show featured segments of games (mainly competitions and musical numbers) interspersed with cartoons. Despite the consistently negative reactions from intellectuals and specialized critics, Xou da Xuxa quickly became the most successful children's program in the history of Brazilian television, transforming its presenter into a phenomenon from the mid-1980s to the early 1990s.",1986-06-30,40.3836,7.0,/uUpo5M4u3kupyQCqBMFVGDtlZ09.jpg,"Kids, Family, Reality"
The Magnificent Century,series,"[18, 10759]","At the age of 26, when his reign began, Sultan Süleyman sought to build an empire more powerful than Alexander the Great and to render the Ottomans invincible. Throughout his 46-year reign, his fame as the greatest warrior and ruler of his age spreads both to the East and West.  With his companion Pargalı İbrahim, Süleyman achieves great victories, and makes his name known in the Muslim World. Süleyman called İbrahim his brother, friend and advisor. The television series shows Süleyman's consolidation of his power: Pargalı İbrahim being grand minister of state, reinforcing the rule of law throughout the empire, meeting foreign diplomats, and preparing for military campaigns, all set against the backdrop of the tension between Christian Europe and the Ottoman Empire.",2011-01-06,41.835,8.143,/UDvmQWnmIr9U6ZRB1k9ULXBow3.jpg,"Drama, Action & Adventure"
Critical Role,series,"[10765, 10759, 35, 18]","Critical Role is a weekly actual play series that uses tabletop role-playing game mechanics as a means to explore and develop stories from the vast fantasy worlds of Exandria, Aramán, and beyond, with sweeping narratives intricately woven through collaboration between Game Masters and players.",2015-03-12,40.1657,8.16,/keSNwdzmSgQzluKmqTI6kwDOFa7.jpg,"Sci-Fi & Fantasy, Action & Adventure, Comedy, Drama"
Shetland,series,"[80, 18, 9648]","Created from the novels by award winning crime writer Ann Cleeves, Shetland follows DI Jimmy Perez and his team as they investigate crime within the close knit island community. In this isolated and sometimes inhospitable environment, the team have to rely on a uniquely resourceful style of policing.",2013-03-10,34.7098,7.519,/rKnxmir8m5I3RdSTdZr3jaQaCZi.jpg,"Crime, Drama, Mystery"
Document 72 Hours,series,[99],"An unusual documentary series that delves into human dramas through chance encounters with ordinary people at selected spots. Filmed over 72 hours in a single location, the show captures glimpses into people's lives as they open up and share their stories.",2006-10-03,39.8113,8.5,/iQO83tdISeenWmtG3wp6EteuGfZ.jpg,Documentary
Dr. Kildare,series,[18],"The story of a young intern in a large metropolitan hospital trying to learn his profession, deal with the problems of his patients, and win the respect of the senior doctor in his specialty, internal medicine.",1961-09-27,34.7947,5.7,/1zJFzPsnC3ih1sdY25XbHactXiB.jpg,Drama
Peter Rabbit,series,"[16, 10762, 10751]","Nickelodeon brings treasured literary icon Peter Rabbit to life with the new CG-animated preschool series, Peter Rabbit. The series is a fresh re-imagining of the popular Beatrix Potter children’s books based on Peter Rabbit. Peter Rabbit features educational goals that encourage preschoolers to learn problem-solving and interpersonal skills, self-efficacy, resilience, positive re-framing and fostering an interest in and respect for nature.",2013-03-20,38.8039,5.9,/36MwBWUBwWa61ndbSXGqz7dHYqF.jpg,"Animation, Kids, Family"
Peter Rabbit,series,"[16, 10762, 10751]","Nickelodeon brings treasured literary icon Peter Rabbit to life with the new CG-animated preschool series, Peter Rabbit. The series is a fresh re-imagining of the popular Beatrix Potter children’s books based on Peter Rabbit. Peter Rabbit features educational goals that encourage preschoolers to learn problem-solving and interpersonal skills, self-efficacy, resilience, positive re-framing and fostering an interest in and respect for nature.",2013-03-20,38.8039,5.9,/36MwBWUBwWa61ndbSXGqz7dHYqF.jpg,"Animation, Kids, Family"
The Misfit of Demon King Academy,series,"[16, 10759, 10765]","Anos Voldigord was a tyrannical Demon King that eradicated humans, spirits, and even the gods, but became bored of eternal warfare and reincarnated with dreams of a peaceful world. However, what awaited him in reincarnation after 2000 years were descendants who became too weak after being accustomed to peace, and all sorts of magic that deteriorated to the extreme. Anos enters Demon King Academy that gathers and educates those who are viewed as the reincarnation of the Demon King, but the academy could not see through his true powers and ends up branding him as a misfit.",2020-07-04,33.6351,8.398,/xBNR7V4s5b0qQfRCiyEvIC5PS6v.jpg,"Animation, Action & Adventure, Sci-Fi & Fantasy"
ted,series,[35],"It's 1993 and Ted the bear's moment of fame has passed, leaving him living with his best friend, 16-year-old John Bennett, who lives in a working-class Boston home with his parents and cousin. Ted may not be the best influence on John, but when it comes right down to it, he's willing to go out on a limb to help his friend and his family.",2024-01-11,40.1378,7.945,/cPn71YFDENH0JkWUezlsLyWmLfN.jpg,Comedy
Unforgettable,series,"[80, 18, 9648]","Former Syracuse, New York, police detective Carrie Wells has hyperthymesia, a rare medical condition that gives her the ability to visually remember everything. She reluctantly joins the New York City Police Department's Queens homicide unit after her former boyfriend and partner asks for help with solving a case. The move allows her to try to find out the one thing she has been unable to remember, which is what happened the day her sister was murdered.",2011-09-20,34.9632,7.235,/AvbMRqe3wSe4DBzIYl56CBlcalw.jpg,"Crime, Drama, Mystery"
Tom & Jerry Kids Show,series,"[10762, 16, 35]","Tom and Jerry in their childhood days, playing cat-and-mouse games even then.",1990-09-08,38.9558,6.396,/pApniCXhegDnhxQda7RcpG8gFP0.jpg,"Kids, Animation, Comedy"
The Day of the Jackal,series,"[18, 10759, 9648]","An unrivalled and highly elusive lone assassin, the Jackal, makes his living carrying out hits for the highest fee. But following his latest kill, he meets his match in a tenacious British intelligence officer who starts to track down the Jackal in a thrilling cat-and-mouse chase across Europe, leaving destruction in its wake.",2024-11-07,32.0384,8.244,/tYLecM3WSEjlkKhkGiH5G68Dprm.jpg,"Drama, Action & Adventure, Mystery"
Joshiochi! 2-kai kara Onnanoko ga... Futtekita!?,series,[16],"Sousuke Aikawa is a part-time worker who lives in a rundown apartment building where his only consolation is that the landlord is a beautiful woman and the girl who lives above him is cute.

One day though, the ceiling above him creaks and... Bang! In from the second floor, directly above him, the cute girl comes crashing down on him…!?

In an erotic encounter that can only be classified as a miracle, hearts and bodies are connected by chance. Then for some reason, he starts to live with both of these beautiful women!? Under this one roof, just what exactly will become of this crowded love triangle...!?",2018-07-02,33.1008,7.4,/7x8x6dl4leOSw6KGUcOrQew7Eua.jpg,Animation
Desafío,series,[10764],"Desafío is a reality show in which a number of participants should survive, live together, and compete in 4 different stages, for a big price in money. These contestants are grouped into three teams according to the theme chosen in each season. Social classes, generations, regions of the country and the degree of popularity are the elements used to give identity to these groups. Another one of the characteristics of the Challenge and which encloses the success of this format is that the conditions of life in this competition are not fair. While a group spends its day in a beach house with servants, exquisite delicacies (High Beach), the other group suffers the complete lack of accommodation and food (Low Beach). In this reality, as in real life, the teams would be able to exceed or fall on their comfort levels, depending on the performance in the territorial Challenges.",2004-04-28,40.38,6.4,/nGG0HGGTKXeSpeC4BJVzvXMJJSW.jpg,Reality
QI,series,"[35, 10767]","Comedy quiz show full of quirky facts, in which contestants are rewarded more if their answers are 'quite interesting'.",2003-09-11,37.4269,7.931,/9zWVsauqP7GM9E1N9WDYVf9CWe3.jpg,"Comedy, Talk"
Warehouse 13,series,"[10765, 35, 10759, 18]","After saving the life of the President, two secret service agents - Myka Bering and Pete Lattimer - find themselves assigned to the top secret Warehouse 13. The Warehouse is a massive, top secret facility that houses dangerous and fantastical objects. Together, Pete and Myka along with fellow agents Claudia, Steve Jinks and Warehouse caretaker Artie, must recover artifacts from around the globe before they can cause catastrophic damage.",2009-07-07,37.1466,7.685,/2AIi7giGzw4Jt709FaL8gOe9GQu.jpg,"Sci-Fi & Fantasy, Comedy, Action & Adventure, Drama"
Profissão Repórter,series,"[10763, 99]","Caco Barcellos and a team of young journalists go to the streets, together, to present different angles of the same fact, from the same news. Each reporter always has a mission to fulfill, which involves tasks both in the performance of the live report and in its completion.",2008-06-03,39.4136,7.0,/hVD9DpHkRiUM12Epx7JmMSZEM0G.jpg,"News, Documentary"
Bungo Stray Dogs,series,"[16, 10759, 9648, 10765, 80]","Stalked by a beastly white tiger, Atsushi Nakajima has no idea that the menace lives inside him—a power that catches the attention of the Armed Detective Agency. Using inhuman abilities to combat crime, this team takes Atsushi under the wing of their most eccentric member, Dazai. Together, they tear through mafia-muddled mysteries while enemies keep an eye on the tiger’s lofty bounty.",2016-04-07,35.0857,8.249,/6AQmGhkYwAqW2OevjXbsh7tZnNO.jpg,"Animation, Action & Adventure, Mystery, Sci-Fi & Fantasy, Crime"
The Wonder Years,series,"[35, 18, 10751]","The story of Kevin Arnold facing the trials and tribulations of youth while growing up during the 1960s and 70s. Told through narration from an adult Kevin, Kevin faces the difficulties of maintaining relationships and friendships on his enthralling journey into adulthood.",1988-01-31,37.618,8.342,/tkaduqdhFrF1vp8L55OJfB5jw8Z.jpg,"Comedy, Drama, Family"
Çarkıfelek,series,[10764],Turkish version of the game show Wheel of Fortune.,1975-01-06,35.7905,3.0,/hpzusZkszDN36V0H4BgP01VPaR1.jpg,Reality
Private Practice,series,[18],"Having left behind Seattle Grace Hospital, renowned surgeon Addison Forbes Montgomery moves to Los Angeles for sunnier weather and happier possibilities. She reunites with her friends from medical school, joining them at their chic, co-op, Oceanside Wellness Center in Santa Monica.",2007-09-26,37.4256,7.52,/pW20ANAGdrgreYJExduUVaWos6H.jpg,Drama
Switched at Birth,series,"[18, 10751]","The story of two teenage girls who discover they were accidentally switched as newborns in the hospital. Bay Kennish grew up in a wealthy family with two parents and a brother, while Daphne Vasquez, who lost her hearing at an early age due to a case of meningitis, grew up with a single mother in a working-class neighborhood. Things come to a dramatic head when both families meet and struggle to learn how to live together for the sake of the girls.",2011-06-06,37.5952,7.459,/db5XnOxGcUHeNhBRNbHfqTlzXmk.jpg,"Drama, Family"
Totally Spies!,series,"[16, 10762, 35, 10759]","Totally Spies! depicts three girlfriends 'with an attitude' who have to cope with their daily lives at high school as well as the unpredictable pressures of international espionage. They confront the most intimidating - and demented - of villains, each with their own special agenda for demonic, global rude behavior.",2002-04-03,37.2657,7.337,/w4JZDCrWxDhO5wKUeTvVHSzaTDk.jpg,"Animation, Kids, Comedy, Action & Adventure"
Soul Land 2: The Peerless Tang Clan,series,"[16, 10765, 10759, 18]","The Tang Sect in a turbulent world. There is nothing but martial spirit here. Ten thousand years after the founding of the Tang Sect, it is in relative decline. An extremely talented man was born. Can the new Shrek Seven Monsters revive the Tang Sect and bring it back to glory? A soul beast of over one million years old; Electrolux who can pick stars; The new soul utensil system that led to the decline of the Tang Sect... A lot of secrets are to be revealed. Can the secret weapons of the Tang Sect be sharp again? Can the Tang Sect regain its former glory?",2023-06-24,33.4325,7.906,/pzemNbETZKXRzjvBwc1hydqbEeK.jpg,"Animation, Sci-Fi & Fantasy, Action & Adventure, Drama"
Night Court,series,[35],An eccentric fun-loving judge presides over an urban night court and all the silliness going on there.,1984-01-04,35.3127,7.316,/bpEVtr4NCkbmTdponemKSjt9POc.jpg,Comedy
Private Eyes,series,"[80, 18, 35]",Ex-pro hockey player Matt Shade irrevocably changes his life when he teams up with fierce P.I. Angie Everett to form an unlikely investigative powerhouse.,2016-05-26,36.8609,7.3,/yPt9IuY2D8g6Lpwh8O8wCDixzt9.jpg,"Crime, Drama, Comedy"
Khatron Ke Khiladi,series,[10764],Twelve celebrity contestants face their worst fears and perform a series of death-defying stunts under the supervision of a host to win the coveted title.,2008-07-21,36.6328,6.0,/kHXlvY8SRHmGyipgBxaTbfgEeIy.jpg,Reality
NPR Tiny Desk Concerts,series,[],"Intimate musical performances, recorded live at the desk of All Songs Considered host Bob Boilen.",2008-04-22,44.0831,7.0,/sJ6HdzajIVkC5G2kRROhNu8at43.jpg,
Party of Five,series,[18],Five brothers and sisters are determined to stay together following the tragic loss of their parents.,1994-09-12,36.3734,7.004,/5LZgFeMynMeeKX8Bn9s1RWe9n9S.jpg,Drama
Avatar: The Last Airbender,series,"[16, 10759, 10765]","In a war-torn world of elemental magic, a young boy reawakens to undertake a dangerous mystic quest to fulfill his destiny as the Avatar, and bring peace to the world.",2005-02-21,34.5819,8.779,/yaGt4GIutpbXHsv48tWceWg6s56.jpg,"Animation, Action & Adventure, Sci-Fi & Fantasy"
The Chi,series,[18],"A relevant, timely and distinctive coming-of-age story following a half dozen interrelated characters in the South Side of Chicago. The story centers on Brandon, an ambitious and confident young man who dreams about opening a restaurant of his own someday, but is conflicted between the promise of a new life and his responsibility to his mother and teenage brother back in the South Side.",2018-01-07,35.8577,7.839,/niD8X5pEXpmRUDhSPdDOgI3Gw5Q.jpg,Drama
Mickey Mouse Clubhouse,series,"[10762, 16, 35, 10765, 10759]","Mickey and his friends Minnie, Donald, Pluto, Daisy, Goofy, Pete, Clarabelle and more go on fun and educational adventures.",2006-05-05,37.2244,6.8,/gHtEhlAZHxMawOiPq7JoKwkmETQ.jpg,"Kids, Animation, Comedy, Sci-Fi & Fantasy, Action & Adventure"
Club Friday,series,"[18, 10751, 35]","Based on a Thai radio show that gives love advice to callers, this series dramatizes stories of infidelity, love triangles, sexual identity and more.",2012-10-06,37.6401,2.8,/zPrnYxh7uaUdPQ3EGMxgcTrcG59.jpg,"Drama, Family, Comedy"
My Little Old Boy,series,"[10764, 10767]","How much do you know about your grown up son? In Mom’s Diary, the daily lives of the grown up celebrity sons are closely observed by their mothers. Do you know why your son drinks so much these days? How much do you know about your son’s philosophy in his life style? Heart-warming moments of observational communication between a mother and a son can be seen on Mom’s Diary.",2016-08-26,35.3191,7.0,/fgeWRIiigNHLxy3qEzM0HqNcFHT.jpg,"Reality, Talk"
The Terminal List,series,"[10759, 18]","Navy SEAL Commander James Reece turns to vengeance as he investigates the mysterious forces behind the murder of his entire platoon. Free from the military's command structure, Reece applies the lessons he's learned from nearly two decades of warfare to hunt down the people responsible.",2022-06-30,35.0461,8.0,/kIiFRP7MblxsBioEVPHCCYAJ4n5.jpg,"Action & Adventure, Drama"
Jake and the Fatman,series,"[18, 80, 10759]","Jake and the Fatman is a television crime drama starring William Conrad as prosecutor J. L. ""Fatman"" McCabe and Joe Penny as investigator Jake Styles.

The series ran on CBS for five seasons from 1987 to 1992. Diagnosis: Murder was a spin-off of this series.",1987-09-26,42.2787,6.185,/3WBkepiTwgemGDZadyJTV5SmS4l.jpg,"Drama, Crime, Action & Adventure"
Chuck,series,"[10759, 35, 18]","When Buy More computer geek Chuck Bartowski unwittingly downloads a database of government information and deadly fighting skills into his head, he becomes the CIA's most vital secret. This sets Chuck on a path to become a full-fledged spy.",2007-09-24,37.1968,7.711,/vEZvGVVMjk1TRs59nfypTI5lAXj.jpg,"Action & Adventure, Comedy, Drama"
Brookside,series,"[10766, 18]",The ground-breaking soap set in a housing estate on the outskirts of Liverpool.,1982-11-02,36.1547,6.2,/17NsCtMBMKmzaKLDCfPp8gpSOr3.jpg,"Soap, Drama"
Fantasy Island,series,"[10765, 18, 35]",A magical island hosted by Mr Roarke and Tattoo where weekly guests learn valuable life lessons in their pursuit of fulfilling their dreams. Not all dreams are fulfilled as expected.,1978-01-28,38.1542,6.508,/ppxhytiPrgojE4eb6Tw0EonDzeP.jpg,"Sci-Fi & Fantasy, Drama, Comedy"
Big Mouth,series,"[35, 16]",Teenage friends find their lives upended by the wonders and horrors of puberty in this edgy comedy from real-life pals Nick Kroll and Andrew Goldberg.,2017-09-29,35.0269,7.607,/1Zio9w1tAd3r5Gu4d9AzTSx2hnT.jpg,"Comedy, Animation"
SOKO München,series,[80],"SOKO 5113 is a long-running German police procedural television series. It was first aired in 1978 on 2 January. SOKO is an abbreviation of the term ""Sonderkommission"" in German.",1978-01-02,38.79,5.9,/hXWVu2OyKMnfrurvCRUY1TpzOjx.jpg,Crime
Heads and Tails,series,[10764],"Ukrainian travel TV show. In each episode, the show visits another location in the world for one weekend. One of the hosts (determined by a coin toss) receives a credit card with unlimited credit (in practice, this has been limited to US$30,000 per day), called the Golden Card, while the other has to spend the weekend with US$100 including all expenses. Starting with the second season, the show has hidden a bottle with $100 in each visited location for travelers to find.",2011-02-13,17.162,7.889,/aizpEYS8J6m0exWzge3V5u5tyQJ.jpg,Reality
Kızılcık Şerbeti,series,"[10751, 18]","When free-spirited Doğa falls head over heels for charming Fatih, nobody expects the chaos that follows. His family is deeply conservative and devout; hers is modern and secular — and neither side is ready to back down. What starts as a love story quickly becomes a collision of two very different Turkeys, played out through family dinners, in-law battles and everything in between. Sharp, relatable and impossible to stop watching.",2022-10-28,36.5139,6.7,/fXATVTtJDNizWjKpHgJEZegr6R2.jpg,"Family, Drama"
Gushing Over Magical Girls,series,"[16, 10765, 35]","Hiragi Utena is a major fangirl of the magical girls protecting her city and leaps at the chance to join their ranks. But once she transforms, she learns she's a villain who enjoys being a magical-girl-tormenting sadist instead!",2024-01-03,34.6262,8.3,/p7vWZL5HhbscGf7OjnprT2977Lt.jpg,"Animation, Sci-Fi & Fantasy, Comedy"
Gushing Over Magical Girls,series,"[16, 10765, 35]","Hiragi Utena is a major fangirl of the magical girls protecting her city and leaps at the chance to join their ranks. But once she transforms, she learns she's a villain who enjoys being a magical-girl-tormenting sadist instead!",2024-01-03,34.6262,8.3,/p7vWZL5HhbscGf7OjnprT2977Lt.jpg,"Animation, Sci-Fi & Fantasy, Comedy"
Titans,series,"[18, 10759, 10765]",A team of young superheroes led by Nightwing (formerly Batman's first Robin) form to combat evil and other perils.,2018-10-12,41.639,7.854,/8e6QiSexmYKaiHGPvbhaFMmQEhc.jpg,"Drama, Action & Adventure, Sci-Fi & Fantasy"
DuckTales,series,"[10751, 35, 16]","The adventures of billionaire Scrooge McDuck and his nephews Huey, Dewey and Louie, their famous uncle Donald Duck, pilot extraordinaire Launchpad, Mrs. Beakly, Webby and Roboduck. Adventures and hidden treasures are everywhere, in their hometown Duckburg and all around the world.",2017-08-12,36.8905,7.842,/3klapeIKLp9IBy4uHo7szTeMTdQ.jpg,"Family, Comedy, Animation"
Andor,series,"[10765, 10759, 18]","In an era filled with danger, deception and intrigue, Cassian Andor will discover the difference he can make in the struggle against the tyrannical Galactic Empire. He embarks on a path that is destined to turn him into a rebel hero.",2022-09-21,39.8545,8.311,/khZqmwHQicTYoS7Flreb9EddFZC.jpg,"Sci-Fi & Fantasy, Action & Adventure, Drama"
Knots Landing,series,"[18, 10766]","The domestic adventures, misdeeds and everyday interactions of five families living on a cul-de-sac in a small California community.",1979-12-27,35.4264,6.957,/ohcRf8CyVpQiUw2ZTmGQ2I4fH8D.jpg,"Drama, Soap"
Manifest,series,"[10765, 9648, 18]","After landing from a turbulent but routine flight, the crew and passengers of Montego Air Flight 828 discover five years have passed in what seemed like a few hours. As their new realities become clear, a deeper mystery unfolds and some of the returned passengers soon realize they may be meant for something greater than they ever thought possible.",2018-09-24,35.3792,7.615,/eTemCphrglLKrXOsNRhYezHA7H9.jpg,"Sci-Fi & Fantasy, Mystery, Drama"
Late Night with Conan O'Brien,series,"[35, 10767]","Stepping into the late-late slot vacated by David Letterman, Conan O'Brien stars in a show that far outdoes its competition in sheer strangeness. Along with the celebrity interviews and musical numbers typical of late-night talk shows, this program make frequent use of odd walk-on characters and frequent ""visits"" from celebrity guests.",1993-09-13,37.7113,7.308,/gJZ1rhLLFpatuAeylJoUI82DKC7.jpg,"Comedy, Talk"
RE-MAIN,series,"[16, 35, 18]","Minato is a boy who stopped playing water polo due to a certain incident in the winter of his third middle school year. He picks the sport back up again with a new team when he starts in high school, but the fledgling team runs into many problems.",2021-07-04,48.4753,6.8,/nnsLtt5RndrFzNBgVRQjRdXLeeq.jpg,"Animation, Comedy, Drama"
RE: European Stories,series,[99],Discover Europe in all its diversity of viewpoints,2017-03-13,35.9559,6.9,/19ChTJxvw9jZpMnWKsuXc83eI5C.jpg,Documentary
Blue Exorcist,series,"[16, 10765, 9648, 10759]","Humans live in the world of Assiah, demons in Gehenna. The two dimensions are not meant to interfere with each other, but demons still possess creatures in Assiah in spite of this. The humans who can fight these demons are known as exorcists. Rin Okumura is a boy who bears the curse of being Satan's illegitimate son. His foster father sacrificed himself to save him from demons. To avenge his foster father's death as well as to prove himself, Rin decides to follow the path of an exorcist and defeat his own father, Satan. To hone his raw skills, Rin enters True Cross Academy to train with other exorcist candidates.",2011-04-17,33.1856,7.842,/kpNoqNmElzGUEcEoZyfFwvYXMsR.jpg,"Animation, Sci-Fi & Fantasy, Mystery, Action & Adventure"
Tony Awards,series,[],"The Antoinette Perry Award for Excellence in Theatre, more commonly known as a Tony Award, recognizes achievement in live Broadway theatre. The awards are presented by the American Theatre Wing and The Broadway League at an annual ceremony in New York City. The awards are given for Broadway productions and performances, and an award is given for regional theatre.",1956-04-01,37.1536,0.0,/zFBRMVDgKRZ6dqTZwkefBbfDC1G.jpg,
The Wheel of Time,series,"[10765, 18]","The lives of five young villagers change forever when a strange and powerful woman arrives, claiming one of them is the child of an ancient prophecy with the power to tip the balance between Light and Dark forever. They must choose whether to trust this stranger – and each other – with the fate of the world before the Dark One breaks out of His prison, and the Last Battle begins.",2021-11-18,38.614,7.59,/ihBi24EIr5kwAeY2PqmsgAcCj4n.jpg,"Sci-Fi & Fantasy, Drama"
Will Trent,series,"[80, 18, 35]","Special Agent Will Trent was abandoned at birth and endured a harsh coming-of-age in Atlanta's overwhelmed foster care system. Determined to make sure no one feels as he did, he now has the highest clearance rate.",2023-01-03,35.374,7.3,/qG5O46gUxxYGImld03tl2zLhvrg.jpg,"Crime, Drama, Comedy"
Barbapapa,series,"[10762, 16, 10751]","The adventures of Barbapapa and Barbama and their seven children, where they search for their place in the world, while helping humans and animals.",1974-01-01,37.986,7.017,/dZBXZvelBZRWxxcUqEwlSdq4cA6.jpg,"Kids, Animation, Family"
Fresh Off the Boat,series,[35],"A '90s-set single-camera comedy about a hip-hop-loving Asian kid growing up in suburban Orlando, being raised by an immigrant father obsessed with all things American and an immigrant mother often bewildered by white culture.",2015-02-04,36.7323,7.211,/o8ekdtv98EnrymVLw3VJ2WoFBoM.jpg,Comedy
Gachiakuta,series,"[16, 10759, 18, 10765]","Accused of murder and thrown into the Pit, a young orphan joins a group of monster fighters with special powers to uncover the truth and seek vengeance.",2025-07-06,33.8106,8.535,/jH78nLFrTU6aP7hY7KO6DZHFLoX.jpg,"Animation, Action & Adventure, Drama, Sci-Fi & Fantasy"
HK 80's,series,"[35, 18, 10751]","This sitcom  series premiered in 1981 and changed its name every year, from ""Hong Kong 81"" to ""Hong Kong 86."" It was eventually replaced by a new sitcom called ""City Stories."" A total of 1330 episodes were produced, making it the second-longest-running series in Hong Kong, after ""Come Home Love: Lo and Behold"".

Each episode of this series is inspired by current social issues, with early storylines often satirizing society's flaws. The characters, such as ""Chen Ji,"" ""Mrs. Shun,"" ""Uncle Mao,"" ""Jue Wu Yin,"" ""Miss Su,"" ""A Wei,"" and ""Ah Kang,"" mostly hail from the grassroots, leaving a lasting impression on the audience. For example, ""Mrs. Shun,"" portrayed by Lydia Shum, later became a term to describe uneducated women who follow trends blindly. ""Chen Ji,"" played by Lawrence Ng, is a stockbroker who loves to show off his wealth, and his behavior typified that of many Hong Kongers, becoming a byword for the city's nouveau riche.",1981-06-08,40.2948,0.0,/6IpuLrhh7XZfIvz0OmFOSJdSORe.jpg,"Comedy, Drama, Family"
Black Butler,series,"[16, 35, 18, 9648, 10765]","In Victorian London, 12-year-old business magnate Ciel Phantomhive thwarts dangers to the queen as he's watched over by his demon butler, Sebastian.",2008-10-02,36.8188,7.754,/iXGs130TRoUplHf0o86zp9MqAYc.jpg,"Animation, Comedy, Drama, Mystery, Sci-Fi & Fantasy"
Arthur,series,"[16, 35, 10762, 10751]","The show revolves around the lives of 8-year-old Arthur Read, an anthropomorphic aardvark, his friends and family, and their daily interactions with each other.",1996-10-07,37.8693,7.0,/nYN8okmcsmhd4bGVcqifZ5OCumB.jpg,"Animation, Comedy, Kids, Family"
After Midnight,series,"[35, 10767]","Celebrated comedian Taylor Tomlinson hosts the smartest show on television about the dumbest things on the internet alongside a panel of guests from the worlds of entertainment, comedy, music, and beyond.",2024-01-17,37.5575,5.458,/7O67hHXEaiW30UQdunBqlyPsfGh.jpg,"Comedy, Talk"
Georgie & Mandy's First Marriage,series,[35],"Georgie and Mandy raise their young family in Texas while navigating the challenges of adulthood, parenting, and marriage.",2024-10-17,36.3045,8.015,/3z2mYFxUkzanb2eeIcVyfJq0G3q.jpg,Comedy
Can Bagi,series,[10766],"A mother and businessman discover their daughters were switched at birth. To save one child's life through stem cell donation, they agree to a marriage of convenience, but their arrangement leads to unexpected feelings.",2025-04-03,40.3557,8.2,/76tQHU89vfwNYVNU1q1gCnQCvUc.jpg,Soap
Archer,series,"[35, 10759, 16]",Smart-mouthed superspy Sterling Archer and his dysfunctional team of secret agents turn dangerous missions into messy misadventures around the globe.,2009-09-17,36.3997,7.941,/vhnrkTGYPqcB63ALcSJm0WoaKHT.jpg,"Comedy, Action & Adventure, Animation"
Delicious in Dungeon,series,"[16, 35, 10759, 10765]","Dungeons, dragons... and delicious monster stew!? Adventurers foray into a cursed buried kingdom to save their friend, cooking up a storm along the way.",2024-01-04,39.0768,8.408,/9t3DYdGxK3i4WRzKvIZwJd4kBnr.jpg,"Animation, Comedy, Action & Adventure, Sci-Fi & Fantasy"
The Ark,series,"[10765, 9648]","100 years in the future, planetary colonization missions have begun as a necessity to help secure the survival of the human race. The first of these missions on a spacecraft known as Ark One encounters a catastrophic event causing massive destruction and loss of life. With more than a year left to go before reaching their target planet, a lack of life-sustaining supplies and loss of leadership, the remaining crew must become the best versions of themselves to stay on course and survive.",2023-02-01,43.5191,6.415,/rec774m02XNLSjU9qm5z6UUfMRl.jpg,"Sci-Fi & Fantasy, Mystery"
Matlock,series,"[18, 80]","Thrifty, folksy and cantankerous, Matlock charges a premium for his services but is worth every penny: This renowned attorney, always clothed in his trademark light-gray suit and driving his signature Ford Crown Victoria, has an uncanny knack for finding overlooked clues and exposing murderers in dramatic courtroom scenes.",1986-03-03,36.4602,7.092,/2eGYyekQjcAXVmcYW1g4keR4plV.jpg,"Drama, Crime"
Xplay,series,[],"Xplay (previously GameSpot TV and Extended Play) is a TV program about video games. The program, known for its reviews and comedy skits, airs on G4 in the United States and had aired on G4 Canada in Canada (and briefly on YTV during its time as GameSpot TV), FUEL TV in Australia, Ego in Israel, GXT in Italy, MTV Russia & Rambler TV in Russia, Solar Sports in the Philippines and Adult Swim and MuchMusic in Latin America. The show ran between July 4, 1998, and January 23, 2013, and returned in November 2021 as a part of G4's relaunch.",2003-04-28,38.4538,8.5,/7ynD7g4U9hOODu1Jzf6VN4zQc6a.jpg,
Galileo,series,[99],"This daily German magazine show delivers interesting facts on numerous topics centering around technology, life, and bizarre knowledge.",1998-11-30,40.3594,4.8,/VwqwId0kD9NIT0cTWx3Is6Jar5.jpg,Documentary
Throne of Seal,series,"[16, 10759, 18, 10765]","Six thousand years ago, the Demon God appeared and creatures were turned into demons. The mankind created six Temples to fight the demons. Long Haochen joins the Knights Temple. As he grows, an adventure unfolds. He wins the recognition of others and fights with the Six Temples against the demons for the sake of human beings. He sacrifices himself to protect the people. Could Long win the Throne of Seal and be granted the highest honor in the Knights' Temple? All remained to be revealed.",2022-04-28,34.0903,8.609,/ehRRWs1EfeYiX4ysLLapWeKG4Pq.jpg,"Animation, Action & Adventure, Drama, Sci-Fi & Fantasy"
Marika's Love Meter Malfunction,series,"[16, 35]","Now I can see how much my crush likes me. I lack the courage to confess to my childhood friend, Marika. One day, I make a strong wish upon a shooting star: To read someone's feelings like in a dating sim. The very next day, much to my surprise, that wish came true…?! Lovemeters now appear over the girls in my class. Confused by this surreal sight, I check Marika's, only to find her meter's plummeted to the rotten depths of hell...?! Marika, if you hate me, then why were you always so kind...? What are Marika's hidden true feelings? Does she really hate me, or...?!",2026-04-06,28.2366,5.2,/goTRtjrMg5vpSmJXioMbis9RFG1.jpg,"Animation, Comedy"
Ascendance of a Bookworm,series,"[16, 18, 10765]","When a sickly young girl suddenly becomes obsessed with inventing new things, her family and friends are all puzzled. ""What has gotten into Myne?"" they wondered, never dreaming that the answer is not a ""What"" but a ""Who"": Urano Motosu, a book-loving apprentice librarian who died in an earthquake in Tokyo who somehow found herself in Myne's body! And since Myne's world is still in a medieval stage, where books can only be owned by the elite, the new Myne intends to do everything she can to bring her beloved books to the masses in the time she has left.",2019-10-03,36.2152,8.097,/aVGueAM88cc4sX6PeMvuAPObDc4.jpg,"Animation, Drama, Sci-Fi & Fantasy"
Mentiras verdaderas,series,"[10767, 10763]",Daily interviews discussing the guest's personal lives and national contingency.,2011-10-11,39.6668,5.5,/lBm5uxFGU40Hz7wztTAcsvh6Ng9.jpg,"Talk, News"
Supreme God Emperor,series,"[16, 10765, 18, 10759]","Ten thousand years after his betrayal, Immortal King Mu Yun awakens in the body of a ""useless"" young man. With hidden alchemy skills and the Slaughter Immortal Diagram, he cures Qin Mengyao, uncovering her Ice Phoenix spirit. As their bond grows, jealous rival Dongfang Yu seeks revenge. Mu Yun embarks on a training journey—unaware assassins await their chance to strike.",2020-05-18,28.5835,7.4,/8vmZErkbw5d5iwXHO23zVmvixOB.jpg,"Animation, Sci-Fi & Fantasy, Drama, Action & Adventure"
Punk'd,series,"[35, 10764]",What happens when the biggest stars in the world get too high on the Hollywood hog? When their bank accounts start swelling bigger than their heads? Master prankster Ashton Kutcher is there to punk 'em down to earth.,2003-03-17,35.8663,5.1,/sqcaFHnnJU1nIbUikN3cpm9Mjn9.jpg,"Comedy, Reality"
"Crazy Love, Moo-Moo!",series,[18],"To drive away a persistent admirer, MooMoo interns at his hotel to show off his worst habits, only to find himself falling for the man he hates.",2026-05-09,43.8623,7.8,/bpj6cELj5j3SzkMoncQCYDY19Ve.jpg,Drama
Oggy and the Cockroaches,series,"[16, 35, 10751, 10759, 10765]","Oggy, an anthropomorphic cat, would prefer to spend his days watching television and eating, but is continuously pestered by three roaches: Joey, Marky and Dee Dee. The cockroaches' slapstick mischief ranges from plundering Oggy's refrigerator to hijacking the train he just boarded. In many situations Oggy is also helped by Jack, who is more violent and short-tempered than him and is also annoyed by the cockroaches. Bob, a short-tempered bulldog, also appears in the show, and is Oggy's neighbor.",1999-09-06,37.6178,7.5,/aFAN9aKm0OblOr30ROejJCV8rGf.jpg,"Animation, Comedy, Family, Action & Adventure, Sci-Fi & Fantasy"
One-Punch Man,series,"[16, 35, 10759, 10765]","Saitama is a hero who only became a hero for fun. After three years of “special” training, though, he’s become so strong that he’s practically invincible. In fact, he’s too strong—even his mightiest opponents are taken out with a single punch, and it turns out that being devastatingly powerful is actually kind of a bore. With his passion for being a hero lost along with his hair, yet still faced with new enemies every day, how much longer can he keep it going?",2015-10-05,38.448,8.366,/dT10AxJIXVvRwFAew4tt2RhzJrD.jpg,"Animation, Comedy, Action & Adventure, Sci-Fi & Fantasy"
Amrit Manthan,series,"[18, 10766]","Amrit Manthan is an Indian television soap opera, which premiered on 26 February 2012. It airs on Life OK Monday through Friday. It is the story of two sisters who become each other's enemies. At first, it was about the bond between two sisters, Nimrit and Amrit. Now, it shows the bond between another pair of sisters, Gurbani and Jyoti. The show will air its last episode on Friday, 2 August 2013 and be replaced by a new show called Gustakh Dil",2012-02-26,35.5087,0.0,/A42W4oBjbIV2aVDLa1vD4m1bpDB.jpg,"Drama, Soap"
Though I Am an Inept Villainess,series,"[16, 18, 10765]","Just as His Highness’s favored butterfly Reirin is beloved by the prince, jealous “court sewer rat” Keigetsu uses magic to swap their bodies—and their destinies. With a looming execution, Reirin embraces her new, healthy body, while Keigetsu learns Reirin’s life isn’t what it seems as she’s pulled into an inner-court conspiracy.",2026-07-12,36.6734,8.5,/yZHCMXL2xYS988rYxR1D8YrTzeD.jpg,"Animation, Drama, Sci-Fi & Fantasy"
Judge Judy,series,[80],"Judge Judy is an American arbitration-based reality court show presided over by retired Manhattan Family Court Judge Judith Sheindlin. The show features Sheindlin adjudicating real-life small claims disputes within a simulated courtroom set. All parties involved must sign contracts, agreeing to arbitration under Sheindlin. The series is in first-run syndication and distributed by CBS Television Distribution.

Judge Judy, which premiered on September 16, 1996, reportedly revitalized the court show genre. Only two other arbitration-based reality court shows preceded it, The People's Court and Jones and Jury. Sheindlin has been credited with introducing the ""tough"" adjudicating approach into the judicial genre, which has led to several imitators. The two court shows that outnumber Judge Judy's seasons, The People's Court and Divorce Court, have both lasted via multiple lives of production and shifting arbiters, making Sheindlin's span as a television arbiter the longest.",1996-09-16,40.014,5.753,/pRjTr7Om4qcjxVVZZW68zQA6J8x.jpg,Crime
Lethal Weapon,series,"[10759, 80, 18, 35]",A slightly unhinged former Navy SEAL lands a job as a police officer in Los Angeles where he's partnered with a veteran detective trying to keep maintain a low stress level in his life.,2016-09-21,32.7233,7.306,/grGOtTZ0OfNQoWnNtdJOiY1LB8e.jpg,"Action & Adventure, Crime, Drama, Comedy"
You and I Are Polar Opposites,series,"[16, 35]","Suzuki's a high school girl in love, but the guy she's fallen for is nothing like her! While she's cheerful, outgoing, and always trying to fit in, her classmate Yusuke Tani is stoic, quiet, and doesn't seem to care what people think of him. Will Suzuki be able to overcome her anxieties and ask him out, or will she discover that opposites really don't attract?",2026-01-11,33.668,8.678,/nzSWPAhZQ6Y95doEQWURg44Qr7a.jpg,"Animation, Comedy"
Emily in Paris,series,"[18, 35]",New passions. New fashions. New Emily? A plucky American marketing whiz spreads her wings in life and love after landing her dream job in Paris.,2020-10-02,33.9774,7.5,/c0bkO416OU7YGdOFktk45H8REgL.jpg,"Drama, Comedy"
Curious George,series,"[16, 10751, 10762]","With the help of his friend “The Man in the Yellow Hat,” a curious little monkey named George sets out on adventures to learn about the world around him.",2006-09-04,35.6704,7.2,/1FsihcjjTrzkmD9i8hRPzE6GhZf.jpg,"Animation, Family, Kids"
CentoVetrine,series,"[10766, 18]","The series tells the stories of some of the characters who work or are related to an imaginary shopping center Centovetrine, located in the center of Turin. There are many stories of love and passion, but also struggles for power and dynastic quarrels in the telefilm.",2001-01-08,41.2291,6.667,/25v6iDGmIpyG3zndfYdt4KfQgQ9.jpg,"Soap, Drama"
Nurse Jackie,series,"[18, 35]","Every day is a matter of life and death in a hectic New York City hospital, but for Nurse Jackie that's the easiest part. Between chronic back pain that won't quit, and a personal life on the constant edge of collapse, it's going to take a white lie here, a bent rule there, and a handful of secret strategies to relieve the pain, and stay one step ahead of total disaster.",2009-06-08,38.4341,7.112,/efKrmVB9Jwmh6HxFjED6FyeOUpW.jpg,"Drama, Comedy"
Beavis and Butt-Head,series,"[16, 35]","Two dimwitted teenagers discuss TV, heavy-metal music, nachos, and trying to ""score with chicks."" When the duo aren't sitting on the couch, they try to pick up girls at the local convenience store, slack off at school, or wreak havoc while working at a burger joint.",1993-03-08,35.9566,7.082,/8BwmD9hMsfUHTAAsVephjJS8pIF.jpg,"Animation, Comedy"
El cor de la ciutat,series,[10766],"El cor de la ciutat is a TVC television soap opera first broadcast on TV3 on 11 September 2000 and last broadcast on 23 December 2009. The show is the most watched fiction program in Catalonia, Spain, especially among female audiences, drawing around 28-33% of the audience with as much as 40% during season finales. El cor de la ciutat follows the lives of the people who live and work in the neighbourhood of Sants and Sant Andreu in Barcelona, Catalonia, Spain.",2000-09-11,39.4009,5.357,/xQ83cJA8AxoQMZe8ADApWrRZB1v.jpg,Soap
Marvel's Avengers,series,"[10759, 16, 10765]","The further adventures of the Marvel Universe's mightiest general membership superhero team. With an all-star roster consisting of Iron Man, Captain America, Thor, Hulk, Hawkeye, Falcon and, occasionally--when she feels like it and only when she feels like it--Black Widow, the Avengers are a team in the truest sense. The Avengers save the world from the biggest threats imaginable--threats no single super hero could withstand.",2013-05-26,35.2179,7.541,/aVYPq7FSvsdNQOXVIFnndXJPCXn.jpg,"Action & Adventure, Animation, Sci-Fi & Fantasy"
Redo of Healer,series,"[16, 10759, 10765, 18, 80]","In a world of monsters, adventurers and magic, some of the most gifted healers are subjugated to brute force. Keyaru gains the ability to rewind time and turns the tables on those who’ve exploited him in this dark fantasy tale of vengeance and fury.",2021-01-13,34.567,8.287,/9T7TT0w92RbeRP5QSnNq81HHxde.jpg,"Animation, Action & Adventure, Sci-Fi & Fantasy, Drama, Crime"
Bad Boy,series,"[35, 9648]","Scott, a mild-mannered gay writer in Los Angeles, gets wrapped up into a world of bad boys and their crime-filled past after being adopted as their “Daddy Scott”, whether he likes it or not.",2018-03-11,33.8435,5.3,/k3v7xCh5f1nD3lbvVon2dlfnDYe.jpg,"Comedy, Mystery"
Stardom on Stardom World,series,"[10759, 18, 35]","Stardom World is the VOD network for World Wonder Ring Stardom. WWR Stardom is a Japanese women's promotion started in 2011 featuring matches of many varieties including high speed octane action, long brutal brawls, and even costume battle royals. In 2019, the promotion was acquired by Bushiroad and has since become one of the top wrestling promotions in Japan.",2011-01-23,40.5116,8.7,/liGgY9uimx9jmv89x49jHtb8Ndl.jpg,"Action & Adventure, Drama, Comedy"
Neon Genesis Evangelion,series,"[10765, 16, 18]","At the turn of the century, the Angels returned to Earth, seeking to wipe out humanity in an apocalyptic fury. Devastated, mankind's last remnants moved underground to wait for the day when the Angels would come back to finish the job. Fifteen years later, that day has come... but this time, humanity is ready to fight back with terrifying bio-mechanical weapons known as the Evangelions. Watch as Shinji, Rei, Asuka and the rest of the mysterious shadow agency Nerv battle to save earth from total annihilation.",1995-10-04,37.9717,8.563,/y2ah9t0navXyIvoHg1uIbIHO3tt.jpg,"Sci-Fi & Fantasy, Animation, Drama"
Tomb Raider King,series,"[10759, 16, 10765]","Chaos ensues overnight when mysterious tombs suddenly surface, filled with divine relics granting overwhelming power, triggering a global power struggle to claim them for dominion. Among the havoc, a raider, Jooheon Suh, is betrayed and left for dead until a second chance brings him back years before the relics. Fueled by fury and future knowledge, he sets out to raid each tomb before they arise.",2026-07-08,35.035,8.3,/xDW6cor12UD0b2IqboQWnrIn0UO.jpg,"Action & Adventure, Animation, Sci-Fi & Fantasy"
American Crime Story,series,"[80, 18]",An anthology series centered around some of history's most famous criminal investigations.,2016-02-02,32.2694,7.6,/dtIS3Qk8ny1FWQLiuJ77MTDX5bZ.jpg,"Crime, Drama"
Widow's Bay,series,"[18, 35, 9648]","The mayor of a New England town resolves to turn it into the next tourist hot spot, despite local warnings that it's cursed.",2026-04-28,35.6743,8.074,/vKq8XEJKxQTHd2Bm5zZMFPUrke7.jpg,"Drama, Comedy, Mystery"
Big Love,series,[18],"The story of Bill Henrickson and his life in suburban Salt Lake City, balancing the needs of his three wives -- Barb, Nicki and Margene-- their seven kids, three new houses and the opening of his newest hardware store. When disturbing news arrives about Bill's father, he is forced to reconnect with his polygamist parents who live on a fundamentalist compound in rural Utah.",2006-03-12,36.5315,6.925,/38aaxDXz4qim9M85VTzpUecKlq9.jpg,Drama
Wheel of Fortune,series,"[10751, 10764]","This game show sees contestants solve word puzzles, similar to those used in Hangman, to win cash and prizes determined by spinning a giant carnival wheel.",1983-09-19,36.2501,6.889,/4S36URhKU4sBL1gC2B5UxmTlZMl.jpg,"Family, Reality"
