title,type,genre_ids,overview,release_date,popularity,vote_average,poster_path
Spider-Man: Brand New Day,movie,"[878, 28, 12]",Fighting crime full-time as Spider-Man in a world that doesn't remember him—and the pressure of seeing his old friends move on without him—sparks a change in Peter Parker he may not have the power to control. But that transformation might also be the only thing that can stop a shocking new threat to the city and those he loves - a powerful villain no one can even see.,2026-07-29,952.532,7.873,/bjiS5ipwxb9JFy3XRRN4OAilSeX.jpg
The Odyssey,movie,"[12, 28, 14]","Odysseus, the legendary King of Ithaca, embarks on a long and perilous journey home following the Trojan War. Throughout his voyage, he is forced to confront the whims of gods, mythological monsters, and trials that stretch both his cunning and his humanity to the breaking point.",2026-07-15,544.3226,7.99,/5rhTDKUhPYvpdQIijFIs5VoWsON.jpg
Mutiny,movie,"[28, 53]","After witnessing his billionaire boss' murder and being framed for the crime, Cole Reed boards a cargo ship on a one-man crusade to avenge his boss' death only to discover an international conspiracy.",2026-08-19,412.2288,6.36,/pu2VxGlpGwffOx292w18b1tv96j.jpg
The Last Sunrise,movie,"[10749, 18]","Ry, a college student with a chronic illness, escapes to Mallorca for the summer with her mother, where she unexpectedly falls for a local and begins to embrace living in the moment. But as her condition worsens and long-hidden family secrets come to light, everything she has found before summer's end is threatened.",2026-08-26,318.6222,6.6,/3PWJqDfygN0YNNjWsDUOXclCp3h.jpg
Facing El Chapo,movie,"[80, 28, 53]",Two Mexican officers must survive the final hours of their shift after crossing a ruthless cartel boss.,2026-08-21,275.713,8.867,/z8eF0ACFFKtIZ4pUeo02PCzxRVO.jpg
Toxic: A Fairy Tale for Grown-ups,movie,"[28, 80, 18]","A powerful drug cartel pulls the strings behind a facade of sun-soaked beaches as a gritty, violent underworld power struggle emerges during the crumbling of Portuguese colonial rule.",2026-08-26,260.8412,7.3,/oiIPU4lvnI0Ag2K9cyAi44eCaoE.jpg
Coyote vs. Acme,movie,"[35, 12, 10751]","After Acme products fail him one too many times in his dogged pursuit of the Roadrunner, Wile E. Coyote decides to hire a billboard lawyer to sue the Acme Corporation.",2026-08-20,246.8996,7.829,/vhv7lBWYM0DUuNU2a0V7Rhq21dD.jpg
Obsession,movie,"[27, 53]","After breaking the mysterious ""One Wish Willow"" to win his crush's heart, a hopeless romantic finds himself getting exactly what he asked for but soon discovers that some desires come at a dark, sinister price.",2026-05-13,218.7101,8.205,/bRwnj8WEKBCvmfeUNOukJPwB43K.jpg
Pinocchio: Unstrung,movie,"[27, 14, 9648]","Influenced by a sinister Cricket and created by Geppetto, Pinocchio launches a violent crusade to carve himself into a real boy like his brother James, one piece at a time.",2026-07-22,230.3675,6.688,/eUJXk3bTvLBi5Zcb0BCedZU7lVL.jpg
Shape of My Heart,movie,[10749],"A romance about a man and a woman who, due to an unexpected event, end up switching bodies. Despite coming from completely different backgrounds and environments, the two try to overcome the various difficulties that arise from their body swap.",2024-07-06,270.7527,5.2,/3r0O6BW9USoZ9mteCVyNKMQriRL.jpg
The Whisper Man,movie,"[80, 18, 53]","When his young son vanishes, a widower enlists help from his estranged father, a retired detective who put away the serial killer now linked to the case.",2026-08-27,233.5012,6.377,/6UqflU8Qqkz7Dq4swJPqs0ZJjY4.jpg
Rage of Stars,movie,"[28, 878, 53]","A story about a woman from the International Special Forces Unit, who has a premonition about the impending end of humanity.",2026-08-06,198.3525,5.554,/oLld47ZT1I3iecM3OWhIphohQUJ.jpg
Toy Story 5,movie,"[16, 10751, 35, 12]","When Bonnie receives a Lilypad tablet as a gift and becomes obsessed, Buzz, Woody, Jessie and the rest of the gang's jobs become exponentially harder when they have to go head to head with the all-new threat to playtime.",2026-06-17,205.144,8.31,/sfQtVlIHljToOwYjhe21KPGzZWK.jpg
Colony,movie,"[28, 27, 878]","Professor Se-jeong is thrust into a bloody nightmare when a rapidly mutating virus is released during a biotech conference causing authorities to seal the facility. Trapped inside with no escape, Se-jeong along with a small group of survivors must fight to stay alive while the infected undergo horrific transformations.",2026-05-21,177.3214,8.093,/tN799oUR0f1gUKDYdMNrDaY7I51.jpg
Moana,movie,"[10751, 14, 35, 12]","Teenage Moana answers the Ocean's call and, for the first time, voyages beyond the reef of her island of Motunui with infamous demigod Maui on an unforgettable journey to restore prosperity to her people.",2026-07-08,174.0445,6.139,/zKVgiv5qHCvCLT4A2ymJi5QeXDH.jpg
Minions & Monsters,movie,"[12, 16, 35, 10751, 14]","This is the rambunctious, ridiculous and totally true story of how the Minions conquered Hollywood, became movie stars, lost everything, unleashed monsters onto the world and then banded together to try and save the planet from the mayhem they had just created.",2026-06-24,183.0322,7.593,/4LwvU9SZc8QQzW1X1FAPhNbXnEU.jpg
Batman: Knightfall Part 1: Knightfall,movie,"[16, 28, 12, 878, 80, 18]","Arkham Asylum has been destroyed, and all its inmates have been unleashed upon Gotham City. As Batman races to round up some of his greatest enemies, he is pushed to his physical and mental limits and into a final confrontation with a new threat: the man called Bane!",2026-06-23,164.715,9.0,/360qdtu2hLnqMu8SVHMywn420w1.jpg
Ghost in the Cell,movie,"[27, 35, 53]","In a notorious prison, an invisible force begins killing inmates brutally, compelling enemy gangs and corrupt guards to work together as they try to survive the mounting bloodshed.",2026-04-16,159.9308,7.0,/zxcMdx0w5Zmg8yZuuiS7CJ8vOea.jpg
Above & Below,movie,"[28, 53, 27, 80]",A group of friends set off for an unforgettable vacation. What begins as an adventure of partying and diving quickly turns into a nightmare when they are attacked by criminals in open waters.,2026-07-29,148.3248,6.2,/7bOuu1SRALGwsG2fLCTvRkCmQBj.jpg
Spider-Man: No Way Home,movie,"[28, 12, 878]","Peter Parker is unmasked and no longer able to separate his normal life from the high-stakes of being a super-hero. When he asks for help from Doctor Strange the stakes become even more dangerous, forcing him to discover what it truly means to be Spider-Man.",2021-12-15,131.4164,7.945,/1g0dhYtq4irTY1GPXvft6k4YLjm.jpg
Rosebush Pruning,movie,"[35, 18, 53]","In a Spanish villa, American siblings Jack, Ed, Anna and Robert wallow in isolation and their inherited fortune. When Jack wants to move in with his girlfriend and Ed uncovers the truth about their mother’s death, the fabric of the family begins to unravel.",2026-04-23,127.5928,6.0,/rsHEVjzxU8cxz1sm3vboj99daNv.jpg
Backrooms,movie,"[27, 9648, 878]",A strange doorway appears in the basement of a furniture showroom.,2026-05-27,122.1488,7.064,/rhGx6E3qRNMgj3i5su2oukNHwIQ.jpg
Disclosure Day,movie,"[878, 53]","A cybersecurity expert becomes a whistleblower after uncovering secrets about aliens, putting him on the run from a corporation. Meanwhile, a meteorologist experiencing strange phenomena joins forces with him to prove there's life beyond our understanding.",2026-06-10,109.1435,7.48,/AnJ8IQJI23hNpYXVNaythu061Ru.jpg
The Dog Stars,movie,"[878, 12, 53]","After the world's population has been ravaged by a pandemic, a man lives a lonesome existence in a Colorado airplane hangar with his dog and a dour gunman he has befriended. When a mysterious transmission comes through on the radio while he’s flying his old Cessna, it sparks a hunt for the provenance of the sound.",2026-08-26,117.1592,6.704,/5O616X9vmRzQdB68PHzBewPittd.jpg
Hotel Desire,movie,"[18, 10749]","Antonia is a single mother who works as a hotel maid in Berlin. A normal hot summer day takes a dramatic turn when she crosses paths with a particular guest of the hotel, famous blind portrait painter Julius Pass.",2011-12-07,96.3054,6.16,/47XRWH95ATv4szxdWHl723guWXP.jpg
The Death of Robin Hood,movie,"[12, 18, 28]","Grappling with his past after a life of crime and murder, Robin Hood finds himself gravely injured after a battle he thought would be his last. In the hands of a mysterious woman, he is offered a chance at salvation.",2026-06-18,119.3583,6.275,/13MmRwmG5NmaMfU8qNrtgGXisiD.jpg
Motor City,movie,"[28, 53, 80]","In 1970s Detroit, John Miller falls for a local gangster's girl and lands in prison for a crime he didn't commit. With his life ruined, Miller plots revenge against the man who took his girl away.",2026-07-23,91.561,6.302,/dx2dblJL3GAKcXXXPjC2FSaMTWW.jpg
Project Hail Mary,movie,"[878, 12]","Science teacher Ryland Grace wakes up on a spaceship light years from home with no recollection of who he is or how he got there. As his memory returns, he begins to uncover his mission: solve the riddle of the mysterious substance causing the sun to die out. He must call on his scientific knowledge and unorthodox ideas to save everything on Earth from extinction.",2026-03-15,103.6085,8.646,/yihdXomYb5kTeSivtFndMy5iDmf.jpg
Bury the Devil,movie,"[27, 53]","When a hospice nurse finds herself trapped with a dementia patient, she begins to suspect something else is wrong with the woman, something otherworldly, and must fight to survive the night.",2026-03-06,88.2917,6.313,/yQ3GeVsebrhOPIBhIdoSslbndEv.jpg
The Shawshank Redemption,movie,"[18, 80]","Imprisoned in the 1940s for the double murder of his wife and her lover, upstanding banker Andy Dufresne begins a new life at the Shawshank prison, where he puts his accounting skills to work for an amoral warden. During his long stretch in prison, Dufresne comes to be admired by the other inmates -- including an older prisoner named Red -- for his integrity and unquenchable sense of hope.",1994-09-23,105.9697,8.729,/9cqNxx0GxF0bflZmeSMuL5tnGzr.jpg
War of the Worlds,movie,"[878, 53]","Will Radford is a top analyst for Homeland Security who tracks potential threats through a mass surveillance program, until one day an attack by an unknown entity leads him to question whether the government is hiding something from him... and from the rest of the world.",2025-07-29,94.7523,4.036,/yvirUYrva23IudARHn3mMGVxWqM.jpg
Scary Movie,movie,[35],"Twenty-six years after outrunning a suspiciously familiar masked killer, the Core Four are back in the killer's crosshairs and no horror movie IP is safe.",2026-06-03,94.9296,6.4,/znHT8peERZRWG1ME3r0Db0EV8k8.jpg
Avengers: Infinity War,movie,"[12, 28, 878]","As the Avengers and their allies have continued to protect the world from threats too large for any one hero to handle, a new danger has emerged from the cosmic shadows: Thanos. A despot of intergalactic infamy, his goal is to collect all six Infinity Stones, artifacts of unimaginable power, and use them to inflict his twisted will on all of reality. Everything the Avengers have fought for has led up to this moment - the fate of Earth and existence itself has never been more uncertain.",2018-04-25,91.1625,8.242,/7WsyChQLEftFiDOVTGkv3hFpyyt.jpg
Supergirl,movie,"[28, 12, 878]","When an unexpected and ruthless adversary strikes too close to home, Kara Zor-El, aka Supergirl, reluctantly joins forces with an unlikely companion on an epic, interstellar journey of vengeance and justice.",2026-06-24,90.8484,6.721,/uhzRnTW4DM13UQBvZP3eVNzQTuz.jpg
Lucky Strike,movie,"[28, 10752]","A wounded American soldier fights to survive behind enemy lines during WWII's Battle of the Bulge against the Germans, relying on his instinct, spy craft and a hand-radio to evade capture and find his way back to his unit.",2026-06-26,86.1537,7.0,/7AEBdyGYXumXWmMFeynE8227KeZ.jpg
OBEX,movie,"[14, 12, 27]","Conor Marsh lives a secluded life with his dog, Sandy, until one day he begins playing OBEX, a new, state-of-the-art computer game. When Sandy goes missing, the line between reality and game blurs and Conor must venture into the strange world of OBEX to bring her home.",2026-01-09,95.5861,6.143,/989voQxc9qAJKuBaoBHngqnpLsD.jpg
Masters of the Universe,movie,"[28, 14, 878]","After being separated for 15 years, the Sword of Power leads Prince Adam back to Eternia, where he discovers his home shattered under the fiendish rule of Skeletor. To save his family and his world, Adam must join forces with his closest allies, Teela and Duncan/Man-At-Arms, and embrace his true destiny as He-Man — the most powerful man in the universe.",2026-06-03,85.5991,7.153,/oRuyGUHdoaQxWP3SDfafGkStxTC.jpg
Evil Dead Burn,movie,[27],"After her husband's abrupt death, Alice seeks solace with his remaining family — descendants of a leading researcher on demonic possession. As her in-laws transform one by one into creatures that feed on fear, she comes to discover that the vows she took in life survive even in death.",2026-07-07,75.37,7.758,/uRxrNXQWkHoENm3nwVOZDYSCx2F.jpg
The Odyssey,movie,"[12, 14, 28]","Based on the Ancient Greek epic. After ten years of war, King Odysseus sets sail for Ithaca, eager to reunite with his beloved. But his journey home is far more treacherous than the battlefield, as he must face deadly monsters and vengeful gods to survive.",2026-07-03,80.2276,4.071,/b0z3ViIC5AkbJoqxmTpqyjgmoJs.jpg
The End of Oak Street,movie,"[878, 9648, 53]","After a mysterious cosmic event rips Oak Street from suburbia and transports their neighborhood to someplace unknown, the Platt family soon discovers that their very survival depends on them sticking together as they navigate their now unrecognizable surroundings.",2026-08-12,77.1397,6.352,/fYXqpgPmHMphSF2W30GbTeJVIa5.jpg
Demon Slayer: Kimetsu no Yaiba Infinity Castle,movie,"[16, 28, 14]","The Demon Slayer Corps are drawn into the Infinity Castle, where Tanjiro, Nezuko, and the Hashira face terrifying Upper Rank demons in a desperate fight as the final battle against Muzan Kibutsuji begins.",2025-07-18,82.6003,8.789,/fWVSwgjpT2D78VUh6X8UBd2rorW.jpg
The Last House,movie,"[27, 878, 53]",A family suddenly sealed inside their home must work together to survive against dwindling resources and the ominous threat keeping them trapped.,2026-08-06,84.6298,6.909,/6JU7E8Vv2M11egkctWVOScxWR75.jpg
Avatar Aang: The Last Airbender,movie,"[16, 28, 12, 14]","Avatar Aang, the world's last Airbender, learns of an ancient power that could save his culture from extinction. With the help of his friends, he embarks on a global quest to find it before it falls into the wrong hands and threatens to upend the peace they sacrificed everything to achieve.",2026-07-24,82.0412,9.194,/3sgnSfNT27Bx5O5ukr7B26mhEQq.jpg
Deep Water,movie,"[27, 53]",A group of international passengers on a flight from Los Angeles to Shanghai is forced to make an emergency landing in shark-infested waters. The terrified group is forced to work together and overcome their differences if they hope to escape their sinking plane and the frenzy of sharks drawn to the wreckage.,2026-04-30,79.0903,7.113,/cyI2Ugpq98WZN1GEYeWkn4ztXOc.jpg
Animals,movie,"[35, 53]","Four couples sail the thin line between desire and search for authenticity, in a world where truth is as fragile as their relationships.",2026-02-05,84.9298,6.313,/9fbZdiOI9fRinl44mNm3CYgEtYR.jpg
Avatar: Fire and Ash,movie,"[878, 12, 14]","In the wake of the devastating war against the RDA and the loss of their eldest son, Jake Sully and Neytiri face a new threat on Pandora: the Ash People, a violent and power-hungry Na'vi tribe led by the ruthless Varang. Jake's family must fight for their survival and the future of Pandora in a conflict that pushes them to their emotional and physical limits.",2025-12-17,77.3222,7.652,/bRBeSHfGHwkEpImlhxPmOcUsaeg.jpg
The Secret Woman,movie,"[18, 53, 9648]","After discovering she has a family and a shipping empire, a woman with amnesia returns to a wealthy and seemingly perfect past to uncover why she left.",2026-08-28,78.4959,6.325,/5FC5vUHFz0fbJOd0bhyzJpCSLrc.jpg
Jackass: Best and Last,movie,"[28, 35, 99]",The fifth and final installment to Jackass franchise where the crew go on one last insane crusade.,2026-06-25,73.8562,7.557,/tfgccePxnswMqhmtxafliLlcCVR.jpg
Zootopia 2,movie,"[16, 12, 35, 9648, 10751]","After cracking the biggest case in Zootopia's history, rookie cops Judy Hopps and Nick Wilde find themselves on the twisting trail of a great mystery when Gary De'Snake arrives and turns the animal metropolis upside down. To crack the case, Judy and Nick must go undercover to unexpected new parts of town, where their growing partnership is tested like never before.",2025-11-26,77.6121,7.675,/oJ7g2CifqpStmoYQyaLQgEU32qO.jpg
Your Heart Will Be Broken,movie,[10749],"High school student Polina is saved from bullying at her new school and makes a deal with the main bully Bars: he must pretend to be her boyfriend and protect her, and she must do everything he says. During this game, the couple develops real feelings, but her family and classmates have reasons to separate the lovers.",2026-03-26,67.8649,7.099,/7wIBfBl2gejt6xHxNSK0reVIm7E.jpg
Michael,movie,"[10402, 18]","The story of Michael Jackson, one of the most influential artists the world has ever known, and his life beyond the music. His journey from the discovery of his extraordinary talent as the lead of the Jackson Five, to the visionary artist whose creative ambition fueled a relentless pursuit to become the biggest entertainer in the world, highlighting both his life off-stage and some of the most iconic performances from his early solo career.",2026-04-22,67.4345,8.657,/dueFqKLvjftnELZaGYwY7xinfaI.jpg
Insidious: Out of the Further,movie,"[27, 53]","Gemma, a young mother raising her daughter in the house she grew up in, discovers she can travel into The Further, where she possesses an ability to bring what lives there back to the real world.",2026-08-19,70.6641,6.617,/4tTrW9dXCByS5wt2pXVWb58zNjz.jpg
The Devil Wears Prada 2,movie,"[35, 18]","Andy Sachs returns to Runway as Miranda Priestly navigates a new media landscape and Runway's position within. The duo reconnect with former assistant Emily Charlton, now the head of a luxury brand that possesses funding which could ensure Runway's survival.",2026-04-29,71.9343,7.055,/xTI42pmsP5EDnvsNJPEDubwWBQO.jpg
Spider-Man: Across the Spider-Verse,movie,"[16, 28, 12, 878]","After reuniting with Gwen Stacy, Brooklyn’s full-time, friendly neighborhood Spider-Man is catapulted across the Multiverse, where he encounters the Spider Society, a team of Spider-People charged with protecting the Multiverse's very existence. But when the heroes clash on how to handle a new threat, Miles finds himself pitted against the other Spiders and must set out on his own to save those he loves most.",2023-05-31,76.865,8.347,/8Vt6mWEReuy4Of61Lnj5Xj704m8.jpg
Fatal Conspiracy,movie,[27],"Davi Martins, a commercial director of a financial institution, and Juliana Martins, a personal trainer, are a couple trying to recover from a crisis. At work, Davi ends up getting involved in the investigation of a financial scandal, putting himself in the crosshairs of dangerous people. Little by little, Juliana discovers that her new home may not be a new beginning, but the stage for a real nightmare. Some secrets may end her life.",2022-05-26,94.3844,6.4,/zpj3nNoc5xaUZTIdnuhwXwUcRag.jpg
Nightborn,movie,[27],"In Finnish forest, Saga and her husband Jon embark on a new chapter as parents. But Saga's joy is overshadowed by a chilling suspicion about their newborn, unbeknownst to Jon, causing a rift as she alone grapples with the disturbing truth.",2026-07-01,65.3296,6.038,/e9ALgOANOJbcFpw84MbafK3xvD2.jpg
Spider-Man,movie,"[28, 878]","After being bitten by a genetically altered spider at Oscorp, nerdy but endearing high school student Peter Parker is endowed with amazing powers to become the superhero known as Spider-Man.",2002-05-01,68.8126,7.351,/or6XJBVpcEbIkma0V9zshnbEtx4.jpg
From Straight A's to XXX,movie,"[18, 10770]","When a change of circumstances leaves Miriam unable to pay her college tuition, she makes a surprising decision: to start performing in adult films, using the pseudonym Belle Knox. Miriam lies to her family and her friends at school, keeping her double life a secret. But soon rumours spread and Miriam becomes the subject of vicious online attacks and unwanted attention. Miriam fights back: she talks to the media, saying her new line of work empowers her as a feminist. But her confident stand has unintended consequences. Miriam is shunned by her conservative family and her colleagues in the adult film world. One impulsive decision has quickly spiralled out of control - and Miriam's problems are just beginning.",2017-02-11,65.7378,5.936,/7o7qmymPy1D9mASODsrOHq41Fye.jpg
The Avengers,movie,"[878, 28, 12]","When an unexpected enemy emerges and threatens global safety and security, Nick Fury, director of the international peacekeeping agency known as S.H.I.E.L.D., finds himself in need of a team to pull the world back from the brink of disaster. Spanning the globe, a daring recruitment effort begins!",2012-04-25,69.1245,8.073,/RYMX2wcKCBAr24UyPD7xwmjaTn.jpg
The Super Mario Galaxy Movie,movie,"[10751, 35, 12, 14, 16]","Having thwarted Bowser's previous plot to marry Princess Peach, Mario and Luigi now face a fresh threat in Bowser Jr., who is determined to liberate his father from captivity and restore the family legacy. Alongside companions new and old, the brothers travel across the stars to stop the young heir's crusade.",2026-04-01,69.7199,8.241,/eJGWx219ZcEMVQJhAgMiqo8tYY.jpg
Avengers: Endgame,movie,"[12, 878, 28]","After the devastating events of Avengers: Infinity War, the universe is in ruins due to the efforts of the Mad Titan, Thanos. With the help of remaining allies, the Avengers must assemble once more in order to undo Thanos' actions and restore order to the universe once and for all, no matter what consequences may be in store.",2019-04-24,65.5717,8.2,/ulzhLuWrPK07P1YkdWQLZnQh1JL.jpg
Borderline,movie,[53],"Convinced they are our secret saviors, rogue U.S. operatives abduct Mexican gang members and seed them across major American cities, unleashing criminal chaos, swaying voters by playing on nativist prejudices, and forcing law enforcement into a race to expose the plot as the escalating carnage threatens democracy itself.",2026-07-17,60.0655,5.969,/sAA2mjpYJFAKydtzG4P4aHC4mZk.jpg
Spider-Man: Homecoming,movie,"[28, 12, 878]","Following the events of Captain America: Civil War, Peter Parker, with the help of his mentor Tony Stark, tries to balance his life as an ordinary high school student in Queens, New York City, with fighting crime as his superhero alter ego Spider-Man as a new threat, the Vulture, emerges.",2017-07-05,65.0164,7.334,/c24sv2weTHPsmDa7jEMN0m2P3RT.jpg
Interstellar,movie,"[12, 18, 878]",The adventures of a group of explorers who make use of a newly discovered wormhole to surpass the limitations on human space travel and conquer the vast distances involved in an interstellar voyage.,2014-11-05,66.9007,8.486,/yQvGrMoipbRoddT0ZR8tPoR7NfX.jpg
The Punisher: One Last Kill,movie,"[28, 18, 80]","As Frank Castle searches for meaning beyond revenge, an unexpected force pulls him back into the fight.",2026-05-12,64.0096,8.275,/qQclTgLMDvGBuUBFGHRipxkEwWR.jpg
The Mandalorian and Grogu,movie,"[28, 12, 878]","The evil Empire has fallen, and Imperial warlords remain scattered throughout the galaxy. As the fledgling New Republic works to protect everything the Rebellion fought for, they have enlisted the help of legendary Mandalorian bounty hunter Din Djarin and his young apprentice Grogu.",2026-05-20,60.597,7.511,/7GV5rrUJf0BRUhoh2cyFoeNthlQ.jpg
The Shadow's Edge,movie,"[28, 80, 18, 53]",Macau Police brings the tracking expert police officer out of retirement to help catch a dangerous group of professional thieves.,2025-08-16,61.2701,8.195,/cHKo3m8N1fwvEy2ZEr0xGmmMODV.jpg
Prison on Fire,movie,"[80, 18]",A veteran inmate takes a newcomer under his wing as the pair confront both other violent inmates and the prison's corrupt wardens.,1987-11-13,58.7827,7.0,/59o7OyB8J37GwOAod9mhgJjhgH2.jpg
Avengers: Doomsday,movie,"[878, 28, 12]",Beloved heroes from three distinct universes are set on a deadly collision course and face an existential threat unlike anything they've ever encountered.,2026-12-16,62.6075,0.0,/jzPwsojjFStf5lR5Nm07w2hH56G.jpg
The Dark Knight,movie,"[28, 80, 53]","Batman raises the stakes in his war on crime. With the help of Lt. Jim Gordon and District Attorney Harvey Dent, Batman sets out to dismantle the remaining criminal organizations that plague the streets. The partnership proves to be effective, but they soon find themselves prey to a reign of chaos unleashed by a rising criminal mastermind known to the terrified citizens of Gotham as the Joker.",2008-07-16,65.069,8.534,/qJ2tW6WMUDux911r6m7haRef0WH.jpg
Deadpool & Wolverine,movie,"[28, 35, 878]","A listless Wade Wilson toils away in civilian life with his days as the morally flexible mercenary, Deadpool, behind him. But when his homeworld faces an existential threat, Wade must reluctantly suit-up again with an even more reluctant Wolverine.",2024-07-24,61.6615,7.6,/8cdWjvZQUExUUTzyp4t6EDMubfO.jpg
Soulm8te,movie,"[27, 878, 53]","After a ruthless tech giant acquires a small robotics company, a grieving engineer is tasked with testing their new AI companion. But when he attempts to reprogram her to be a truly sentient soulmate, she develops needs of her own—unleashing a relentless spree of precision-engineered mayhem.",2026-07-31,54.3303,7.393,/bNErActDctl6cdUGw9pnjSCmyhQ.jpg
Yellow Eyes,movie,[27],"A young couple inherits a house containing a mysterious relic that hosts the spirit of a powerful demon, and the wife of the man it possesses must find an exorcist to save him.",2026-08-18,51.5815,4.813,/tdIqb0g8fimv2bXIEZdWu6Zfywt.jpg
The Godfather,movie,"[18, 80]","Spanning the years 1945 to 1955, a chronicle of the fictional Italian-American Corleone crime family. When organized crime family patriarch, Vito Corleone barely survives an attempt on his life, his youngest son, Michael steps in to take care of the would-be killers, launching a campaign of bloody revenge.",1972-03-14,59.5003,8.7,/3bhkrj58Vtu7enYsRolD1fZdja1.jpg
Shelter,movie,"[28, 80, 53]","A man living in self-imposed exile on a remote island rescues a young girl from a violent storm, setting off a chain of events that forces him out of seclusion to protect her from enemies tied to his past.",2026-01-28,55.6651,7.789,/cv7DeQQ7TOozPoTCBdNJIvWKhU1.jpg
I Want Your Sex,movie,[35],"When fresh-faced Elliot lands an exciting job for renowned artist, icon and provocateur Erika Tracy, his fantasies come true as Erika taps him to become her sexual muse. But Elliot soon finds himself out of his depth as Erika takes him on a journey more profound than he ever could have imagined, into a world of sex, obsession, power, betrayal and murder.",2026-07-29,58.1643,6.0,/pR7SIX3AwqdoD96OI44oLG98e7g.jpg
Yellow Mirror,movie,"[16, 35, 878]","A defective lamp reveals a heartbreaking truth about what Homer believes is reality, and an AI-powered tablet befriends and controls Maggie. The Simpsons struggle to find the light through two dark tales of the curious and bizarre.",2026-08-26,53.6228,7.935,/1zdGvJAuuXC7dA3eV61OtUJNyjQ.jpg
The Love Hypothesis,movie,"[10749, 35]","Olive Smith, a biology PhD candidate, and Dr. Adam Carlsen, a hotshot professor and well-known tyrant, enter into a fake relationship, seeing each of their carefully calculated theories on love get thrown into chaos.",2026-09-23,64.4417,0.0,/zUaTMxLOuW4wdaFYhRVJbO6W8Sy.jpg
Insidious,movie,"[27, 53]","A family discovers that dark spirits have invaded their home after their son inexplicably falls into an endless sleep. When they reach out to a professional for help, they learn things are a lot more personal than they thought.",2011-03-31,54.5828,6.954,/1egpmVXuXed58TH2UOnX1nATTrf.jpg
The Invite,movie,"[35, 18, 10749]","Joe and Angela's marriage is on thin ice. When they invite their enigmatic upstairs neighbors for a dinner party, the night spirals into unexpected places. Have they reignited the spark or lit the match that burns it all down?",2026-06-25,56.5576,7.286,/b7Dr8Chzse8VagexAporUu2RtLx.jpg
Harry Potter and the Philosopher's Stone,movie,"[12, 14]","Harry Potter has lived under the stairs at his aunt and uncle's house his whole life. But on his 11th birthday, he learns he's a powerful wizard—with a place waiting for him at the Hogwarts School of Witchcraft and Wizardry. As he learns to harness his newfound powers with the help of the school's kindly headmaster, Harry uncovers the truth about his parents' deaths—and about the villain who's to blame.",2001-11-16,55.3903,7.903,/wuMc08IPKEatf9rnMNXvIDxqP4W.jpg
Inception,movie,"[28, 878, 12]","Cobb, a skilled thief who commits corporate espionage by infiltrating the subconscious of his targets is offered a chance to regain his old life as payment for a task considered to be impossible: ""inception"", the implantation of another person's idea into a target's subconscious.",2010-07-15,55.6277,8.372,/xlaY2zyzMfkhk0HSC5VUwzoZPU1.jpg
Just Play Dead,movie,"[53, 80]",A criminal mastermind plans to fake his death for insurance money while framing his wife's lover. His wife plots to kill him for real and take it all. Both race to outmanoeuvre each other in a deadly battle of wits.,2026-08-28,54.8034,7.4,/glALx6QaIgw1u4joXsnfHTjWi6D.jpg
Big Baby,movie,[27],"A nightmare involving a maniac killer in a baby mask serves as inspiration for horror screenwriter Adam Lewis's new script. As more nightmares, visions, and real life terror being to challenge Adam's sanity, he finds himself in a desperate struggle to control his writing, his reality, and who will be Big Baby's next victim.",2025-10-09,54.2701,4.0,/7psYxnfWGwNCJvGLFOYQ197lXW5.jpg
The Furious,movie,"[28, 80, 53]","After a criminal network kidnaps Wang Wei's daughter and the corrupt police refuse to assist him, Wei sets out on his own to locate her. Navin, a tenacious journalist whose wife has mysteriously vanished, is his only ally. In this explosive martial arts showdown, the unlikely duo fights the kidnappers ruthlessly driven by a furious vengeance.",2026-06-10,55.124,8.161,/zP19YO60jwEsfKd5Qf1UvA5uJu8.jpg
Renegade Immortal: Battle of the Immortal Slayer,movie,"[16, 28, 12, 14]",,,50.8224,0.0,/m1dXI1997D7lj6Sh0Z2DI26o2nI.jpg
Hibla 2,movie,[18],"Two VMX queens, Aliya Raymundo and Margaret Diaz, play reunited childhood friends who share a memorable past and a complicated present: one is a liberated city girl, the other a sheltered country virgin, and both are surrounded by men eager to get a taste of their youth.",2026-06-30,60.8982,3.0,/drDsk2ES8YvWFwgWaY9foKaE5xv.jpg
Kraken,movie,"[27, 28, 53]","A marine biologist is doing research on a fish farm when she encounters several strange occurrences. Along with the brutal deaths of two teenagers, all signs point to the deep fjord; can there be more to the depths than the eye can see?",2026-02-06,52.6189,6.312,/xdZ8k5s8DTwWyPBMIcflrYLgcAK.jpg
Puella Magi Madoka Magica the Movie -Walpurgisnacht: Rising-,movie,"[16, 18, 9648, 14]","After the events of Rebellion, the world appears to be in balance—but that peace is fragile. As a new threat connected to Walpurgisnacht emerges, Homura Akemi is forced to face the consequences of her choices and question how far she is willing to go to protect Madoka.",2026-08-28,50.786,0.0,/g4kCd4rMuN7G3VQQDUT6mLbrBqQ.jpg
Hoppers,movie,"[12, 16, 35, 10751, 878]","Scientists have discovered how to 'hop' human consciousness into lifelike robotic animals, allowing people to communicate with animals as animals. Animal lover Mabel seizes an opportunity to use the technology, uncovering mysteries within the animal world beyond anything she could have imagined.",2026-03-04,57.1925,8.164,/xjtWQ2CL1mpmMNwuU5HeS4Iuwuu.jpg
The Sheep Detectives,movie,"[35, 10751, 9648]","George Hardy is a shepherd who reads detective novels to his beloved sheep every night, assuming they can't possibly understand. But when a mysterious incident disrupts life on the farm, the sheep realize they must become the detectives. As they follow the clues and investigate human suspects, they prove that even sheep can be brilliant crime-solvers.",2026-04-30,52.9558,7.946,/iKy5460GdsoknM8ppmGlJbKxAKa.jpg
Captain America: Brave New World,movie,"[28, 53, 878]","After meeting with newly elected U.S. President Thaddeus Ross, Sam finds himself in the middle of an international incident. He must discover the reason behind a nefarious global plot before the true mastermind has the entire world seeing red.",2025-02-12,62.4604,5.953,/pzIddUEMWhWzfvLI3TwxUG2wGoi.jpg
Desire,movie,"[9648, 18]","Lucero’s life appears immaculate: a wealthy household, a devoted husband, and two children who embody the promise of a perfect family. Yet beneath this surface simmers a quiet dissatisfaction. When Matías, a young swimming coach hired by her husband, enters their lives, Lucero finds herself pulled into a risky and consuming relationship. As secrecy, desire, and jealousy tighten their grip, the boundaries within the family begin to collapse, placing mother and daughter in a dangerous emotional triangle that threatens to shatter everything Lucero has built.",2026-05-07,53.6822,6.8,/3bEqHqeaQlFykaLQ7N4gDkIvL5w.jpg
Leviticus,movie,"[27, 10749]",Two teenage boys must escape a violent entity that takes the form of the person they desire most:  each other.,2026-06-17,51.7874,6.683,/gnAsZvBygplNpp8PtjoTEYv3VPB.jpg
Buddy,movie,"[27, 35]","A magical, singing orange unicorn holds his cast hostage in a surreal TV-show dimension, as he becomes more and more demented.",2026-08-27,51.9921,8.5,/6Lh4ZlsAISFQFVfLZ90sE9ycVnN.jpg
Mad Max: Fury Road,movie,"[28, 12, 878]","An apocalyptic story set in the furthest reaches of our planet, in a stark desert landscape where humanity is broken, and most everyone is crazed fighting for the necessities of life. Within this world exist two rebels on the run who just might be able to restore order.",2015-05-13,49.3128,7.636,/ulcAi4dKpAjHwYGS08vNyx9H6I9.jpg
The Lord of the Rings: The Return of the King,movie,"[12, 14, 28]","As armies mass for a final battle that will decide the fate of the world--and powerful, ancient forces of Light and Dark compete to determine the outcome--one member of the Fellowship of the Ring is revealed as the noble heir to the throne of the Kings of Men. Yet, the sole hope for triumph over evil lies with a brave hobbit, Frodo, who, accompanied by his loyal friend Sam and the hideous, wretched Gollum, ventures deep into the very dark heart of Mordor on his seemingly impossible quest to destroy the Ring of Power.​",2003-12-17,48.8627,8.506,/rCzpDGLbOoPwLjy3OAm5NUPOTrC.jpg
Elize: Shadows of a Woman,movie,"[53, 80, 18]","In this retelling of a real case, a former escort discovers her wealthy husband's infidelity and struggles to cope as betrayal poisons their marriage.",2026-07-22,53.3941,7.477,/l3wevYWTpiZSUEM5B0Q8c21ALAD.jpg
Pyaar Prema Kalyanam,movie,"[10749, 35, 18]","When a bride refuses to leave her family home after marriage, her husband must find out if he can adjust to life under his in-laws' roof.",2026-08-21,50.351,7.5,/AjaNAeMXOrK9n0YqGqX0Lz5qxYu.jpg
The Devil's Mouth,movie,"[27, 53]","A group of college friends' Thailand adventure turns deadly when they become trapped in submerged caves with a dangerous predator. As oxygen runs low, past conflicts emerge in their desperate fight for survival.",2026-07-29,47.5409,6.529,/lH8k9uCWYn2b2gsYleqYBDPbWa8.jpg
Mortal Kombat II,movie,"[28, 14, 12]","The fan favorite champions—now joined by Johnny Cage himself—are pitted against one another in the ultimate, no-holds barred, gory battle to defeat the dark rule of Shao Kahn that threatens the very existence of the Earthrealm and its defenders.",2026-05-06,54.2945,7.842,/hwRdDFIhaEmpRgoki805YvyyjZf.jpg
The Wild Robot,movie,"[10751, 16, 878, 12]","After a shipwreck, an intelligent robot called Roz is stranded on an uninhabited island. To survive the harsh environment, Roz bonds with the island's animals and cares for an orphaned baby goose.",2024-09-12,51.1109,8.307,/wTnV3PCVW5O92JMrFvvrRcV39RU.jpg
Swapped,movie,"[12, 16, 10751, 14]","A small woodland creature and a majestic bird, two natural sworn enemies of the Valley, magically trade places and set off on an adventure of a lifetime to switch back. Their journey soon uncovers a greater threat—one that could endanger not only their species, but the entire valley they call home.",2026-05-01,49.167,8.874,/tHhxWxge06goXU6ZQH1hj7vK8Hd.jpg
The Fantastic 4: First Steps,movie,"[878, 12, 28]","Against the vibrant backdrop of a 1960s-inspired, retro-futuristic world, Marvel's First Family is forced to balance their roles as heroes with the strength of their family bond, while defending Earth from a ravenous space god called Galactus and his enigmatic Herald, Silver Surfer.",2025-07-23,57.6231,6.952,/nf5qaSEvyYSNeFH0YhSs5EsBLX9.jpg
Avengers: Age of Ultron,movie,"[28, 12, 878]","When Tony Stark tries to jumpstart a dormant peacekeeping program, things go awry and Earth’s Mightiest Heroes are put to the ultimate test as the fate of the planet hangs in the balance. As the villainous Ultron emerges, it is up to The Avengers to stop him from enacting his terrible plans, and soon uneasy alliances and unexpected action pave the way for an epic and unique global adventure.",2015-04-22,58.0404,7.277,/4ssDuvEDkSArWEdyBl2X5EHvYKU.jpg
Superman,movie,"[878, 12, 28]","Superman, a journalist in Metropolis, embarks on a journey to reconcile his Kryptonian heritage with his human upbringing as Clark Kent.",2025-07-09,46.1202,7.332,/ldyfo0BKmz5rWtJJKCvwaNS4cJT.jpg
Jurassic World Rebirth,movie,"[878, 12, 28]","Five years after the events of Jurassic World Dominion, covert operations expert Zora Bennett is contracted to lead a skilled team on a top-secret mission to secure genetic material from the world's three most massive dinosaurs. When Zora's operation intersects with a civilian family whose boating expedition was capsized, they all find themselves stranded on an island where they come face-to-face with a sinister, shocking discovery that's been hidden from the world for decades.",2025-06-23,46.2489,6.26,/1RICxzeoNCAO5NpcRMIgg1XT6fm.jpg
Oppenheimer,movie,"[18, 36]",The story of J. Robert Oppenheimer's role in the development of the atomic bomb during World War II.,2023-07-19,49.7932,8.0,/8Gxv8gSFCU0XGDykEGv7zR1n2ua.jpg
Greenland 2: Migration,movie,"[12, 53, 878]","Having found the safety of the Greenland bunker after the comet Clarke decimated the Earth, the Garrity family must now risk everything to embark on a perilous journey across the wasteland of Europe to find a new home.",2026-01-07,37.9276,6.403,/z2tqCJLsw6uEJ8nJV8BsQXGa3dr.jpg
Die Hard,movie,"[28, 53]","High above the city of L.A. a team of terrorists has seized a building, taken hostages, and declared war. One man has manages to escape... An off-duty cop hiding somewhere inside. He's alone, tired... and the only chance anyone has got.",1988-07-15,41.5806,7.817,/7Bjd8kfmDSOzpmhySpEhkUyK2oH.jpg
The Lord of the Rings: The Fellowship of the Ring,movie,"[12, 14, 28]","Young hobbit Frodo Baggins, after inheriting a mysterious ring from his uncle Bilbo, must leave his home in order to keep it from falling into the hands of its evil creator. Along the way, a fellowship is formed to protect the ringbearer and make sure that the ring arrives at its final destination: Mt. Doom, the only place where it can be destroyed.",2001-12-18,49.4728,8.444,/6oom5QYQ2yQTMJIbnvbkBL9cHo6.jpg
Fight Club,movie,"[18, 53]","A ticking-time-bomb insomniac and a slippery soap salesman channel primal male aggression into a shocking new form of therapy. Their concept catches on, with underground ""fight clubs"" forming in every town, until an eccentric gets in the way and ignites an out-of-control spiral toward oblivion.",1999-10-15,50.3701,8.437,/jSziioSwPVrOy9Yow3XhWIBDjq1.jpg
Spider-Man 3,movie,"[28, 12, 878]","The seemingly invincible Spider-Man goes up against an all-new crop of villains—including the shape-shifting Sandman. While Spider-Man’s superpowers are altered by an alien organism, his alter ego, Peter Parker, deals with nemesis Eddie Brock and also gets caught up in a love triangle.",2007-05-01,48.9625,6.478,/qFmwhVUoUSXjkKRmca5yGDEXBIj.jpg
Lee Cronin's The Mummy,movie,"[27, 9648]","The young daughter of a journalist disappears into the desert without a trace—eight years later, the broken family is shocked when she is returned to them, as what should be a joyful reunion turns into a living nightmare.",2026-04-15,46.8733,7.886,/1q308iixueCU4pFtSYugNOevtNx.jpg
Captain America: Civil War,movie,"[12, 28, 878]","Following the events of Age of Ultron, the collective governments of the world pass an act designed to regulate all superhuman activity. This polarizes opinion amongst the Avengers, causing two factions to side with Iron Man or Captain America, which causes an epic battle between former allies.",2016-04-27,45.5873,7.453,/rAGiXaUfPzY7CDEyNKUofk3Kw2e.jpg
GOAT,movie,"[16, 35, 10751]","A small goat with big dreams gets a once-in-a-lifetime shot to join the pros and play roarball, a high-intensity, co-ed, full-contact sport dominated by the fastest, fiercest animals in the world.",2026-02-11,54.8631,8.069,/wfuqMlaExcoYiUEvKfVpUTt1v4u.jpg
The Amazing Spider-Man,movie,"[28, 12, 878]",A teenage Peter Parker grapples with both high school and amazing super-human crises as his alter-ego Spider-Man.,2012-06-23,48.2656,6.758,/jexoNYnPd6vVrmygwF6QZmWPFdu.jpg
Spider-Man: Far From Home,movie,"[28, 12, 878]","Peter Parker and his friends go on a summer trip to Europe. However, they will hardly be able to rest - Peter will have to agree to help Nick Fury uncover the mystery of creatures that cause natural disasters and destruction throughout the continent.",2019-06-28,51.0998,7.394,/4q2NNj4S5dG2RLF9CpXsej7yXl.jpg
Guardians of the Galaxy Vol. 3,movie,"[878, 12, 28]","Peter Quill, still reeling from the loss of Gamora, must rally his team around him to defend the universe along with protecting one of their own. A mission that, if not completed successfully, could quite possibly lead to the end of the Guardians as we know them.",2023-05-03,49.9286,7.933,/r2J02Z2OpNTctfOSN1Ydgii51I3.jpg
Harry Potter and the Chamber of Secrets,movie,"[12, 14]","Cars fly, trees fight back, and a mysterious house-elf comes to warn Harry Potter at the start of his second year at Hogwarts. Adventure and danger await when bloody writing on a wall announces: The Chamber Of Secrets Has Been Opened. To save Hogwarts will require all of Harry, Ron and Hermione's magical abilities and courage.",2002-11-13,55.3344,7.707,/sdEOH0992YZ0QSxgXNIGLq1ToUi.jpg
One Battle After Another,movie,"[53, 80, 35]","Washed-up revolutionary Bob exists in a state of stoned paranoia, surviving off-grid with his spirited, self-reliant daughter, Willa. When his evil nemesis resurfaces after 16 years and she goes missing, the former radical scrambles to find her, father and daughter both battling the consequences of his past.",2025-09-23,46.0462,7.335,/lbBWwxBht4JFP5PsuJ5onpMqugW.jpg
Loves of a French Pussycat,movie,[35],"Rolf, a sex-advice columnist and a lecher, has affairs with numerous women, but never a permanent relationship. Suzanne, one of his ex-lovers, offers to bet that no woman can get Rolf to propose marriage, a bet her girlfriend Andrea eagerly accepts. But there's a catch: To win the bet, Andrea must get the womanizing Rolf to commit to marriage without first going to bed with him.",1972-03-09,62.3308,4.222,/1WGq9cMuj09tnTJ5wdkINOJff04.jpg
In the Grey,movie,"[28, 53]","A covert team of elite operatives are living in the shadows. When a ruthless despot steals a billion-dollar fortune, they're sent to take it back—an impossible heist that erupts into a deadly game of strategy, deception and survival.",2026-05-13,42.4835,7.599,/dQgIcW6Th08kMRf2HBoYWoFE6OD.jpg
The Matrix,movie,"[28, 878]","Set in the 22nd century, The Matrix tells the story of a computer hacker who joins a group of underground insurgents fighting the vast and powerful computers who now rule the earth.",1999-03-31,44.4087,8.256,/dXNAPwY7VrqMAo51EKhhCJfaGb5.jpg
The Amazing Spider-Man 2,movie,"[28, 12, 878]","For Peter Parker, life is busy. Between taking out the bad guys as Spider-Man and spending time with the person he loves, Gwen Stacy, high school graduation cannot come quickly enough. Peter has not forgotten about the promise he made to Gwen’s father to protect her by staying away, but that is a promise he cannot keep. Things will change for Peter when a new villain, Electro, emerges, an old friend, Harry Osborn, returns, and Peter uncovers new clues about his past.",2014-04-16,37.3457,6.559,/bU7nTmvmy0h3VUP01v1T2imgH6N.jpg
Dune,movie,"[878, 12]","Paul Atreides, a brilliant and gifted young man born into a great destiny beyond his understanding, must travel to the most dangerous planet in the universe to ensure the future of his family and his people. As malevolent forces explode into conflict over the planet's exclusive supply of the most precious resource in existence - a commodity capable of unlocking humanity's greatest potential - only those who can conquer their fear will survive.",2021-09-15,52.5828,7.784,/v1tRXZ4JtD2Iv6fjkPvT4GiwslV.jpg
Coco,movie,"[10751, 16, 10402, 12]","Despite his family’s baffling generations-old ban on music, Miguel dreams of becoming an accomplished musician like his idol, Ernesto de la Cruz. Desperate to prove his talent, Miguel finds himself in the stunning and colorful Land of the Dead following a mysterious chain of events. Along the way, he meets charming trickster Hector, and together, they set off on an extraordinary journey to unlock the real story behind Miguel's family history.",2017-10-27,45.4427,8.197,/6Ryitt95xrO8KXuqRGm1fUuNwqF.jpg
Being 14,movie,[18],"The lives and turbulent adventures of a bunch of fourteen-year-old teenagers, through the eyes of three young girls - Sarah, Jade and Louise - with one last year to go before high school.",2015-02-25,56.7986,4.1,/l8st7M90EBpGz5CpL12SFvswc56.jpg
Forrest Gump,movie,"[35, 18, 10749]","A man with a low IQ has accomplished great things in his life and been present during significant historic events—in each case, far exceeding what anyone imagined he could do. But despite all he has achieved, his one true love eludes him.",1994-06-23,52.7129,8.463,/Cw4hIUIAmSYfK9QfaUW5igp9La.jpg
Lesbian Space Princess,movie,"[16, 35, 878, 12]",A space princess is thrust out of her sheltered life into a galactic quest to save her bounty hunter ex-girlfriend from the straight white maliens.,2025-09-11,38.5125,3.817,/bmf6spk0WZ10lz4eAK95P1zRB4F.jpg
Spirited Away,movie,"[16, 10751, 14]","A young girl, Chihiro, becomes trapped in a strange new world of spirits. When her parents undergo a mysterious transformation, she must call upon the courage she never knew she had to free her family.",2001-07-20,39.2083,8.534,/39wmItIWsg5sZMyRUHLkWBcuVCM.jpg
Barreda,movie,"[18, 80, 36]","A fictionalized drama film based on one of the most shocking crimes in Argentina's history. In 1992, Ricardo Barreda was an unassuming dentist, brutally murdered his wife, mother-in-law, and two adult daughters in their family home. Branding himself as a victim, Ricardo Barreda ignited a media storm and fueled a national scandal.",2026-08-28,48.9729,6.875,/hnr0QkZSDLlrJTvU2ecco65wcHo.jpg
Harry Potter and the Deathly Hallows: Part 2,movie,"[12, 14]","Harry, Ron and Hermione continue their quest to vanquish the evil Voldemort once and for all. Just as things begin to look hopeless for the young wizards, Harry discovers a trio of magical objects that endow him with powers to rival Voldemort's formidable skills.",2011-07-12,50.4245,8.08,/c54HpQmuwXjHq2C9wmoACjxoom3.jpg
Avatar: The Way of Water,movie,"[28, 12, 878]","Set more than a decade after the events of the first film, learn the story of the Sully family (Jake, Neytiri, and their kids), the trouble that follows them, the lengths they go to keep each other safe, the battles they fight to stay alive, and the tragedies they endure.",2022-12-14,46.3842,7.588,/t6HIqrRAclMCA60NsSmeqe9RmNV.jpg
Sinners,movie,"[27, 28, 53]","Trying to leave their troubled lives behind, twin brothers return to their hometown to start again, only to discover that an even greater evil is waiting to welcome them back.",2025-04-16,41.7784,7.512,/fWPgbnt2LSqkQ6cdQc0SZN9CpLm.jpg
Insidious: The Red Door,movie,"[27, 53]","To put their demons to rest once and for all, Josh Lambert and a college-aged Dalton Lambert must go deeper into The Further than ever before, facing their family's dark past and a host of new and more horrifying terrors that lurk behind the red door.",2023-07-05,41.9719,6.516,/d07phJqCx6z5wILDYqkyraorDPi.jpg
Coraline,movie,"[16, 10751, 14]","Wandering her rambling old house in her boring new town, 11-year-old Coraline discovers a hidden door to a strangely idealized version of her life. In order to stay in the fantasy, she must make a frighteningly real sacrifice.",2009-02-05,45.5912,7.935,/4jeFXQYytChdZYE9JYO7Un87IlW.jpg
The Debt Collector,movie,"[28, 53, 80]","Tormented by past mistakes and a terminal diagnosis, an ex-debt collector returns to the underworld to protect the victims of a violent organization.",2026-07-20,35.37,7.956,/qADBUb5ybrkRVGZEFF8Z4RuOwys.jpg
All That We Never Were,movie,"[18, 10749]","19-year-old Leah navigates a coming-of-age journey in the wake of a tragic car accident that claims her parents. Relocated to a coastal town under the care of her brother’s best friend Axel, Leah grapples with grief, haunting nightmares and a fractured sense of self.",2026-06-04,39.9685,8.082,/zqxIT48mWFsC4NSjGEHAcp1pjEo.jpg
Jungle,movie,"[12, 53]","In 1981, an enthusiastic young adventurer follows his dreams into the Bolivian Amazon jungle with two friends and a guide with a mysterious past. Their journey quickly turns into a terrifying ordeal as the darkest elements of human nature and the deadliest threats of the wilderness lead to an all-out fight for survival.",2017-06-27,42.6356,6.711,/tDgxknTVwrScxpCYyGUjXSn5NRk.jpg
Spider-Man: Into the Spider-Verse,movie,"[16, 28, 12, 878]","Struggling to find his place in the world while juggling school and family, Brooklyn teenager Miles Morales is unexpectedly bitten by a radioactive spider and develops unfathomable powers just like the one and only Spider-Man. While wrestling with the implications of his new abilities, Miles discovers a super collider created by the madman Wilson ""Kingpin"" Fisk, causing others from across the Spider-Verse to be inadvertently transported to his dimension.",2018-12-06,55.3786,8.399,/iiZZdoQBEYBv6id8su7ImL0oCbD.jpg
Let's Both Try,movie,[18],"Alice and Tommy are newlywed photographers whose love and faith are tested when Tommy embarks on a nude photography project. In response, Alice chooses to pose for another photographer, setting off a series of events that forces them to confront their deepest desires and insecurities.",2025-05-27,39.6765,0.0,/hODYZg42tM0zrqEnWqhhSYqBJsE.jpg
Insidious: The Last Key,movie,"[27, 53]","Parapsychologist Elise Rainier and her team travel to Five Keys, NM, to investigate a man’s claim of a haunting. Terror soon strikes when Rainier realizes that the house he lives in was her family’s old home.",2018-01-03,44.1645,6.279,/6c9ti2JcR3dHyR3qFXoZqVMx0SH.jpg
The Wrecking Crew,movie,"[28, 35, 80, 9648]","Estranged half-brothers Jonny and James reunite after their father's mysterious death. As they search for the truth, buried secrets reveal a conspiracy threatening to tear their family apart.",2026-01-28,39.3419,7.088,/gbVwHl4YPSq6BcC92TQpe7qUTh6.jpg
The Batman,movie,"[80, 9648, 53]","In his second year of fighting crime, Batman uncovers corruption in Gotham City that connects to his own family while facing a serial killer known as the Riddler.",2022-03-01,46.3241,7.669,/74xTEgt7R36Fpooo50r9T25onhq.jpg
Citizen Vigilante,movie,"[53, 28, 80]","A man takes justice into his own hands, hunting down criminals. His vigilante crusade makes him a social media star but puts him at odds with the local police chief.",2026-06-19,40.4367,6.438,/6LmJD3Wohe0g4U62wgi7RyJqfE4.jpg
The Housemaid,movie,"[9648, 53]","Trying to escape her past, Millie Calloway accepts a job as a live-in housemaid for the wealthy Nina and Andrew Winchester. But what begins as a dream job quickly unravels into something far more dangerous—a sexy, seductive game of secrets, scandal, and power.",2025-12-18,40.1045,7.265,/cWsBscZzwu5brg9YjNkGewRUvJX.jpg
Avatar,movie,"[878, 28, 12]","In the 22nd century, a paraplegic Marine is dispatched to the moon Pandora on a unique mission, but becomes torn between following orders and protecting an alien civilization.",2009-12-16,49.1929,7.609,/gKY6q7SjCkAU6FqvqWybDYgUKIF.jpg
Insidious: Chapter 3,movie,"[27, 53]",A prequel set before the haunting of the Lambert family that reveals how gifted psychic Elise Rainier reluctantly agrees to use her ability to contact the dead in order to help a teenage girl who has been targeted by a dangerous supernatural entity.,2015-05-28,41.6265,6.296,/iDdGfdNvY1EX0uDdA4Ru77fwMfc.jpg
Iron Man,movie,"[28, 878, 12]","After being held captive in an Afghan cave, billionaire engineer Tony Stark creates a unique weaponized suit of armor to fight evil.",2008-04-30,45.9847,7.664,/78lPtwv72eTNqFW9COBYI0dWDJa.jpg
War Machine,movie,"[28, 878, 53]","On one last grueling mission during Army Ranger training, a combat engineer must lead his unit in a fight against a giant otherworldly killing machine.",2026-02-12,40.2276,7.461,/rFhKkXhk7ClU03jQ5rHIApJDwev.jpg
Toy Story,movie,"[10751, 35, 16, 12]","Led by Woody, Andy's toys live happily in his room until Andy's birthday brings Buzz Lightyear onto the scene. Afraid of losing his place in Andy's heart, Woody plots against Buzz. But when circumstances separate Buzz and Woody from their owner, the duo eventually learns to put aside their differences.",1995-11-22,45.6765,7.988,/uXDfjJbdP4ijW5hWSBrPrlKpxab.jpg
The Terminator,movie,"[28, 53, 878]","In the post-apocalyptic future, reigning tyrannical supercomputers teleport a cyborg assassin known as the ""Terminator"" back to 1984 to kill Sarah Connor, whose unborn son is destined to lead insurgents against 21st century mechanical hegemony. Meanwhile, the human-resistance movement dispatches a lone warrior to safeguard Sarah. Can he stop the virtually indestructible killing machine?",1984-10-26,39.626,7.69,/qvktm0BHcnmDpul4Hz01GIazWPr.jpg
Mission: Impossible - The Final Reckoning,movie,"[28, 53, 12]","Ethan Hunt and team continue their search for the terrifying AI known as the Entity — which has infiltrated intelligence networks all over the globe — with the world's governments and a mysterious ghost from Hunt's past on their trail. Joined by new allies and armed with the means to shut the Entity down for good, Hunt is in a race against time to prevent the world as we know it from changing forever.",2025-05-17,38.5735,7.18,/iKPsC9EFUafRP9SrUznI61getVP.jpg
The Incredible Hulk,movie,"[878, 28, 12]","Scientist Bruce Banner scours the planet for an antidote to the unbridled force of rage within him: the Hulk. But when the military masterminds who dream of exploiting his powers force him back to civilization, he finds himself coming face to face with a new, deadly foe.",2008-06-12,43.253,6.26,/gKzYx79y0AQTL4UAk1cBQJ3nvrm.jpg
Pulp Fiction,movie,"[53, 80, 35]","A burger-loving hit man, his philosophical partner, a drug-addled gangster's moll and a washed-up boxer converge in this sprawling, comedic crime caper. Their adventures unfurl in three stories that ingeniously trip back and forth in time.",1994-09-10,42.9056,8.48,/vQWk5YBFWF4bZaofAbv0tShwBvQ.jpg
The Brutalist,movie,[18],"When an innovative modern architect flees post-war Europe, he is given the opportunity to rebuild his legacy. Set during the dawn of the modern United States (in Pennsylvania), his wife joins him, and their lives are forever changed by a demanding, wealthy patron.",2024-12-20,32.7713,6.933,/vP7Yd6couiAaw9jgMd5cjMRj3hQ.jpg
Titanic,movie,"[18, 10749]","101-year-old Rose DeWitt Bukater tells the story of her life aboard the Titanic, 84 years later. A young Rose boards the ship with her mother and fiancé. Meanwhile, Jack Dawson and Fabrizio De Rossi win third-class tickets aboard the ship. Rose tells the whole story from Titanic's departure through to its death—on its first and last voyage—on April 15, 1912.",1997-12-18,43.5531,7.9,/9xjZS2rlVxm8SFx8kPC3aIGCOYQ.jpg
Terminator 2: Judgment Day,movie,"[28, 53, 878]","Ten years after the events of the original, a reprogrammed T-800 is sent back in time to protect young John Connor from the shape-shifting T-1000. Together with his mother Sarah, he fights to stop Skynet from triggering a nuclear apocalypse.",1991-07-03,41.4615,8.168,/jFTVD4XoWQTcg7wdyJKa8PEds5q.jpg
Whiplash,movie,"[18, 10402, 53]","Under the direction of a ruthless instructor, a talented young drummer begins to pursue perfection at any cost, even his humanity.",2014-10-10,53.0478,8.375,/7fn624j5lj3xTme2SgiLCeuedmO.jpg
How to Train Your Dragon,movie,"[14, 10751, 28, 12]","On the rugged isle of Berk, where Vikings and dragons have been bitter enemies for generations, Hiccup stands apart, defying centuries of tradition when he befriends Toothless, a feared Night Fury dragon. Their unlikely bond reveals the true nature of dragons, challenging the very foundations of Viking society.",2025-06-06,38.1421,7.929,/53dsJ3oEnBhTBVMigWJ9tkA5bzJ.jpg
Harry Potter and the Deathly Hallows: Part 1,movie,"[12, 14]","Harry, Ron and Hermione walk away from their last year at Hogwarts to find and destroy the remaining Horcruxes, putting an end to Voldemort's bid for immortality. But with Harry's beloved Dumbledore dead and Voldemort's unscrupulous Death Eaters on the loose, the world is more dangerous than ever.",2010-11-17,39.1564,7.732,/iGoXIpQb7Pot00EEdwpwPajheZ5.jpg
Master of the Universe,movie,"[878, 28, 14]","A young man must use his untapped powers to fight back against an evil alien and their army, who will stop at nothing to take over Earth and then the universe.",2026-05-22,34.6108,5.081,/a77OcLmarwiBJakOPPC36m58t4L.jpg
Woman in the Moon,movie,"[18, 10749, 80]",An Italian-American woman traveling to Sicily picks up a teenager who claims to be in trouble with some drug dealers.,1988-03-31,40.1146,5.6,/6uiz2xx61qhGv3ZcZg0n5tgahY3.jpg
The Drama,movie,"[10749, 35, 18]",A happily engaged couple is put to the test when an unexpected turn sends their wedding week off the rails.,2026-04-01,39.9098,6.921,/rnIOUhzwJDfgQakx8EjoNyItKgs.jpg
Thunderbolts*,movie,"[28, 878, 12]","After finding themselves ensnared in a death trap, seven disillusioned castoffs must embark on a dangerous mission that will force them to confront the darkest corners of their pasts.",2025-04-30,39.9692,7.301,/hqcexYHbiTBfDIdDWxrxPtVndBX.jpg
Graphic Desires,movie,"[53, 80]","When reclusive Franklin cheats on his partner with a mysterious girl he meets on a dating app, it becomes the start of a deadly obsession.",2023-08-31,37.7913,6.9,/3BjLdTWRiHc1ISIZMFvToOmghOM.jpg
The Godfather Part II,movie,"[18, 80]","In the continuing saga of the Corleone crime family, a young Vito Corleone grows up in Sicily and in 1910s New York. In the 1950s, Michael Corleone attempts to expand the family business into Las Vegas, Hollywood and Cuba.",1974-12-20,38.0945,8.573,/sSuQTCZwqKrNBNIsksO9IAUoWP9.jpg
Harry Potter and the Goblet of Fire,movie,"[12, 14]","When his name emerges from the Goblet of Fire, Harry Potter becomes a competitor in a grueling battle for glory among three wizarding schools. Signs of Voldemort's return emerge as Harry's friends help him prepare for the Triwizard Tournament.",2005-11-16,37.892,7.802,/fECBtHlr0RB3foNHDiCBXeg9Bv9.jpg
Top Gun: Maverick,movie,"[28, 18]","After more than thirty years of service as one of the Navy’s top aviators, and dodging the advancement in rank that would ground him, Pete “Maverick” Mitchell finds himself training a detachment of TOP GUN graduates for a specialized mission the likes of which no living pilot has ever seen.",2022-05-21,42.0282,8.16,/n0YuM4f5lvGAP6MAW2kBIzugXnc.jpg
WALL·E,movie,"[16, 10751, 878]","After hundreds of years doing what he was built for, WALL•E— a robot designed to clean up the earth—discovers a new purpose in life when he meets a sleek search robot named EVE. EVE comes to realize that WALL•E has inadvertently stumbled upon the key to the planet's future, and races back to space to report to the humans. Meanwhile, WALL•E chases EVE across the galaxy and sets into motion one of the most imaginative adventures ever brought to the big screen.",2008-06-26,44.3879,8.122,/hbhFnRzzg6ZDmm8YAmxBnQpQIPh.jpg
Gladiator,movie,"[28, 18, 12]","After the death of Emperor Marcus Aurelius, his devious son takes power and demotes Maximus, one of Rome's most capable generals who Marcus preferred. Eventually, Maximus is forced to become a gladiator and battle to the death against other men for the amusement of paying audiences.",2000-05-04,37.3824,8.231,/wN2xWp1eIwCKOD0BHTcErTBv1Uq.jpg
Chainsaw Man - The Movie: Reze Arc,movie,"[16, 28, 10749, 14]","In a brutal war between devils, hunters, and secret enemies, a mysterious girl named Reze has stepped into Denji's world, and he faces his deadliest battle yet, fueled by love in a world where survival knows no rules.",2025-09-19,35.0801,8.537,/pHyxb2RV5wLlboAwm9ZJ9qTVEDw.jpg
Harry Potter and the Prisoner of Azkaban,movie,"[12, 14]",Harry Potter's life is in danger once more as dangerous wizard Sirius Black has escaped from Azkaban Prison and is heading to Hogwarts.,2004-05-31,43.5553,8.01,/aWxwnYoe8p2d2fcxOqtvAtJ72Rw.jpg
Fall 2: Deadpoint,movie,[53],"On a perilous climb across Thailand's Mount Kwan, two climbers become trapped thousands of feet above the ground, where vertigo-inducing heights, sheer exposure, and impossible odds turn every moment into a fight for survival.",2026-09-01,36.9238,5.6,/p73G56bJGPa5y52cyqWscHR6NnN.jpg
Dune: Part Two,movie,"[878, 12]","Follow the mythic journey of Paul Atreides as he unites with Chani and the Fremen while on a path of revenge against the conspirators who destroyed his family. Facing a choice between the love of his life and the fate of the known universe, Paul endeavors to prevent a terrible future only he can foresee.",2024-02-27,38.2231,8.134,/6izwz7rsy95ARzTR3poZ8H6c5pp.jpg
Finding Nemo,movie,"[16, 10751, 12]","Nemo, an adventurous young clownfish, is unexpectedly taken from his Great Barrier Reef home to a dentist's office aquarium. It's up to his worrisome father Marlin and a friendly but forgetful fish Dory to bring Nemo home -- meeting vegetarian sharks, surfer dude turtles, hypnotic jellyfish, hungry seagulls, and more along the way.",2003-05-30,38.5777,7.82,/eHuGQ10FUzK1mdOY69wF5pGgEf5.jpg
KPop Demon Hunters,movie,"[14, 10402, 35, 16]","When K-pop superstars Rumi, Mira and Zoey aren't selling out stadiums, they're using their secret powers to protect their fans from supernatural threats.",2025-06-20,30.8794,8.0,/zT7Lhw3BhJbMkRqm9Zlx2YGMsY0.jpg
Insidious: Chapter 2,movie,"[27, 53]",The haunted Lambert family seeks to uncover the mysterious childhood secret that has left them dangerously connected to the spirit world.,2013-09-12,40.2845,6.698,/w5JjiB3O1CLDXbTJe1QpU5RHmlU.jpg
Parasite,movie,"[35, 53, 18]","All unemployed, Ki-taek's family takes peculiar interest in the wealthy and glamorous Parks for their livelihood until they get entangled in an unexpected incident.",2019-05-30,36.7909,8.491,/7IiTTgloJzvGI1TAYymCfbfl3vT.jpg
Se7en,movie,"[80, 9648, 53]","Two homicide detectives are on a desperate hunt for a serial killer whose crimes are based on the ""seven deadly sins"" in this dark and haunting film that takes viewers from the tortured remains of one victim to the next. The seasoned Det. Somerset researches each sin in an effort to get inside the killer's mind, while his novice partner, Mills, scoffs at his efforts to unravel the case.",1995-09-22,37.114,8.38,/191nKfP0ehp3uIvWqgPbFmI4lv9.jpg
Iron Man 2,movie,"[12, 28, 878]","With the world now aware of his dual life as the armored superhero Iron Man, billionaire inventor Tony Stark faces pressure from the government, the press and the public to share his technology with the military. Unwilling to let go of his invention, Stark, with Pepper Potts and James 'Rhodey' Rhodes at his side, must forge new alliances – and confront powerful enemies.",2010-04-28,35.79,6.854,/6WBeq4fCfn7AN0o21W9qNcRF2l9.jpg
Predator: Badlands,movie,"[28, 878, 12]","Cast out from his clan, a young Predator finds an unlikely ally in a damaged android and embarks on a treacherous journey in search of the ultimate adversary.",2025-11-05,34.8728,7.829,/pHpq9yNUIo6aDoCXEBzjSolywgz.jpg
The Green Mile,movie,"[14, 18, 80]","A supernatural tale set on death row in a Southern prison, where gentle giant John Coffey possesses the mysterious power to heal people's ailments. When the cell block's head guard, Paul Edgecomb, recognizes Coffey's miraculous gift, he tries desperately to help stave off the condemned man's execution.",1999-12-10,34.7426,8.506,/8VG8fDNiy50H4FedGwdSVUPoaJe.jpg
The Bay,movie,"[53, 27]","Best friends Emma and Lani, attending a destination wedding in Thailand, find themselves trapped on a sinking tour boat in the heart of a tiger shark sanctuary.",2026-07-02,33.2378,5.833,/8QQUI4J2zLv6f96TOjbz9dcg8bc.jpg
Frozen II,movie,"[10751, 16, 12, 35, 14]","Elsa, Anna, Kristoff and Olaf head far into the forest to learn the truth about an ancient mystery of their kingdom.",2019-11-20,45.0703,7.226,/mINJaa34MtknCYl5AjtNJzWj8cD.jpg
Zootopia,movie,"[16, 12, 10751, 35]","Determined to prove herself, Officer Judy Hopps, the first bunny on Zootopia's police force, jumps at the chance to crack her first case - even if it means partnering with scam-artist fox Nick Wilde to solve the mystery.",2016-02-11,41.2247,7.765,/hlK0e0wAQ3VLuJcsfIYPvb4JVud.jpg
Crime 101,movie,"[80, 53]","When an elusive thief whose high-stakes heists unfold along the iconic 101 freeway in Los Angeles eyes the score of a lifetime, with hopes of this being his final job, his path collides with a disillusioned insurance broker who is facing her own crossroads. Determined to crack the case, a relentless detective closes in on the operation, raising the stakes even higher.",2026-02-11,36.3336,7.015,/tVvpFIoteRHNnoZMhdnwIVwJpCA.jpg
The Dark Knight Rises,movie,"[28, 80, 18, 53]","Following the death of District Attorney Harvey Dent, Batman assumes responsibility for Dent's crimes to protect the late attorney's reputation and is subsequently hunted by the Gotham City Police Department. Eight years later, Batman encounters the mysterious Selina Kyle and the villainous Bane, a new terrorist leader who overwhelms Gotham's finest. The Dark Knight resurfaces to protect a city that has branded him an enemy.",2012-07-17,38.9196,7.797,/hr0L2aueqlP2BYUblTTjmtn0hw4.jpg
My Fault,movie,"[18, 10749, 53]","Noah must leave her city, boyfriend, and friends to move into William Leister's mansion, the flashy and wealthy husband of her mother Rafaela. As a proud and independent 17 year old, Noah resists living in a mansion surrounded by luxury. However, it is there where she meets Nick, her new stepbrother, and the clash of their strong personalities becomes evident from the very beginning.",2023-06-08,38.1258,7.728,/w46Vw536HwNnEzOa7J24YH9DPRS.jpg
Vishwanath & Sons,movie,"[18, 10749]","Sanjay Vishwanath is an acclaimed professional handgunner in his 40s with a major stake in fame and wealth. When he comes across a woman named Maddy in her 20s, their dynamic poses many issues that they must come to terms with.",2026-08-14,30.9582,7.4,/vEMiPLEXfzF9NUzUkROtyDVZ4Ln.jpg
How to Train Your Dragon,movie,"[14, 12, 16, 10751]","As the son of a Viking leader on the cusp of manhood, shy Hiccup Horrendous Haddock III faces a rite of passage: he must kill a dragon to prove his warrior mettle. But after downing a feared dragon, he realizes that he no longer wants to destroy it, and instead befriends the beast – which he names Toothless – much to the chagrin of his warrior father.",2010-03-18,41.6281,7.867,/ygGmAO60t8GyqUo9xYeYxSZAR3b.jpg
Despicable Me,movie,"[16, 35, 80, 878, 10751]","Determined to prove he's the world's greatest supervillain, Gru hatches an audacious plan to steal the Moon. To pull it off, he adopts three orphaned girls—Margo, Edith, and Agnes—intending to use them as pawns in his scheme. But the unexpected bond they form forces him to question the criminal life he's always known.",2010-07-08,35.9136,7.26,/b1BT309QWjtFUlJPLmXmrcHOWEL.jpg
Doctor Strange in the Multiverse of Madness,movie,"[14, 28, 12]","Doctor Strange, with the help of mystical allies both old and new, traverses the mind-bending and dangerous alternate realities of the Multiverse to confront a mysterious new adversary.",2022-05-04,34.7069,7.225,/ddJcSKbcp4rKZTmuyWaMhuwcfMz.jpg
Big Hero 6,movie,"[12, 10751, 16, 28, 35]","A special bond develops between plus-sized inflatable robot Baymax, and prodigy Hiro Hamada, who team up with a group of friends to form a band of high-tech heroes.",2014-10-24,39.265,7.725,/2mxS4wUimwlLmI1xp6QW6NSU361.jpg
Troy,movie,"[10752, 28, 36]","In year 1250 B.C. during the late Bronze age, two emerging nations begin to clash. Paris, the Trojan prince, convinces Helen, Queen of Sparta, to leave her husband Menelaus, and sail with him back to Troy. After Menelaus finds out that his wife was taken by the Trojans, he asks his brother Agamemnon to help him get her back. Agamemnon sees this as an opportunity for power. They set off with 1,000 ships holding 50,000 Greeks to Troy.",2004-05-13,33.874,7.19,/a07wLy4ONfpsjnBqMwhlWTJTcm.jpg
Up,movie,"[16, 35, 10751, 12]","Carl Fredricksen spent his entire life dreaming of exploring the globe and experiencing life to its fullest. But at age 78, life seems to have passed him by, until a twist of fate (and a persistent 8-year old Wilderness Explorer named Russell) gives him a new lease on life.",2009-05-28,36.6315,7.96,/mFvoEwSfLqbcWwFsDjQebn9bzFe.jpg
Now You See Me: Now You Don't,movie,"[80, 53]","The original Four Horsemen reunite with a new generation of illusionists to take on powerful diamond heiress Veronika Vanderberg, who leads a criminal empire built on money laundering and trafficking. The new and old magicians must overcome their differences to work together on their most ambitious heist yet.",2025-11-12,31.1434,6.468,/oD3Eey4e4Z259XLm3eD3WGcoJAh.jpg
The Lord of the Rings: The Two Towers,movie,"[12, 14, 28]","Frodo Baggins and the other members of the Fellowship continue on their sacred quest to destroy the One Ring--but on separate paths. Their destinies lie at two towers--Orthanc Tower in Isengard, where the corrupt wizard Saruman awaits, and Sauron's fortress at Barad-dur, deep within the dark lands of Mordor.",2002-12-18,39.3684,8.428,/5VTN0pR8gcqV3EPUHHfMGnJYN9L.jpg
Howl's Moving Castle,movie,"[14, 16, 12]","Sophie, a young milliner, is turned into an elderly woman by a witch who enters her shop and curses her. She encounters a wizard named Howl and gets caught up in his resistance to fighting for the king.",2004-09-09,38.5792,8.386,/13kOl2v0nD2OLbVSHnHk8GUFEhO.jpg
"The Chronicles of Narnia: The Lion, the Witch and the Wardrobe",movie,"[12, 10751, 14]",Four kids travel through a wardrobe to the land of Narnia and learn of their destiny to free it with the guidance of a mystical lion.,2005-12-07,40.8229,7.143,/iREd0rNCjYdf5Ar0vfaW32yrkm.jpg
Star Wars,movie,"[12, 28, 878]",Princess Leia is captured and held hostage by the evil Imperial forces in their effort to take over the galactic Empire. Venturesome Luke Skywalker and dashing captain Han Solo team together with the loveable robot duo R2-D2 and C-3PO to rescue the beautiful princess and restore peace and justice in the Empire.,1977-05-25,35.5155,8.207,/fai0rspsNeJCS69wHNjOdWxcI7P.jpg
The Super Mario Bros. Movie,movie,"[10751, 35, 12, 14, 16]","While working underground to fix a water main, Brooklyn plumbers—and brothers—Mario and Luigi are transported down a mysterious pipe and wander into a magical new world. But when the brothers are separated, Mario embarks on an epic quest to find Luigi.",2023-04-05,36.8428,7.595,/qNBAXBIQlnOThrVvA6mA2B5ggV6.jpg
The Maze Runner,movie,"[28, 9648, 878, 53]","A teenager with no memory of his past finds himself among a group of boys living in a walled enclosure surrounded by a massive, ever-changing maze. As he struggles to adapt to their rules and society, he begins to uncover clues that may lead to escape and the truth behind their confinement.",2014-09-10,33.8777,7.19,/ode14q7WtDugFDp78fo9lCsmay9.jpg
Alpha,movie,"[28, 53]","When Sita, a highly trained assassin raised in isolation as a super-soldier by a rogue commander, discovers the dark truth about her family and her stolen childhood, she teams up with her long lost sister to take down her creator and his illicit military program.",2026-07-02,33.9874,5.0,/bPtRt3ajQ0EkyeQ1O6iJwAIi9Py.jpg
F1,movie,"[28, 18]",Racing legend Sonny Hayes is coaxed out of retirement to lead a struggling Formula 1 team—and mentor a young hotshot driver—while chasing one more chance at glory.,2025-06-25,33.5344,7.823,/9PXZIUsSDh4alB80jheWX4fhZmy.jpg
Joker,movie,"[80, 53, 18]","During the 1980s, a failed stand-up comedian is driven insane and turns to a life of crime and chaos in Gotham City while becoming an infamous psychopathic crime figure.",2019-10-01,37.5675,8.117,/udDclJoHjfjb8Ekgsd4FDteOkCU.jpg
Inside Out 2,movie,"[16, 12, 35, 10751]","Teenager Riley's mind headquarters is undergoing a sudden demolition to make room for something entirely unexpected: new Emotions! Joy, Sadness, Anger, Fear and Disgust, who’ve long been running a successful operation by all accounts, aren’t sure how to feel when Anxiety shows up. And it looks like she’s not alone.",2024-06-11,39.3148,7.54,/vpnVM9B6NMmQpWeZvzLvDESb2QY.jpg
The Wolf of Wall Street,movie,"[80, 18, 35]","A New York stockbroker refuses to cooperate in a large securities fraud case involving corruption on Wall Street, corporate banking world and mob infiltration. Based on Jordan Belfort's autobiography.",2013-12-25,37.0433,8.027,/kW9LmvYHAaS9iA0tHmZVq8hQYoq.jpg
Harry Potter and the Half-Blood Prince,movie,"[12, 14]",Dumbledore tries to prepare Harry for the final battle with Voldemort while Death Eaters wreak havoc in both Muggle and Wizard worlds.,2009-07-15,37.1597,7.681,/z7uo9zmQdQwU5ZJHFpv2Upl30i1.jpg
The Lion King,movie,"[16, 10751, 18]","Young lion prince Simba, eager to one day become king of the Pride Lands, grows up under the watchful eye of his father Mufasa; all the while his villainous uncle Scar conspires to take the throne for himself. Amid betrayal and tragedy, Simba must confront his past and find his rightful place in the Circle of Life.",1994-06-15,39.856,8.251,/sKCr78MXSLixwmZ8DyJLrpMsd15.jpg
Kraven the Hunter,movie,"[28, 12, 53]","Kraven Kravinoff's complex relationship with his ruthless gangster father, Nikolai, starts him down a path of vengeance with brutal consequences, motivating him to become not only the greatest hunter in the world, but also one of its most feared.",2024-12-11,37.8142,6.415,/1GvBhRxY6MELDfxFrete6BNhBB5.jpg
Schindler's List,movie,"[18, 36, 10752]",The true story of how businessman Oskar Schindler saved over a thousand Jewish lives from the Nazis while they worked as slaves in his factory during World War II.,1993-12-15,34.3614,8.57,/sF1U4EUQS8YHUYjNl3pMGNIQyr0.jpg
The Substance,movie,"[27, 878]","A fading celebrity decides to use a black market drug, a cell-replicating substance that temporarily creates a younger, better version of herself.",2024-09-07,36.3497,7.13,/lqoMzCcZYEFK729d6qzt349fB4o.jpg
Ready or Not: Here I Come,movie,"[27, 35]","Moments after surviving an all-out attack from the Le Domas family, Grace discovers she’s reached the next level of the nightmarish game — and this time with her estranged sister Faith at her side. Grace has one chance to survive, keep her sister alive, and claim the High Seat of the Council that controls the world. Four rival families are hunting her for the throne, and whoever wins rules it all.",2026-03-19,31.4849,7.573,/13ZcJzSGEqVgDSqsS9U5EkQwPkV.jpg
Kesong Puti,movie,[18],"Have a taste of VMX Newest Temptation Apphle Celso. Lena, a Kesong Puti vendor, meets a charming dairy supplier Manny. Their chemistry sparks a daring secret that transforms her humble cheese into their town’s obsession.",2026-04-24,31.4715,3.8,/8zYU8hlKR5111IToxXvv5575tZG.jpg
The Conjuring: Last Rites,movie,[27],Paranormal investigators Ed and Lorraine Warren take on one last terrifying case involving mysterious entities they must confront.,2025-09-03,31.7708,6.947,/byWgphT74ClOVa8EOGzYDkl8DVL.jpg
The Mongoose,movie,"[28, 53]","A falsely accused war hero with nothing to lose leads police on an epic televised cross-country car chase, helped by members of his former Special Forces Army battalion and closely monitored by a fascinated public rooting for his safe getaway.",2026-10-30,39.4233,0.0,/eSS5mvSG84UUuvtbHel5Yu3Wik4.jpg
Shrek,movie,"[16, 35, 14, 12, 10751]","It ain't easy bein' green -- especially if you're a likable (albeit smelly) ogre named Shrek. On a mission to retrieve a gorgeous princess from the clutches of a fire-breathing dragon, Shrek teams up with an unlikely compatriot -- a wisecracking donkey.",2001-05-18,36.8183,7.777,/iB64vpL3dIObOtMZgX3RqdVdQDc.jpg
Ghost Stories,movie,[27],,1982-01-01,34.1801,6.2,/m4ALMhsuqOOUkkABvgQWfrgoL8y.jpg
Ghost Stories,movie,[27],,1982-01-01,34.1801,6.2,/m4ALMhsuqOOUkkABvgQWfrgoL8y.jpg
"Monsters, Inc.",movie,"[16, 35, 10751, 14]","Lovable Sulley and his wisecracking sidekick Mike Wazowski are the top scare team at Monsters, Inc., the scream-processing factory in Monstropolis. When a little girl named Boo wanders into their world, it's the monsters who are scared silly, and it's up to Sulley and Mike to keep her out of sight and get her back home.",2001-11-01,39.3523,7.856,/wFSpyMsp7H0ttERbxY7Trlv8xry.jpg
Immortal Combat,movie,"[28, 878, 12]","History's greatest warriors, including Genghis Khan and Joan of Arc, are summoned by a shadowy organization to fight in a battle to the death. But unknown to their captors, the fighters have been plotting to turn the tables and dismantle the deadly enterprise from within.",2026-04-24,30.5057,4.81,/mhRAgvQ04DTE4zQN3OSyc9Lonj3.jpg
12 Angry Men,movie,[18],"The defense and the prosecution have rested and the jury is filing into the jury room to decide if a young Spanish-American is guilty or innocent of murdering his father. What begins as an open and shut case soon becomes a mini-drama of each of the jurors' prejudices and preconceptions about the trial, the accused, and each other.",1957-04-10,32.7379,8.571,/zhG3vKWyDRaZYoaww1UVAi29T9h.jpg
A Minecraft Movie,movie,"[10751, 14, 35, 12]","Four misfits find themselves struggling with ordinary problems when they are suddenly pulled through a mysterious portal into the Overworld: a bizarre, cubic wonderland that thrives on imagination. To get back home, they'll have to master this world while embarking on a magical quest with an unexpected, expert crafter, Steve.",2025-03-31,35.7995,6.224,/yFHHfHcUgGAxziP1C3lLt0q2T4s.jpg
The Gorge,movie,"[10749, 878, 53]","Two highly trained operatives grow close from a distance after being sent to guard opposite sides of a mysterious gorge. When an evil below emerges, they must work together to survive what lies within.",2025-02-13,33.7584,7.695,/7iMBZzVZtG0oBug4TfqDb9ZxAOa.jpg
Toy Story 4,movie,"[10751, 35, 16, 12]","Woody has always been confident about his place in the world, devoted to taking care of his kid—whether that's Andy or Bonnie. But after Bonnie creates a reluctant new toy called ""Forky"", a road trip adventure alongside old and new friends challenges everything Woody believes about loyalty, purpose, and what it truly means to be a toy.",2019-06-19,32.2577,7.5,/w9kR8qbmQ01HwnvK4alvnQ2ca0L.jpg
Frankenstein,movie,"[18, 14, 27]","Dr. Victor Frankenstein, a brilliant but egotistical scientist, brings a creature to life in a monstrous experiment that ultimately leads to the undoing of both the creator and his tragic creation.",2025-10-17,32.2989,7.618,/g4JtvGlQO7DByTI6frUobqvSL3R.jpg
PAW Patrol: The Dino Movie,movie,"[16, 12, 10751, 14, 35]","The Paw Patrol lands on a mysterious dinosaur island after a storm, where they meet Rex, a stranded pup. When Humdinger's reckless mining triggers a volcano, the team faces their biggest rescue mission yet to save the island.",2026-07-23,34.6667,7.119,/qnin56Syy5rbG7KCaxWY7SPuy6p.jpg
Ice Age: Collision Course,movie,"[12, 16, 10751, 35, 878]","Set after the events of Continental Drift, Scrat's epic pursuit of his elusive acorn catapults him outside of Earth, where he accidentally sets off a series of cosmic events that transform and threaten the planet. To save themselves from peril, Manny, Sid, Diego, and the rest of the herd leave their home and embark on a quest full of thrills and spills, highs and lows, laughter and adventure while traveling to exotic new lands and locations.",2016-06-23,36.3326,6.124,/tFzUkdhPOForVrEfvxydXfPLrZR.jpg
Back to the Future,movie,"[12, 35, 878]","Eighties teenager Marty McFly is accidentally sent back in time to 1955, inadvertently disrupting his parents' first meeting and attracting his mother's romantic interest. Marty must repair the damage to history by rekindling his parents' romance and - with the help of his eccentric inventor friend Doc Brown - return to 1985.",1985-07-03,33.4884,8.329,/vN5B5WgYscRGcQpVhHl6p9DDTP0.jpg
The Conjuring,movie,"[27, 53]","Paranormal investigators Ed and Lorraine Warren work to help a family terrorized by a dark presence in their farmhouse. Forced to confront a powerful entity, the Warrens find themselves caught in the most terrifying case of their lives.",2013-07-18,35.6365,7.542,/wVYREutTvI2tmxr6ujrHT704wGF.jpg
Crayon Shin-chan the Movie: Very Bizarre! My Yokai Vacation,movie,"[12, 16, 35]","Shin-chan and his family visit his father's home town of Akita in order to view the Omagari Fireworks Festival. When a strange incident to causes the residents of “Yokai Land” to begin running wild throughout Akita and the rest of Japan, Shin-chan and company are lured to “Yokai Land” for an unusual adventure.",2026-07-31,33.2496,0.0,/15iwqqJVgFfeFh4Y1f8gg9yi2Fw.jpg
Pirates of the Caribbean: The Curse of the Black Pearl,movie,"[12, 14, 28]","When wily pirate Captain Barbossa seizes Jack Sparrow’s beloved ship, the Black Pearl, and kidnaps the governor’s daughter, Elizabeth Swann, blacksmith Will Turner reluctantly teams up with the unpredictable pirate Jack to rescue her—only to uncover a terrifying curse that turns Barbossa’s crew into the undead.",2003-07-09,35.9743,7.834,/poHwCZeWzJCShH7tOjg8RIoyjcw.jpg
Back to the 90s,movie,"[10749, 35, 10402]","When a mysterious glitch sends a rising boyband back to 1995 - just days before the biggest showcase of their lives - the five friends race to reverse the time slip. But as unexpected connections form and the past pulls them in deeper, getting home means confronting what they're willing to leave behind - and who they truly are to each other.",2026-08-18,28.9784,5.8,/tCOvMa7bXHiRlOuhQvUOeSF0kPn.jpg
Ratatouille,movie,"[16, 35, 10751, 14]","In one of Paris's finest restaurants, Remy, a determined young rat, dreams of becoming a renowned French chef. Torn between his family's wishes and his true calling, Remy and his pal Linguini set in motion a hilarious chain of events that turns the City of Lights upside down.",2007-06-28,37.7544,7.845,/t3vaWRPSf6WjDSamIkKDs1iQWna.jpg
2012,movie,"[28, 12, 878]","Dr. Adrian Helmsley, part of a worldwide geophysical team investigating the effect on the earth of radiation from unprecedented solar storms, learns that the earth's core is heating up. He warns U.S. President Thomas Wilson that the crust of the earth is becoming unstable and that without proper preparations for saving a fraction of the world's population, the entire race is doomed. Meanwhile, writer Jackson Curtis stumbles on the same information. While the world's leaders race to build ""arks"" to escape the impending cataclysm, Curtis struggles to find a way to save his family. Meanwhile, volcanic eruptions and earthquakes of unprecedented strength wreak havoc around the world.",2009-10-10,34.4523,5.893,/zaqam2RNscH5ooYFWInV6hjx6y5.jpg
The Devil Wears Prada,movie,"[18, 35]","A young woman from the Midwest gets more than she bargained for when she moves to New York to become a writer and ends up as the assistant to the tyrannical, larger-than-life editor-in-chief of a major fashion magazine.",2006-06-29,31.8342,7.437,/8912AsVuS7Sj915apArUFbv6F9L.jpg
Home Alone 2: Lost in New York,movie,"[35, 10751, 12]","Instead of flying to Florida with his folks, Kevin ends up alone in New York, where he gets a hotel room with his dad's credit card—despite problems from a clerk and meddling bellboy. But when Kevin runs into his old nemeses, the Wet Bandits, he's determined to foil their plans to rob a toy store on Christmas Eve.",1992-11-15,31.1457,6.794,/uuitWHpJwxD1wruFl2nZHIb4UGN.jpg
Hacksaw Ridge,movie,"[18, 36, 10752]","WWII American Army Medic Desmond T. Doss, who served during the Battle of Okinawa, refuses to kill people and becomes the first Conscientious Objector in American history to receive the Congressional Medal of Honor.",2016-10-07,35.4492,8.193,/fnOMP6mjmOmZwmlC1n0K7ivrzt1.jpg
Apex,movie,"[28, 53]",A grieving woman pushing her limits on a solo adventure in the Australian wild is ensnared in a twisted game with a cunning killer who thinks she's prey.,2026-04-24,31.4248,6.894,/eTp7gSPkSF3Aw79mNx1NkBP1PZT.jpg
School on Fire,movie,"[18, 80, 53]","A young schoolgirl, Yuen Fong becomes caught in a tragic stranglehold of triad activity after she testifies in court over a triad beating. When this news reaches the triad leader Brother Smart, Yuen Fong must pay him protection money for what she has done as events begin to escalate.",1988-08-20,31.5245,7.3,/uTVfcol62NROZw2W2Q7ykbFgPQ.jpg
Lilo & Stitch,movie,"[10751, 878, 35]",The wildly funny and touching story of a lonely Hawaiian girl and the fugitive alien who helps to mend her broken family.,2025-05-17,46.1449,7.2,/ckQzKpQJO4ZQDCN5evdpKcfm7Ys.jpg
Descendants: Wicked Wonderland,movie,"[14, 10770, 10751, 12]","Now that the Queen of Hearts is nice and Cinderella is safe, things seem perfect for Red and Chloe… But little do they know that changing the past created a new villain — Maddox Hatter. When Maddox captures the Queen of Hearts, Red and Chloe must work alongside Red’s new sister Pink, Luisa Madrigal’s son Luis, and Maddox’s son Max to save her and Wonderland.",2026-07-16,30.3237,7.52,/xdhLAADGSse8KCrsDLBuM5b68Cg.jpg
Fast X,movie,"[28, 80, 53]","Over many missions and against impossible odds, Dom Toretto and his family have outsmarted, out-nerved and outdriven every foe in their path. Now, they confront the most lethal opponent they've ever faced: A terrifying threat emerging from the shadows of the past who's fueled by blood revenge, and who is determined to shatter this family and destroy everything—and everyone—that Dom loves, forever.",2023-05-17,31.6431,6.984,/fiVW06jE7z9YnO4trhaMEdclSiC.jpg
A Child of My Own,movie,[99],"Desperate for a baby and burdened by family and societal expectations, a woman fakes a pregnancy and gets tangled in a crime.",2026-07-30,31.1041,8.422,/4ALVUEb2PCIFDNCD88xTFJFCJ3q.jpg
The Isolate Thief,movie,"[37, 28, 18]",A young woman struggles to conceal the gold she stole from a group of violent outlaws who have seized control of her remote outpost.,2026-07-10,29.6922,7.028,/gmmCh2BvTKp0YGT2FYG0eOQJELi.jpg
Who's That Girl,movie,"[35, 10749]",An uptight New York City tax lawyer gets his life turned upside down one day when he's asked to escort a feisty free-spirited ex-convict who asks him to help prove her innocence of her crime.,1987-08-07,36.904,5.504,/2Yu6ciKKgSWIZAzUg4IrrifO23z.jpg
Black Panther: Wakanda Forever,movie,"[28, 12, 878]","Queen Ramonda, Shuri, M’Baku, Okoye and the Dora Milaje fight to protect their nation from intervening world powers in the wake of King T’Challa’s death.  As the Wakandans strive to embrace their next chapter, the heroes must band together with the help of War Dog Nakia and Everett Ross and forge a new path for the kingdom of Wakanda.",2022-11-09,33.431,6.993,/sv1xJUazXeYqALzczSZ3O6nkH75.jpg
The Imitation Game,movie,"[36, 18, 53, 10752]","Based on the real life story of legendary cryptanalyst Alan Turing, the film portrays the nail-biting race against time by Turing and his brilliant team of code-breakers at Britain's top-secret Government Code and Cypher School at Bletchley Park, during the darkest days of World War II.",2014-11-14,35.395,7.98,/zSqJ1qFq8NXFfi7JeIYMlzyR0dx.jpg
One Night Only,movie,"[35, 10749]",Two love-starved strangers crash into each other on the one night of the year when single people are allowed to have sex.,2026-07-28,32.0885,6.958,/9LGEqZvzI7Tsosf8srwEY48rZsD.jpg
Venom: The Last Dance,movie,"[878, 28, 12]","Eddie and Venom are on the run. Hunted by both of their worlds and with the net closing in, the duo are forced into a devastating decision that will bring the curtains down on Venom and Eddie's last dance.",2024-10-22,40.9529,6.674,/vGXptEdgZIhPg3cGlc7e8sNPC2e.jpg
Normal,movie,"[28, 80, 53, 37]","An unassuming substitute sheriff with a troubled past responds to a bank robbery in a small, sleepy town and unknowingly uncovers something far more explosive.",2026-04-16,27.4569,7.269,/t13MdGCKRZvkmrFW2A7Vih3QjwD.jpg
The Priest: Thanksgiving Massacre,movie,[27],"A family gather to spend Thanksgiving at an isolated cabin, unaware that the site has a horrific history of murder and cannibalism and that the Priest responsible did not rest in peace. Now they are on the menu for Thanksgiving dinner.",2025-08-08,28.0979,3.831,/AiRySv62247N91mfCCAryACGNuv.jpg
“Wuthering Heights”,movie,"[10749, 18]","Tragedy strikes when Heathcliff falls in love with Catherine Earnshaw, a woman from a wealthy family in 18th-century England.",2026-02-11,37.177,6.66,/3YBce6dTh1D5oCMITXk2S5QhPt.jpg
Ted 2,movie,"[35, 14]","Newlywed couple Ted and Tami-Lynn want to have a baby, but in order to qualify to be a parent, Ted will have to prove he's a person in a court of law.",2015-06-25,34.1272,6.326,/38C91I7Xft0gyY7BITm8i4yvuRb.jpg
Black Adam,movie,"[28, 12, 878]","Nearly 5,000 years after he was bestowed with the almighty powers of the Egyptian gods—and imprisoned just as quickly—Black Adam is freed from his earthly tomb, ready to unleash his unique form of justice on the modern world.",2022-10-19,33.3252,6.773,/rCtreCr4xiYEWDQTebybolIh6Xe.jpg
The Rope Curse 4: Kuntilanak,movie,"[53, 9648, 27]","A forbidden exorcism is livestreamed in Indonesia, awakening the legendary female spirit Kuntilanak. What begins as an online spectacle quickly turns deadly. In Taiwan, Mila watches the ritual—and becomes the curse’s first victim. Soon, mysterious deaths and violent possessions follow. When Yulan collapses and is found to have lost part of her soul, it becomes clear that this is not an isolated incident, but a transnational curse. Seeking answers, Mila’s son returns her ashes to Indonesia, hoping to uncover the truth behind her death. Instead, he steps into a nightmare rooted in ancient folklore and unresolved hatred. As supernatural violence escalates, the group realizes that once Kuntilanak is summoned, the curse will not stop—until it claims everything in its path.",2026-08-27,31.4126,0.0,/6u8F23BammMeCWLvWITbFM2Nwbe.jpg
Scream 7,movie,"[27, 9648, 80]","When a new Ghostface killer emerges in the quiet town where Sidney Prescott has built a new life, her darkest fears are realized as her daughter becomes the next target. Determined to protect her family, Sidney must face the horrors of her past to put an end to the bloodshed once and for all.",2026-02-25,32.405,6.2,/jjyuk0edLiW8vOSnlfwWCCLpbh5.jpg
Alien,movie,"[27, 878]","During its return to the earth, commercial spaceship Nostromo intercepts a distress signal from a distant planet. When a three-member team of the crew discovers a chamber containing thousands of eggs on the planet, a creature inside one of the eggs attacks an explorer. The entire crew is unaware of the impending nightmare set to descend upon them when the alien parasite planted inside its unfortunate host is birthed.",1979-05-25,39.2259,8.172,/vfrQk5IPloGg1v9Rzbh2Eg3VGyM.jpg
The Intouchables,movie,"[18, 35]",A true story of two men who should never have met – a quadriplegic aristocrat who was injured in a paragliding accident and a young man from the projects.,2011-11-02,32.2576,8.272,/1QU7HKgsQbGpzsJbJK4pAVQV9F5.jpg
Inside Out,movie,"[16, 10751, 12, 18, 35]","When 11-year-old Riley moves to a new city, her Emotions team up to help her through the transition. Joy, Fear, Anger, Disgust and Sadness work together, but when Joy and Sadness get lost, they must journey through unfamiliar places to get back home.",2015-06-17,35.2114,7.906,/2H1TmgdfNtsKlU9jKdeNyYL5y8T.jpg
Killers of the Flower Moon,movie,"[80, 36, 18]","When oil is discovered in 1920s Oklahoma under Osage Nation land, the Osage people are murdered one by one—until the FBI steps in to unravel the mystery.",2023-10-18,33.1478,7.39,/dB6Krk806zeqd0YNp2ngQ9zXteH.jpg
Aquaman and the Lost Kingdom,movie,"[28, 12, 14]","Black Manta seeks revenge on Aquaman for his father's death. Wielding the Black Trident's power, he becomes a formidable foe. To defend Atlantis, Arthur (Aquaman) forges an alliance with his imprisoned brother. They must protect the kingdom.",2023-12-20,29.3964,6.505,/7lTnXOy0iNtBAdRP3TZvaKJ77F6.jpg
Thor: Ragnarok,movie,"[28, 878, 35, 12]","Thor is imprisoned on the other side of the universe and finds himself in a race against time to get back to Asgard to stop Ragnarok, the destruction of his home-world and the end of Asgardian civilization, at the hands of a powerful new threat, the ruthless Hela.",2017-10-02,28.9916,7.58,/rzRwTcFvttcN1ZpX2xv4j3tSdJu.jpg
X-Men: Days of Future Past,movie,"[28, 12, 878]",The ultimate X-Men ensemble fights a war for the survival of the species across two time periods as they join forces with their younger selves in an epic battle that must change the past – to save our future.,2014-05-15,30.849,7.535,/tYfijzolzgoMOtegh1Y7j2Enorg.jpg
Zero Woman 2,movie,"[28, 53]","When a valuable suitcase is stolen, the mob, petty criminals, and a beautiful agent from the Elite Zero division are pulled into a battle to settle the score.",1995-09-05,25.5613,5.0,/sQHeDjwmBQba8E51Mkp5dvgkzeZ.jpg
Tom Clancy's Jack Ryan: Ghost War,movie,"[28, 53]","Jack Ryan is reluctantly pulled back into espionage when an international covert mission unravels a deadly conspiracy. Racing against time, he joins CIA allies Mike November & James Greer and sharp MI6 officer Emma Marlowe to battle a rogue black-ops unit in a high-stakes, deeply personal fight.",2026-05-20,32.264,6.93,/8ehYxUh5MWE41AeE9gkHE8DKzvB.jpg
The Hobbit: The Battle of the Five Armies,movie,"[28, 12, 14]","Following Smaug's attack on Laketown, Bilbo and the dwarves try to defend Erebor's mountain of treasure from others who claim it: the men of the ruined Laketown and the elves of Mirkwood. Meanwhile an army of Orcs led by Azog the Defiler is marching on Erebor, fueled by the rise of the dark lord Sauron. Dwarves, elves and men must unite, and the hope for Middle-Earth falls into Bilbo's hands.",2014-12-10,32.6501,7.338,/xT98tLqatZPQApyRmlPL12LtiWp.jpg
Barbie,movie,"[35, 12, 14]","Barbie and Ken are having the time of their lives in the colorful and seemingly perfect world of Barbie Land. However, when they get a chance to go to the real world, they soon discover the joys and perils of living among humans.",2023-07-19,33.8444,6.912,/iuFNMS8U5cb6xfzi51Dbkovj7vM.jpg
To Her,movie,"[18, 10749]","Gwang-ho is bored except for the time he's taking off his girlfriend's underwear. He visits his Seoul home at the news that his grandfather is dying. Amidst the awkwardness, he remembers something. Ji-yoon is his cousin who has grown up to be a young lady. Gwang-ho is attracted to the fully grown woman and the same is said for Ji-yoon.",2017-07-12,49.3222,7.333,/q3BCuQwMMWlmimOEp8Xfu9Ooaz9.jpg
Harry Potter and the Order of the Phoenix,movie,"[12, 14]","When a new professor's methods leave Hogwarts unprepared to fight the rising tide of evil, Harry teaches students how to defend against the dark arts.",2007-07-08,33.3209,7.672,/5aOyriWkPec0zUDxmHFP9qMmBaj.jpg
Star Wars: The Last Jedi,movie,"[12, 28, 878]","Rey develops her newly discovered abilities with the guidance of Luke Skywalker, who is unsettled by the strength of her powers. Meanwhile, the Resistance prepares to do battle with the First Order.",2017-12-13,29.7671,6.74,/ySaaKHOLAQU5HoZqWmzDIj1VvZ1.jpg
Pirates of the Caribbean: Dead Man's Chest,movie,"[12, 14, 28]","Captain Jack Sparrow’s got a blood debt to pay: he owes his soul to the legendary Davy Jones, ghastly Ruler of the Ocean Depths. To escape eternal servitude aboard the Flying Dutchman, ever-crafty Jack must track down the still-beating heart of Jones. But he won’t do it alone: Will Turner and Elizabeth Swann are drawn back into another one of his perilous quests—assuming they can evade execution for aiding a pirate.",2006-07-06,32.0204,7.39,/uXEqmloGyP7UXAiphJUu2v2pcuE.jpg
Moana 2,movie,"[12, 16, 35, 10751, 14]","After receiving an unexpected call from her wayfinding ancestors, Moana journeys alongside Maui and a new crew to the far seas of Oceania and into dangerous, long-lost waters for an adventure unlike anything she's ever faced.",2024-11-21,29.4924,6.992,/aLVkiINlIeCkcZIzb7XHzPYgO6L.jpg
Gone Girl,movie,"[9648, 53, 18]","With his wife's disappearance having become the focus of an intense media circus, a man sees the spotlight turned on him when it's suspected that he may not be innocent.",2014-10-01,30.5622,7.89,/ts996lKsxvjkO2yiYG0ht4qAicO.jpg
Black Box,movie,"[27, 53]","A routine domestic flight turns into the flight from hell through a series of inexplicable phenomena and raw terror. Surreal encounters blur the boundaries between reality and nightmare. Passengers fight against all the odds in an attempt to survive while combating bizarre technological malfunctions, accelerating supernatural events and alien influences.",2026-06-25,29.5284,6.151,/x6dsUKxz8O5rD3lzayJgvFpW58s.jpg
Saving Private Ryan,movie,"[10752, 18, 36]","As U.S. troops storm the beaches of Normandy, three brothers lie dead on the battlefield, with a fourth trapped behind enemy lines. Ranger captain John Miller and seven men are tasked with penetrating German-held territory and bringing the boy home.",1998-07-24,37.1286,8.233,/uqx37cS8cpHg8U35f9U5IBlrCV3.jpg
Toy Story 2,movie,"[16, 35, 10751]","Andy heads off to Cowboy Camp, leaving his toys to their own devices. Things shift into high gear when an obsessive toy collector named Al McWhiggen, owner of Al's Toy Barn kidnaps Woody. Andy's toys mount a daring rescue mission, Buzz Lightyear meets his match and Woody has to decide where he and his heart truly belong.",1999-10-30,31.5571,7.619,/4rbcp3ng8n1MKHjpeqW0L7Fnpzz.jpg
Kung Fu Soccer,movie,"[18, 35, 28]","The ""Supreme Invincible Cup"" is about to begin, and a host of top teams are about to engage in an unprecedented showdown! But the Kung Fu Women's Soccer Team has been dealt a hellish script right from the start?! Their opponents are all highly skilled, and external pressure is mounting. The schemes on the field are one after another... Can they use their kung fu to turn the tide on the green field?",2026-07-11,25.8895,6.4,/6QgJQrClh9ej357yzLWgCxrjAmJ.jpg
Toy Story 2,movie,"[16, 35, 10751]","Andy heads off to Cowboy Camp, leaving his toys to their own devices. Things shift into high gear when an obsessive toy collector named Al McWhiggen, owner of Al's Toy Barn kidnaps Woody. Andy's toys mount a daring rescue mission, Buzz Lightyear meets his match and Woody has to decide where he and his heart truly belong.",1999-10-30,31.5571,7.619,/4rbcp3ng8n1MKHjpeqW0L7Fnpzz.jpg
Kung Fu Soccer,movie,"[18, 35, 28]","The ""Supreme Invincible Cup"" is about to begin, and a host of top teams are about to engage in an unprecedented showdown! But the Kung Fu Women's Soccer Team has been dealt a hellish script right from the start?! Their opponents are all highly skilled, and external pressure is mounting. The schemes on the field are one after another... Can they use their kung fu to turn the tide on the green field?",2026-07-11,25.8895,6.4,/6QgJQrClh9ej357yzLWgCxrjAmJ.jpg
Protector,movie,"[28, 53]","Nikki's life is shattered when her daughter is kidnapped. Thrust into the criminal underworld while hunted by cops and military, she must fight to rescue her child.",2026-02-20,25.4041,8.401,/icOZpnGuH9YrEaW3wrw5GJaXGih.jpg
GoodFellas,movie,"[18, 80]","The true story of Henry Hill, a half-Irish, half-Sicilian Brooklyn kid who is adopted by neighbourhood gangsters at an early age and climbs the ranks of a Mafia family under the guidance of Jimmy Conway.",1990-09-12,30.2198,8.451,/9OkCLM73MIU2CrKZbqiT8Ln1wY2.jpg
Django Unchained,movie,"[18, 37]","With the help of a German bounty hunter, a freed slave sets out to rescue his wife from a brutal Mississippi plantation owner.",2012-12-25,30.3435,8.193,/7oWY8VDWW7thTzWh3OKYRkWUlD5.jpg
LEGO Disney Princess: Magical Mayhem,movie,"[16, 14, 35, 12]","During a heavy rainstorm, the Princess characters and their sidekick friends take in animals in need while enjoying a cozy day in their castle. But when the animals run amok, chaos erupts. Sleuthing reveals a mischievous villain behind it all, and with teamwork, quick thinking, and help from an unexpected friend, the Princess characters must restore order and save their home.",2026-08-21,26.1328,7.688,/3tCKtHBq9LC5Vd8S1UHVocZDj0l.jpg
Toy Story 3,movie,"[16, 10751, 35]","Woody, Buzz, and the rest of Andy's toys haven't been played with in years. With Andy about to go to college, the gang find themselves accidentally left at a nefarious day care center. The toys must band together to escape and return home to Andy.",2010-06-16,29.9612,7.815,/AbbXspMOwdvwWZgVN0nabZq03Ec.jpg
Weapons,movie,"[27, 9648]","When all but one child from the same class mysteriously vanish on the same night at exactly the same time, a community is left questioning who or what is behind their disappearance.",2025-08-04,30.214,7.253,/cpf7vsRZ0MYRQcnLWteD5jK9ymT.jpg
The Martian,movie,"[878, 18, 12]","During a manned mission to Mars, Astronaut Mark Watney is presumed dead after a fierce storm and left behind by his crew. But Watney has survived and finds himself stranded and alone on the hostile planet. With only meager supplies, he must draw upon his ingenuity, wit and spirit to subsist and find a way to signal to Earth that he is alive.",2015-09-30,29.6023,7.707,/fASz8A0yFE3QB6LgGoOfwvFSseV.jpg
Iron Man 3,movie,"[28, 12, 878]","When Tony Stark's world is torn apart by a formidable terrorist called the Mandarin, he starts an odyssey of rebuilding and retribution.",2013-04-18,29.5799,6.932,/qhPtAc1TKbMPqNvcdXSOn9Bn7hZ.jpg
Frozen,movie,"[16, 10751, 12, 14]","Young princess Anna of Arendelle dreams about finding true love at her sister Elsa’s coronation. Fate takes her on a dangerous journey in an attempt to end the eternal winter that has fallen over the kingdom. She's accompanied by ice delivery man Kristoff, his reindeer Sven, and snowman Olaf. On an adventure where she will find out what friendship, courage, family, and true love really means.",2013-11-20,32.128,7.249,/itAKcobTYGpYT8Phwjd8c9hleTo.jpg
Hope,movie,"[878, 9648, 28]","In the remote South Korean village of Hope Harbor, police chief Bum-seok and officer Sung-ae are called to investigate a mysterious creature wreaking havoc on the community. But all is not as it seems, and perceptions can be misleading. What begins as ignorance plants the seed of disaster, escalating through human conflict into a tragedy of cosmic proportions.",2026-07-15,28.7855,8.2,/1n37BJchWHLiSYQkuFxe5KjB951.jpg
Cars 3,movie,"[16, 18, 10751, 12]","Blindsided by a new generation of blazing-fast racers, the legendary Lightning McQueen finds himself pushed to the brink—and suddenly, the champion who once ruled the track is fighting just to stay in the race. With his career hanging in the balance, McQueen must turn to an ambitious young race technician with a plan of her own, draw strength from the legacy of the late Fabulous Hudson Hornet, and risk everything on one last shot at glory.",2017-06-15,31.2256,6.865,/zg5RDxvIIAKsucjuU2EZJIHEIvz.jpg
"Good Luck, Have Fun, Don't Die",movie,"[878, 28, 35]",A 'Man from the Future' arrives at an LA diner where he must recruit the precise combination of disgruntled patrons to join him on a one-night quest to save the world from the terminal threat of a rogue artificial intelligence.,2026-02-13,29.4912,7.106,/af7yguGbWQyvYtk6QCD5l4yBbKN.jpg
Deadpool,movie,"[28, 12, 35]","The origin story of former Special Forces operative turned mercenary Wade Wilson, who, after being subjected to a rogue experiment that leaves him with accelerated healing powers, adopts the alter ego Deadpool. Armed with his new abilities and a dark, twisted sense of humor, Deadpool hunts down the man who nearly destroyed his life.",2016-02-09,28.691,7.625,/3E53WEZJqP6aM84D8CckXx4pIHw.jpg
Red One,movie,"[28, 12, 35, 14]","After Santa Claus (codename: Red One) is kidnapped, the North Pole's Head of Security must team up with the world's most infamous tracker in a globe-trotting, action-packed mission to save Christmas.",2024-10-31,30.4353,6.959,/cdqLnri3NEGcmfnqwk2TSIYtddg.jpg
Deadpool 2,movie,"[28, 35, 12]",Wisecracking mercenary Deadpool battles the evil and powerful Cable and other bad guys to save a boy's life.,2018-05-15,29.6574,7.488,/to0spRl1CMDvyUbOnbb4fTk3VAd.jpg
Thor,movie,"[12, 14, 28]","Against his father Odin's will, The Mighty Thor - a powerful but arrogant warrior god - recklessly reignites an ancient war. Thor is cast down to Earth and forced to live among humans as punishment. Once here, Thor learns what it takes to be a true hero when the most dangerous villain of his world sends the darkest forces of Asgard to invade Earth.",2011-04-21,28.6406,6.771,/prSfAi1xGrhLQNxVSUFh61xQ4Qy.jpg
Shang-Chi and the Legend of the Ten Rings,movie,"[28, 12, 14]",Shang-Chi must confront the past he thought he left behind when he is drawn into the web of the mysterious Ten Rings organization.,2021-09-01,28.9502,7.485,/9f2Q0U3IOsLgrI2HkvldwSABZy5.jpg
Grown Ups,movie,[35],"After their high school basketball coach passes away, five good friends and former teammates reunite for a Fourth of July holiday weekend.",2010-06-24,25.2166,6.434,/cQGM5k1NtU85n4TUlrOrwijSCcm.jpg
Inglourious Basterds,movie,"[18, 53, 10752]","In Nazi-occupied France during World War II, a group of Jewish-American soldiers known as ""The Basterds"" are chosen specifically to spread fear throughout the Third Reich by scalping and brutally killing Nazis. The Basterds, lead by Lt. Aldo Raine soon cross paths with a French-Jewish teenage girl who runs a movie theater in Paris which is targeted by the soldiers.",2009-08-02,28.7967,8.218,/aupnPtagH9JVBuMrGEanf4iqXEQ.jpg
Tangled,movie,"[16, 10751, 12]","Feisty teenager Rapunzel, who has long and magical hair, wants to go and see sky lanterns on her eighteenth birthday, but she's bound to a tower by her overprotective mother. She strikes a deal with Flynn Rider, a charming wanted thief, and the duo set off on an action-packed escapade.",2010-11-24,30.1446,7.617,/ym7Kst6a4uodryxqbGOxmewF235.jpg
xXx: Return of Xander Cage,movie,"[28, 12, 80]","Xander Cage is left for dead after an incident, though he secretly returns to action for a new, tough assignment with his handler Augustus Gibbons.",2017-01-13,28.5698,6.129,/hba8zREJpP1AYhaXgb2oJLQeO0K.jpg
Blade Runner,movie,"[878, 18, 53]","In the smog-choked dystopian Los Angeles of 2019, blade runner Rick Deckard is called out of retirement to terminate a quartet of replicants who have escaped to Earth seeking their creator for a way to extend their short life spans.",1982-06-25,30.6283,7.935,/63N9uy8nd9j7Eog2axPQ8lbr3Wj.jpg
X-Men: Apocalypse,movie,"[878, 14, 28]","After the re-emergence of the world's first mutant, world-destroyer Apocalypse, the X-Men must unite to defeat his extinction level plan.",2016-05-18,33.9621,6.527,/ikA8UhYdTGpqbatFa93nIf6noSr.jpg
The Incredibles,movie,"[28, 12, 16, 10751]","Bob Parr has given up his superhero days to log in time as an insurance adjuster and raise his three children with his formerly heroic wife in suburbia. But when he receives a mysterious assignment, it's time to get back into costume.",2004-10-27,33.2816,7.728,/2LqaLgk4Z226KkgPJuiOQ58wvrm.jpg
Black Widow,movie,"[28, 12, 878]","Natasha Romanoff, also known as Black Widow, confronts the darker parts of her ledger when a dangerous conspiracy with ties to her past arises. Pursued by a force that will stop at nothing to bring her down, Natasha must deal with her history as a spy and the broken relationships left in her wake long before she became an Avenger.",2021-07-07,30.1072,7.152,/qAZ0pzat24kLdO3o8ejmbLxyOac.jpg
The Notebook,movie,"[10749, 18]","An epic love story centered around an older man who reads aloud to a woman with Alzheimer's. From a faded notebook, the old man's words bring to life the story about a couple who is separated by World War II, and is then passionately reunited, seven years later, after they have taken different paths.",2004-06-25,31.7149,7.89,/rNzQyW4f8B8cQeg7Dgj3n6eT5k9.jpg
Logan,movie,"[28, 18, 878]","In the near future, a weary Logan cares for an ailing Professor X in a hideout on the Mexican border. But Logan's attempts to hide from the world and his legacy are upended when a young mutant arrives, pursued by dark forces.",2017-02-28,37.6378,7.821,/fnbjcRDYn6YviCcePDnGdyAkYsB.jpg
Everything Everywhere All at Once,movie,"[28, 12, 878]","An aging Chinese immigrant is swept up in an insane adventure, where she alone can save what's important to her by connecting with the lives she could have led in other universes.",2022-03-24,36.0248,7.708,/u68AjlvlutfEIcpmbYpKcdi09ut.jpg
Once Upon a Time in America,movie,"[18, 80]","A former Prohibition-era Jewish gangster returns to the Lower East Side of Manhattan over thirty years later, where he once again must confront the ghosts and regrets of his old life.",1984-05-23,29.1144,8.375,/i0enkzsL5dPeneWnjl1fCWm6L7k.jpg
Scarface,movie,"[28, 80, 18]","After getting a green card in exchange for assassinating a Cuban government official, Tony Montana stakes a claim on the drug trade in Miami. Viciously murdering anyone who stands in his way, Tony eventually becomes the biggest drug lord in the state, controlling nearly all the cocaine that comes through Miami. But increased pressure from the police, wars with Colombian drug cartels and his own drug-fueled paranoia serve to fuel the flames of his eventual downfall.",1983-12-09,34.5842,8.152,/iQ5ztdjvteGeboxtmRdXEChJOHh.jpg
Cars,movie,"[16, 12, 35, 10751]","Lightning McQueen, a hotshot rookie race car driven to succeed, discovers that life is about the journey, not the finish line, when he finds himself unexpectedly detoured in the sleepy Route 66 town of Radiator Springs. On route across the country to the big Piston Cup Championship in California to compete against two seasoned pros, McQueen gets to know the town's offbeat characters.",2006-06-08,29.5497,7.049,/2Touk3m5gzsqr1VsvxypdyHY5ci.jpg
Vengeance,movie,"[28, 53]","The brutal murder of the wife of “Toro,” a military hero in the special forces, turns him into a man with a single purpose: revenge. After a stroke of fate makes him a millionaire, Carlos transforms his fortune into an arsenal and, together with his closest soldiers, sets out to hunt down those responsible.",2026-02-26,28.4123,7.533,/ygWXPL0RS91JyJPNOfK34eV3bRE.jpg
Man of Steel,movie,"[28, 12, 878]","A young boy learns that he has extraordinary powers and is not of this earth. As a young man, he journeys to discover where he came from and what he was sent here to do. But the hero in him must emerge if he is to save the world from annihilation and become the symbol of hope for all mankind.",2013-06-12,34.9285,6.66,/8GFtkImmK0K1VaUChR0n9O61CFU.jpg
Good Will Hunting,movie,[18],"Will Hunting is a headstrong, working-class genius who is failing the lessons of life. After one too many run-ins with the law, Will's last chance is a psychology professor, who might be the only man who can reach him.",1997-12-05,32.7535,8.165,/z2FnLKpFi1HPO7BEJxdkv6hpJSU.jpg
Green Book,movie,"[18, 35, 36]","Tony Lip, a bouncer in 1962, is hired to drive pianist Don Shirley on a tour through the Deep South in the days when African Americans, forced to find alternate accommodations and services due to segregation laws below the Mason-Dixon Line, relied on a guide called The Negro Motorist Green Book.",2018-11-16,31.2555,8.222,/7BsvSuDQuoqhWmU2fL7W2GOcZHU.jpg
Puss in Boots: The Last Wish,movie,"[16, 12, 14, 35, 10751]","Puss in Boots discovers that his passion for adventure has taken its toll: He has burned through eight of his nine lives, leaving him with only one life left. Puss sets out on an epic journey to find the mythical Last Wish and restore his nine lives.",2022-12-07,31.1746,8.216,/kuf6dutpsT0vSVehic3EZIqkOBt.jpg
The Truman Show,movie,"[35, 18]","In a picture-perfect seaside town, an insurance salesman begins to realize that his entire existence may be staged and observed by a vast unseen audience as part of a long-running real-time reality TV show.",1998-06-04,28.5887,8.157,/vuza0WqY239yBXOadKlGwJsZJFE.jpg
Fifty Shades of Grey,movie,"[18, 10749, 53]","When college senior Anastasia Steele steps in for her sick roommate to interview prominent businessman Christian Grey for their campus paper, little does she realize the path her life will take. Christian, as enigmatic as he is rich and powerful, finds himself strangely drawn to Ana, and she to him. Though sexually inexperienced, Ana plunges headlong into an affair -- and learns that Christian's true sexual proclivities push the boundaries of pain and pleasure.",2015-02-11,24.7022,5.86,/63kGofUkt1Mx0SIL4XI4Z5AoSgt.jpg
Fifty Shades of Grey,movie,"[18, 10749, 53]","When college senior Anastasia Steele steps in for her sick roommate to interview prominent businessman Christian Grey for their campus paper, little does she realize the path her life will take. Christian, as enigmatic as he is rich and powerful, finds himself strangely drawn to Ana, and she to him. Though sexually inexperienced, Ana plunges headlong into an affair -- and learns that Christian's true sexual proclivities push the boundaries of pain and pleasure.",2015-02-11,24.7022,5.86,/63kGofUkt1Mx0SIL4XI4Z5AoSgt.jpg
Heat,movie,"[80, 18, 28]",Obsessive master thief Neil McCauley leads a top-notch crew on various daring heists throughout Los Angeles while determined detective Vincent Hanna pursues him without rest. Each man recognizes and respects the ability and the dedication of the other even though they are aware their cat-and-mouse game may end in violence.,1995-12-15,25.6391,7.944,/gKaePbkEkaqvMtw74EyhhkfCKKh.jpg
Don't Say Good Luck,movie,"[35, 10402, 18]",Sophie Birenbaum is ready for the spotlight as the lead in her high school musical — until she's suddenly facing more drama at home than on the stage.,2026-08-13,28.6592,7.253,/dgTKahWonzVLeN8Lm22WR2S7D0A.jpg
Guardians of the Galaxy Vol. 2,movie,"[878, 12, 28]",The Guardians must fight to keep their newfound family together as they unravel the mysteries of Peter Quill's true parentage.,2017-04-25,29.9201,7.609,/y4MBh0EjBlMuOzv9axM4qJlmhzz.jpg
Hokum,movie,[27],"When novelist Ohm Bauman retreats to a remote inn to scatter his parents' ashes, he is consumed by tales of a witch haunting the honeymoon suite. Disturbing visions and a shocking disappearance forces him to confront dark corners of his past.",2026-04-29,36.2334,6.891,/x6rHcQFiYcczLQPrmxXPAicm54E.jpg
Practical Magic,movie,"[10749, 14, 35]","Sally and Gillian Owens, born into a magical family, have mostly avoided witchcraft themselves. But when Gillian's vicious boyfriend, Jimmy Angelov, dies unexpectedly, the Owens sisters give themselves a crash course in hard magic. With policeman Gary Hallet growing suspicious, the girls struggle to resurrect Angelov -- and unwittingly inject his corpse with an evil spirit that threatens to end their family line.",1998-10-16,31.9049,6.768,/AwmToSgf2IL3aHv0QRVsR5KvChv.jpg
Thor: Love and Thunder,movie,"[14, 28, 35]","After his retirement is interrupted by Gorr the God Butcher, a galactic killer who seeks the extinction of the gods, Thor Odinson enlists the help of King Valkyrie, Korg, and ex-girlfriend Jane Foster, who now wields Mjolnir as the Mighty Thor. Together they embark upon a harrowing cosmic adventure to uncover the mystery of the God Butcher’s vengeance and stop him before it’s too late.",2022-07-06,26.087,6.361,/pIkRyD18kl4FhoCNQuWxWu5cBLM.jpg
Final Destination Bloodlines,movie,"[27, 9648]","Plagued by a violent recurring nightmare, college student Stefanie heads home to track down the one person who might be able to break the cycle and save her family from the grisly demise that inevitably awaits them all.",2025-05-14,27.6869,7.032,/6WxhEvFsauuACfv8HyoVX6mZKFj.jpg
The Hobbit: An Unexpected Journey,movie,"[12, 14, 28]","Bilbo Baggins, a hobbit enjoying his quiet life, is swept into an epic quest by Gandalf the Grey and thirteen dwarves who seek to reclaim their mountain home from Smaug, the dragon.",2012-12-12,33.2542,7.381,/yHA9Fc37VmpUA5UncTxxo3rTGVA.jpg
Cars 2,movie,"[16, 10751, 12, 35]",Star race car Lightning McQueen and his pal Mater head overseas to compete in the World Grand Prix race. But the road to the championship becomes rocky as Mater gets caught up in an intriguing adventure of his own: international espionage.,2011-06-11,29.9623,6.188,/okIz1HyxeVOMzYwwHUjH2pHi74I.jpg
Real Steel,movie,"[28, 878, 18]","Charlie Kenton is a washed-up fighter who retired from the ring when robots took over the sport. After his robot is trashed, he reluctantly teams up with his estranged son to rebuild and train an unlikely contender.",2011-09-28,25.8034,7.14,/4GIeI5K5YdDUkR3mNQBoScpSFEf.jpg
Sonic the Hedgehog 3,movie,"[28, 878, 35, 10751]","Sonic, Knuckles, and Tails reunite against a powerful new adversary, Shadow, a mysterious villain with powers unlike anything they have faced before. With their abilities outmatched in every way, Team Sonic must seek out an unlikely alliance in hopes of stopping Shadow and protecting the planet.",2024-12-19,28.5623,7.601,/d8Ryb8AunYAuycVKDp5HpdWPKgC.jpg
Doctor Strange,movie,"[14, 12, 28]","After his career is destroyed, a brilliant but arrogant surgeon gets a new lease on life when a sorcerer takes him under her wing and trains him to defend the world against evil.",2016-10-25,28.2571,7.425,/uGBVj3bEbCoZbDjjl9wTxcygko1.jpg
Passenger,movie,"[27, 53]","After a young couple witnesses a gruesome highway accident, they soon realize they did not leave the crash scene alone, as a demonic presence called the Passenger that won't stop until it claims them both turns their van life adventure into a nightmare.",2026-05-20,26.9865,7.316,/2sOEJzhPzjTkZSlPbGxOJ7xgIyS.jpg
Knives Out,movie,"[35, 80, 9648]","When renowned crime novelist Harlan Thrombey is found dead at his estate just after his 85th birthday, the inquisitive and debonair Detective Benoit Blanc is mysteriously enlisted to investigate. From Harlan's dysfunctional family to his devoted staff, Blanc sifts through a web of red herrings and self-serving lies to uncover the truth behind Harlan's untimely death.",2019-11-27,26.7015,7.843,/pThyQovXQrw2m0s9x82twj48Jq4.jpg
The Running Man,movie,"[28, 53, 878]","Desperate to save his sick daughter, working-class Ben Richards is convinced by The Running Man's charming but ruthless producer to enter the deadly competition game as a last resort. But Ben's defiance, instincts, and grit turn him into an unexpected fan favorite — and a threat to the entire system. As ratings skyrocket, so does the danger, and Ben must outwit not just the Hunters, but a nation addicted to watching him fall.",2025-11-11,24.9731,6.731,/dKL78O9zxczVgjtNcQ9UkbYLzqX.jpg
Jana Nayagan,movie,"[28, 18]","A clash of ideologies. One stands for the people, the other feeds on control. Their paths collided once before. Years later, a child’s silent fear ignites the past, drawing a former police officer into a battle far bigger than personal revenge.",2026-07-22,24.8569,5.333,/jt8pfSIdi47YpFMMWVRr8w5u2S0.jpg
The Hangover,movie,[35],"When three friends finally come to after a raucous night of bachelor-party revelry, they find a baby in the closet and a tiger in the bathroom. But they can't seem to locate their best friend, Doug – who's supposed to be tying the knot. Launching a frantic search for Doug, the trio perseveres through a nasty hangover to try to make it to the church on time.",2009-06-02,26.6825,7.337,/A0uS9rHR56FeBtpjVki16M5xxSW.jpg
Farewell My Concubine,movie,[18],"In an epic tale of theater, gender, love and class, two Beijing opera actors navigate political turmoil as their friendship evolves over decades.",1993-01-01,27.1304,7.9,/f54hNIiHNINw3JiUJB2XaQl5wCN.jpg
Call Me by Your Name,movie,"[10749, 18]","In the summer of 1983, a 17-year-old Elio spends his days in his family's villa in Italy. One day Oliver, a graduate student, arrives to assist Elio's father, a professor of Greco-Roman culture. Soon, Elio and Oliver discover a summer that will alter their lives forever.",2017-10-01,24.5598,8.081,/gXiE0WveDnT0n5J4sW9TMxXF4oT.jpg
Kingsman: The Secret Service,movie,"[80, 35, 28, 12]",The story of a super-secret spy organization that recruits an unrefined but promising street kid into the agency's ultra-competitive training program just as a global threat emerges from a twisted tech genius.,2015-01-24,26.6042,7.617,/17i5YPTfHOjXoieArpATWGRhLj1.jpg
Voicemails for Isabelle,movie,"[10749, 35, 18]","A young woman's hilariously confessional voicemails to her late sister are unknowingly redirected to a stranger, who begins to fall in love from afar.",2026-06-20,25.9915,8.334,/canZTWSxACSnAluir3dCtMxKpA1.jpg
Despicable Me 4,movie,"[16, 35, 28, 878, 10751]","Gru and Lucy and their girls—Margo, Edith and Agnes—welcome a new member to the Gru family, Gru Jr., who is intent on tormenting his dad. Gru also faces a new nemesis in Maxime Le Mal and his femme fatale girlfriend Valentina, forcing the family to go on the run.",2024-06-20,24.7713,6.97,/wWba3TaojhK7NdycRhoQpsG0FaH.jpg
The Rip,movie,"[28, 53, 80]","Trust frays when a team of Miami cops discovers millions in cash inside a run-down stash house, calling everyone — and everything — into question.",2026-01-13,29.8895,7.088,/4wsYWH73Hb1B6noGIFaRQSAkuXj.jpg
Camp Rock 3,movie,"[10402, 35, 18, 10770]","When Connect 3 loses their opening act for a major reunion tour, they return to their beloved Camp Rock to discover the next big thing. As campers vie for the chance to open for their favorite band, tensions rise and friendships are tested - leading to unexpected alliances, revelations, and romances.",2026-08-13,25.9777,6.402,/rS7byWK9cfPfdLeFNlRIaJxH9mN.jpg
Infidelity in Suburbia,movie,"[53, 10770]","With her husband away at work, and her son at school, Laura dreams of a home-renovation project to supplant her restless days. Elliott, her irresistibly hot private contractor, soon fulfills her more forbidden dreams.",2017-02-25,23.5677,6.21,/gKyvJ8u2US61pHR56C2DoVbwnu.jpg
The Bourne Identity,movie,"[28, 9648, 53]","Wounded to the brink of death and suffering from amnesia, Jason Bourne is rescued at sea by a fisherman. With nothing to go on but a Swiss bank account number, he starts to reconstruct his life, but finds that many people he encounters want him dead. However, Bourne realizes that he has the combat and mental skills of a world-class spy—but who does he work for?",2002-06-14,30.8887,7.485,/aP8swke3gmowbkfZ6lmNidu0y9p.jpg
Marty Supreme,movie,"[18, 53]","Marty Mauser, a young man with a dream no one respects, goes to hell and back in pursuit of greatness.",2025-12-19,23.5285,7.362,/lYWEXbQgRTR4ZQleSXAgRbxAjvq.jpg
Ice Age,movie,"[16, 35, 10751, 12]","Manny the mammoth, Sid the loquacious sloth, and Diego the sabre-toothed tiger go on a comical quest to return a human baby back to his father, across a world on the brink of an ice age.",2002-03-14,21.6735,7.383,/gLhHHZUzeseRXShoDyC4VqLgsNv.jpg
White Chicks,movie,"[35, 80]","Two FBI agent brothers, Marcus and Kevin Copeland, accidentally foil a drug bust. To avoid being fired they accept a mission escorting a pair of socialites to the Hamptons--but when the girls are disfigured in a car accident, they refuse to go. Left without options, Marcus and Kevin decide to pose as the sisters, transforming themselves from black men into rich European-American women.",2004-06-23,30.0592,6.96,/aHTUpo45qy9QYIOnVITGGqLoVcA.jpg
Her Private Hell,movie,"[878, 27, 53]","When a mysterious mist engulfs a futuristic metropolis, unleashing a deadly and elusive entity, a troubled young woman searches for her father. Her quest collides with an American GI on a harrowing odyssey to rescue his daughter from Hell.",2026-07-23,23.6795,5.1,/1gNVzTlpNLaX8sm9Wocl5rLgldU.jpg
Jurassic World Dominion,movie,"[12, 878, 53, 28]","Four years after Isla Nublar was destroyed, dinosaurs now live—and hunt—alongside humans all over the world. This fragile balance will reshape the future and determine, once and for all, whether human beings are to remain the apex predators on a planet they now share with history's most fearsome creatures.",2022-06-01,27.4225,6.594,/jbAvCACjLf1ZG0unB2tdmx5HAf1.jpg
The Shining,movie,"[27, 53]","Jack Torrance accepts a caretaker job at the Overlook Hotel, where he, along with his wife Wendy and their son Danny, must live isolated from the rest of the world for the winter. But they aren't prepared for the madness that lurks within.",1980-05-23,29.0693,8.2,/uAR0AWqhQL1hQa69UDEbb2rE5Wx.jpg
Teenage Sex and Death at Camp Miasma,movie,"[35, 27, 10749]","After years of slapdash sequels and waning fandom, the Camp Miasma slasher franchise is handed over to an enthusiastic young director for resurrection. But when she visits the original's star, a now-reclusive actress shrouded in mystery, the two women fall into a blood-soaked world of desire, fear, and delirium.",2026-08-06,27.1071,6.702,/5Cz1EJOKpZ8hqvBNZYF9C2zTB2T.jpg
Wicked,movie,"[18, 10749, 14]","In the land of Oz, ostracized and misunderstood green-skinned Elphaba is forced to share a room with the popular aristocrat Glinda at Shiz University, and the two's unlikely friendship is tested as they begin to fulfill their respective destinies as Glinda the Good and the Wicked Witch of the West.",2024-10-16,21.6702,6.903,/xDGbZ0JJ3mYaGKy4Nzd9Kph6M9L.jpg
The Departed,movie,"[18, 53, 80]","To take down South Boston's Irish Mafia, the police send in one of their own to infiltrate the underworld, not realizing the syndicate has done likewise. While an undercover cop curries favor with the mob kingpin, a career criminal rises through the police ranks. But both sides soon discover there's a mole among them.",2006-10-04,32.4813,8.158,/nT97ifVT2J1yMQmeq20Qblg61T.jpg
Mission: Impossible - Dead Reckoning Part One,movie,"[28, 12, 53]","Ethan Hunt and his IMF team embark on their most dangerous mission yet: To track down a terrifying new weapon that threatens all of humanity before it falls into the wrong hands. With control of the future and the world's fate at stake and dark forces from Ethan's past closing in, a deadly race around the globe begins. Confronted by a mysterious, all-powerful enemy, Ethan must consider that nothing can matter more than his mission—not even the lives of those he cares about most.",2023-07-08,24.1418,7.502,/NNxYkU70HPurnNCSiCjYAmacwm.jpg
Ant-Man,movie,"[878, 12, 28]","Armed with the astonishing ability to shrink in scale but increase in strength, master thief Scott Lang must embrace his inner-hero and help his mentor, Doctor Hank Pym, protect the secret behind his spectacular Ant-Man suit from a new generation of towering threats. Against seemingly insurmountable obstacles, Pym and Lang must plan and pull off a heist that will save the world.",2015-07-14,26.8096,7.066,/rQRnQfUl3kfp78nCWq8Ks04vnq1.jpg
Shutter Island,movie,"[18, 53, 9648]","World War II soldier-turned-U.S. Marshal Teddy Daniels investigates the disappearance of a patient from a hospital for the criminally insane, but his efforts are compromised by troubling visions and a mysterious doctor.",2010-02-14,28.8361,8.197,/nrmXQ0zcZUL8jFLrakWc90IR8z9.jpg
Ice Age: Continental Drift,movie,"[16, 35, 12, 10751]","Manny, Diego, and Sid embark upon another adventure after their continent is set adrift. Using an iceberg as a ship, they encounter sea creatures and battle pirates as they explore a new world.",2012-06-27,23.9715,6.394,/dfp1BZF7FxbBUyzHvMOI9t8NWDD.jpg
Malena,movie,[18],"12-year-old Renato experiences three significant events on the same day: the beginning of the Second World War, getting a bike, and witnessing the arrival of the gorgeous Malèna. Through his eyes, we see the curse of beauty and loneliness of Malena, whose husband is presumed dead, and, through his soul, we see his love for her.",2000-10-27,26.3408,7.56,/3OyQTl0IGkbnjDxd3MhztfPE34g.jpg
Batman Begins,movie,"[18, 80, 28]","Driven by tragedy, billionaire Bruce Wayne dedicates his life to uncovering and defeating the corruption that plagues his home, Gotham City.  Unable to work within the system, he instead creates a new identity, a symbol of fear for the criminal underworld - The Batman.",2005-06-10,31.8822,7.729,/sPX89Td70IDDjVr85jdSBb4rWGr.jpg
How to Train Your Dragon 2,movie,"[14, 28, 12, 16, 10751]","Five years after uniting the dragons and Vikings of Berk, Hiccup and Toothless soar beyond their homeland, charting the vast unknown. During one of their adventures, the pair discover a secret cave that houses hundreds of wild dragons -- and a mysterious dragon rider with a startling connection to Hiccup. And as the ruthless dragon conqueror Drago Bludvist rises to seize control of both dragons and people alike, Hiccup must step into his role as a true leader and, alongside his friends and Toothless, protect Berk from a devastating war.",2014-06-05,30.7892,7.685,/d13Uj86LdbDLrfDoHR5aDOFYyJC.jpg
Venom: Let There Be Carnage,movie,"[878, 28, 12]","After finding a host body in investigative reporter Eddie Brock, the alien symbiote must face a new enemy, Carnage, the alter ego of serial killer Cletus Kasady.",2021-09-30,25.9229,6.732,/pzKsRuKLFmYrW5Q0q8E8G78Tcgo.jpg
The Suicide Squad,movie,"[28, 35, 12]","Supervillains Harley Quinn, Bloodsport, Peacemaker and a collection of nutty cons at Belle Reve prison join the super-secret, super-shady Task Force X as they are dropped off at the remote, enemy-infused island of Corto Maltese.",2021-07-28,28.5185,7.45,/q61qEyssk2ku3okWICKArlAdhBn.jpg
Abot Langit,movie,[10749],"The relationship of a couple is tested when the girl’s first official flight pairs her with a confident senior pilot, jealousy and power dynamics surface in the training ground. The girl is now torn between her present relationship and new temptation she can’t resist.",2026-03-13,24.3397,6.0,/5lVYe4aSimWdxJINKwq9s68TZ2G.jpg
Send Help,movie,"[27, 53, 35]","Two colleagues become stranded on a deserted island, the only survivors of a plane crash. On the island, they must overcome past grievances and work together to survive, but ultimately, it's a battle of wills and wits to make it out alive.",2026-01-22,26.6236,7.0,/zbJWVHOtj3ljBzWgL1P8pxP03Up.jpg
"Shake, Rattle & Roll: Evil Origins",movie,[27],"In 1775 during the Spanish colonial period in the Philippines, nuns attempts to survive the night after an unknown evil was set free in their cloister. Meanwhile in 2025, a group of friends attend a Halloween masquerade ball which was attacked by a serial killer. Fast forward to the future in 2050, a post-apocalytic Philippines is ruled by the aswang.",2026-06-05,22.3436,5.762,/2ayOQIh18qhJRoajoAxxGuZXry2.jpg
Léon: The Professional,movie,"[80, 18, 28]","Léon, the top hit man in New York, has earned a rep as an effective ""cleaner"". But when his next-door neighbors are wiped out by a loose-cannon DEA agent, he becomes the unwilling custodian of 12-year-old Mathilda. Before long, Mathilda's thoughts turn to revenge, and she considers following in Léon's footsteps.",1994-09-14,27.4948,8.294,/bxB2q91nKYp8JNzqE7t7TWBVupB.jpg
Uncle Trouble +2,movie,[35],"When Toni Benetón thinks he has everything under control in his lovable and fun multicultural family, the arrival of two new babies turns the house, and the whole family, upside down. Problems double, but so do the adventures.",2026-04-17,20.6474,5.375,/m0LzWedEi0bWmPSt98o4kkAFYTa.jpg
The SpongeBob Movie: Search for SquarePants,movie,"[12, 10751, 16, 35, 14]","Desperate to be a big guy, SpongeBob sets out to prove his bravery to Mr. Krabs by following The Flying Dutchman – a mysterious swashbuckling ghost pirate – on a seafaring adventure that takes him to the deepest depths of the deep sea, where no Sponge has gone before.",2025-12-16,28.1355,6.788,/xJnOMMsFASxNiFnG7v3TNIQ3ife.jpg
Dunkirk,movie,"[10752, 28, 18]","The story of the miraculous evacuation of Allied soldiers from Belgium, Britain, Canada and France, who were cut off and surrounded by the German army from the beaches and harbour of Dunkirk between May 26th and June 4th 1940 during World War II.",2017-07-19,27.0488,7.451,/b4Oe15CGLL61Ped0RAS9JpqdmCt.jpg
Jumanji: The Next Level,movie,"[12, 35, 14]","As the gang return to Jumanji to rescue one of their own, they discover that nothing is as they expect. The players will have to brave parts unknown and unexplored in order to escape the world’s most dangerous game.",2019-12-04,25.4024,6.871,/jyw8VKYEiM1UDzPB7NsisUgBeJ8.jpg
Arrival,movie,"[18, 878, 9648]","Taking place after alien crafts land around the world, an expert linguist is recruited by the military to determine whether they come in peace or are a threat.",2016-11-10,27.474,7.633,/pEzNVQfdzYDzVK0XqxERIw2x2se.jpg
V for Vendetta,movie,"[28, 53, 878]","In a world in which Great Britain has become a fascist state, a masked vigilante known only as “V” conducts guerrilla warfare against the oppressive British government. When V rescues a young woman from the secret police, he finds in her an ally with whom he can continue his fight to free the people of Britain.",2006-02-23,25.6147,7.898,/1avD1JeaRiJX5M4ahPdZPypGoGN.jpg
28 Years Later: The Bone Temple,movie,"[27, 53, 878]",Dr. Kelson finds himself in a shocking new relationship - with consequences that could change the world as they know it - and Spike's encounter with Jimmy Crystal becomes a nightmare he can't escape.,2026-01-14,24.2934,7.094,/kK1BGkG3KAvWB0WMV1DfOx9yTMZ.jpg
Train to Busan,movie,"[28, 27, 53]","When a zombie virus pushes Korea into a state of emergency, those trapped on an express train to Busan must fight for their own survival.",2016-07-20,27.6332,7.753,/vNVFt6dtcqnI7hqa6LFBUibuFiw.jpg
Desert Warrior,movie,"[36, 10752, 28]","In 7th-century Arabia, Princess Hind becomes a warrior to defy the ruthless Emperor Kisra. Forged into a warrior and aided by legendary bandit Hanzala, Hind unites warring tribes for a last stand—the historic Battle of Dhi Qar—that will change history.",2026-04-23,27.0568,6.118,/waxnw1NpzTPY5JkqWvu0muSopRJ.jpg
Wicked: For Good,movie,"[14, 12, 10749]","As an angry mob rises against the Wicked Witch, Glinda and Elphaba will need to come together one final time. With their singular friendship now the fulcrum of their futures, they will need to truly see each other, with honesty and empathy, if they are to change themselves, and all of Oz, for good.",2025-11-19,27.1126,6.598,/si9tolnefLSUKaqQEGz1bWArOaL.jpg
Ballerina,movie,"[28, 53, 80]","Taking place during the events of John Wick: Chapter 3 – Parabellum, Eve Macarro begins her training in the assassin traditions of the Ruska Roma.",2025-06-04,23.824,7.274,/2VUmvqsHb6cEtdfscEA6fqqVzLg.jpg
Wicked: For Good,movie,"[14, 12, 10749]","As an angry mob rises against the Wicked Witch, Glinda and Elphaba will need to come together one final time. With their singular friendship now the fulcrum of their futures, they will need to truly see each other, with honesty and empathy, if they are to change themselves, and all of Oz, for good.",2025-11-19,27.1126,6.598,/si9tolnefLSUKaqQEGz1bWArOaL.jpg
Ballerina,movie,"[28, 53, 80]","Taking place during the events of John Wick: Chapter 3 – Parabellum, Eve Macarro begins her training in the assassin traditions of the Ruska Roma.",2025-06-04,23.824,7.274,/2VUmvqsHb6cEtdfscEA6fqqVzLg.jpg
Hereditary,movie,"[27, 9648, 53]","Following the death of the Leigh family matriarch, Annie and her children uncover disturbing secrets about their heritage. Their daily lives are not only impacted, but they also become entangled in a chilling fate from which they cannot escape, driving them to the brink of madness.",2018-06-07,29.785,7.296,/4GFPuL14eXi66V96xBWY73Y9PfR.jpg
28 Years Later,movie,"[27, 53, 878]","Twenty-eight years after the Rage virus outbreak, a heavily-defended island survives connected to the mainland by a single causeway. When one of the group leaves the island into the dark heart of the mainland, he discovers secrets, wonders, and horrors that have mutated not only the infected but other survivors as well.",2025-06-18,28.7931,6.607,/n5FygjEppOvac6yEaowi26nTyw3.jpg
Toy Story 4,movie,"[10751, 35, 16, 12]","Woody has always been confident about his place in the world, devoted to taking care of his kid—whether that's Andy or Bonnie. But after Bonnie creates a reluctant new toy called ""Forky"", a road trip adventure alongside old and new friends challenges everything Woody believes about loyalty, purpose, and what it truly means to be a toy.",2019-06-19,32.2577,7.465,/w9kR8qbmQ01HwnvK4alvnQ2ca0L.jpg
Kingdom of Heaven,movie,"[18, 28, 12, 36, 10752]","After his wife dies, a blacksmith named Balian is thrust into royalty, political intrigue and bloody holy wars during the Crusades.",2005-05-03,24.179,7.084,/rNaBe4TwbMef71sgscqabpGKsxh.jpg
Beauty and the Beast,movie,"[10751, 14, 10749]",A live-action adaptation of Disney's version of the classic tale of a cursed prince and a beautiful young woman who helps him break the spell.,2017-03-16,25.5899,6.967,/hKegSKIDep2ewJWPUQD7u0KqFIp.jpg
Midsommar,movie,"[27, 18, 9648]","Several friends travel to Sweden to study as anthropologists a summer festival that is held every ninety years in the remote hometown of one of them. What begins as a dream vacation in a place where the sun never sets, gradually turns into a dark nightmare as the mysterious inhabitants invite them to participate in their disturbing festive activities.",2019-07-03,24.5291,7.145,/7LEI8ulZzO5gy9Ww2NVCrKmHeDZ.jpg
Penguins of Madagascar,movie,"[10751, 16, 12, 35]","Skipper, Kowalski, Rico and Private join forces with undercover organization The North Wind to stop the villainous Dr. Octavius Brine from destroying the world as we know it.",2014-11-22,26.3321,6.544,/dXbpNrPDZDMEbujFoOxmMNQVMHa.jpg
Our Fault,movie,"[10749, 18]","Jenna and Lion's wedding brings about the long-awaited reunion between Noah and Nick after their breakup. Nick's inability to forgive Noah stands as an insurmountable barrier. He, heir to his grandfather's businesses, and she, starting her professional life, resist fueling a flame that's still alive. But now that their paths have crossed again, will love be stronger than resentment?",2025-10-15,23.1561,7.376,/yzqHt4m1SeY9FbPrfZ0C2Hi9x1s.jpg
Twilight,movie,"[14, 18, 10749]","When Bella Swan moves to a small town in the Pacific Northwest, she falls in love with Edward Cullen, a mysterious classmate who reveals himself to be a 108-year-old vampire. Despite Edward's repeated cautions, Bella can't stay away from him, a fatal move that endangers her own life.",2008-11-20,24.4446,6.275,/3Gkb6jm6962ADUPaCBqzz9CTbn9.jpg
The Equalizer,movie,"[53, 28, 80]","McCall believes he has put his mysterious past behind him and dedicated himself to beginning a new, quiet life. But when he meets Teri, a young girl under the control of ultra-violent Russian gangsters, he can’t stand idly by – he has to help her. Armed with hidden skills that allow him to serve vengeance against anyone who would brutalize the helpless, McCall comes out of his self-imposed retirement and finds his desire for justice reawakened. If someone has a problem, if the odds are stacked against them, if they have nowhere else to turn, McCall will help. He is The Equalizer.",2014-09-24,29.3134,7.292,/9u4yW7yPA0BQ2pv9XwiNzItwvp8.jpg
Pirates of the Caribbean: At World's End,movie,"[12, 14, 28]","After losing Captain Jack Sparrow to the locker of Davy Jones, Will Turner, Elizabeth Swann, and Captain Barbossa journey to the ends of the earth to rescue him. And as the East India Trading Company tightens its grip on the seas under Lord Cutler Beckett—now in control of Davy Jones—the fate of piracy hangs by a thread. Now, they must unite the pirate lords for one final stand. But as loyalties are tested and alliances shift, each must ultimately choose where they stand in the battle for freedom on the high seas.",2007-05-19,26.6878,7.278,/jGWpG4YhpQwVmjyHEGkxEkeRf0S.jpg
Furiosa: A Mad Max Saga,movie,"[28, 878, 12]","As the world falls, young Furiosa is snatched from the Green Place of Many Mothers into the hands of a great biker horde led by the warlord Dementus. Sweeping through the wasteland, they encounter the citadel presided over by Immortan Joe. The two tyrants wage war for dominance, and Furiosa must survive many trials as she puts together the means to find her way home.",2024-05-22,22.8433,7.443,/iADOJ8Zymht2JPMoy3R7xceZprc.jpg
"The Good, the Bad and the Ugly",movie,[37],"While the Civil War rages on between the Union and the Confederacy, three men – a quiet loner, a ruthless hitman, and a Mexican bandit – comb the American Southwest in search of a strongbox containing $200,000 in stolen gold.",1966-12-23,30.6594,8.466,/bX2xnavhMYjWDoZp1VM6VnU1xwe.jpg
Challengers,movie,"[18, 10749]","Tennis player turned coach Tashi has taken her husband, Art, and transformed him into a world-famous Major champion. To jolt him out of his recent losing streak, she signs him up for a ""Challenger"" event — close to the lowest level of pro tournament — where he finds himself standing across the net from his former best friend and Tashi's former boyfriend.",2024-04-18,25.1286,6.9,/H6vke7zGiuLsz4v4RPeReb9rsv.jpg
A Working Man,movie,"[28, 80, 53]","Levon Cade left behind a decorated military career in the black ops to live a simple life working construction. But when his boss's daughter, who is like family to him, is taken by human traffickers, his search to bring her home uncovers a world of corruption far greater than he ever could have imagined.",2025-03-26,24.4102,6.686,/6FRFIogh3zFnVWn7Z6zcYnIbRcX.jpg
Tuner,movie,"[80, 18, 53]","A talented piano tuner's meticulous skills for tuning pianos lead him to discover an unexpected aptitude for cracking safes, turning his life upside down.",2026-05-21,22.7734,7.578,/5OvA3i9wZs5jHu0DCrfmXlzAM67.jpg
Nine to Five,movie,[35],"Three female employees of a sexist, egotistical, lying, hypocritical bigot find a way to turn the tables on him.",1980-12-18,20.1797,6.9,/anGHRo1tAAVoa7juvAuxldAE4lL.jpg
Thor: The Dark World,movie,"[28, 12, 14]","Thor fights to restore order across the cosmos… but an ancient race led by the vengeful Malekith returns to plunge the universe back into darkness. Faced with an enemy that even Odin and Asgard cannot withstand, Thor must embark on his most perilous and personal journey yet, one that will reunite him with Jane Foster and force him to sacrifice everything to save us all.",2013-10-30,22.872,6.509,/wp6OxE4poJ4G7c0U2ZIXasTSMR7.jpg
Shrek 2,movie,"[16, 35, 10751, 14, 10749]","Happily ever after never seemed so far far away when a trip to meet the in-laws turns into a hilariously twisted adventure for Shrek and Fiona. With the help of ever-faithful Donkey, Shrek takes on the potion-brewing Fairy Godmother, pompous Prince Charming, and infamous ogre-killer Puss In Boots.",2004-05-19,25.4184,7.328,/2yYP0PQjG8zVqturh1BAqu2Tixl.jpg
Soul,movie,"[16, 10751, 18, 10402, 14]","Joe Gardner is a middle school teacher with a love for jazz music. After a successful audition at the Half Note Club, he suddenly gets into an accident that separates his soul from his body and is transported to the You Seminar, a center in which souls develop and gain passions before being transported to a newborn child. Joe must enlist help from the other souls-in-training, like 22, a soul who has spent eons in the You Seminar, in order to get back to Earth.",2020-12-25,28.9796,8.089,/hm58Jw4Lw8OIeECIq5qyPYhAeRJ.jpg
Pirates of the Caribbean: On Stranger Tides,movie,"[12, 28, 14]","When Jack crosses paths with a woman from his past, he's not sure if it's love...or if she's a ruthless con artist using him to find the fabled Fountain of Youth.",2011-05-15,26.7694,6.573,/keGfSvCmYj7CvdRx36OdVrAEibE.jpg
Fantastic Beasts: The Secrets of Dumbledore,movie,"[14, 12]","Professor Albus Dumbledore knows the powerful, dark wizard Gellert Grindelwald is moving to seize control of the wizarding world. Unable to stop him alone, he entrusts magizoologist Newt Scamander to lead an intrepid team of wizards and witches. They soon encounter an array of old and new beasts as they clash with Grindelwald's growing legion of followers.",2022-04-06,24.75,6.623,/3c5GNLB4yRSLBby0trHoA1DSQxQ.jpg
The Wrong Girls,movie,"[35, 80, 878]",Two codependent best friends living paycheck to paycheck and bong rip to bong rip get caught in a case of mistaken identity that throws their lives into chaos.,2026-08-14,23.1062,5.5,/iEJshwO6g4WKTP4HJgCHRTJMWEd.jpg
Snow White and the Seven Dwarfs,movie,"[14, 16, 10751]","A beautiful girl, Snow White, takes refuge in the forest in the house of seven dwarfs to hide from her stepmother, the wicked Queen. The Queen is jealous because she wants to be known as ""the fairest in the land,"" and Snow White's beauty surpasses her own.",1938-01-22,29.5173,7.128,/3VAHfuNb6Z7UiW12iYKANSPBl8m.jpg
Blades of the Guardians,movie,"[28, 12, 18, 37]","Dao Ma, the ""second most wanted fugitive,"" is entrusted by his benefactor, the chief of Mo family clan, to take on a mysterious escort mission-escorting the ""most wanted fugitive"" to Chang'an.",2026-02-17,23.4694,8.173,/R84km7PJ0frFSNPmvIjG6LV1kg.jpg
The Flash,movie,"[28, 878, 12]","When his attempt to save his family inadvertently alters the future, Barry Allen becomes trapped in a reality in which General Zod has returned and there are no Super Heroes to turn to. In order to save the world that he is in and return to the future that he knows, Barry's only hope is to race for his life. But will making the ultimate sacrifice be enough to reset the universe?",2023-06-13,24.8289,6.609,/rktDFPbfHfUbArZ6OOOKsXcv0Bm.jpg
Kong: Skull Island,movie,"[28, 12, 14]","Explore the mysterious and dangerous home of the king of the apes as a team of explorers ventures deep inside the treacherous, primordial island.",2017-03-08,24.2472,6.558,/r2517Vz9EhDhj88qwbDVj8DCRZN.jpg
Beauty and the Beast,movie,"[10749, 10751, 16, 14]","Follow the adventures of Belle, a bright young woman who finds herself in the castle of a prince who's been turned into a mysterious beast. With the help of the castle's enchanted staff, Belle soon learns the most important lesson of all -- that true beauty comes from within.",1991-10-22,24.6715,7.725,/hUJ0UvQ5tgE2Z9WpfuduVSdiCiU.jpg
Corpse Bride,movie,"[10749, 14, 16]","In a 19th-century European village, a young man about to be married is whisked away to the underworld and wed to a mysterious corpse bride, while his real bride waits bereft in the land of the living.",2005-09-12,24.0,7.59,/3RAoVTxUk1OzZClscAsynuu670p.jpg
Ne Zha 2,movie,"[16, 28, 14, 12]","After a catastrophic event leaves their bodies destroyed, Ne Zha and Ao Bing are granted a fragile second chance at life. As tensions rise between the dragon clans and celestial forces, the two must undergo a series of perilous trials that will test their bond, challenge their identities, and decide the fate of both mortals and immortals.",2025-01-29,22.9133,8.2,/293Mo4GWf7Tl0TfAr5NFghqeMy7.jpg
Dead Poets Society,movie,[18],"At an elite, old-fashioned boarding school in New England, a passionate English teacher inspires his students to rebel against convention and seize the potential of every day, courting the disdain of the stern headmaster.",1989-06-02,30.3428,8.296,/tNvKkSnnn4Z6RCBThyK1gfCSSvv.jpg
The Croods,movie,"[16, 12, 10751, 35]","The prehistoric Croods family live in a particularly dangerous moment in time. Patriarch Grug, his mate Ugga, teenage daughter Eep, son Thunk, and feisty Gran gather food by day and huddle together in a cave at night. When a more evolved caveman named Guy arrives on the scene, Grug is distrustful, but it soon becomes apparent that Guy is correct about the impending destruction of their world.",2013-03-15,26.1322,6.946,/27zvjVOtOi5ped1HSlJKNsKXkFH.jpg
The Pursuit of Happyness,movie,[18],A struggling salesman takes custody of his son as he's poised to begin a life-changing professional career.,2006-12-14,27.9396,7.884,/lBYOKAMcxIvuk9s9hMuecB9dPBV.jpg
丫丫,movie,[],,1979-03-01,31.1398,0.0,/yw74ajOTn9SG1wbDao62IVf7VlW.jpg
Captain Marvel,movie,"[28, 12, 878]","The story follows Carol Danvers as she becomes one of the universe’s most powerful heroes when Earth is caught in the middle of a galactic war between two alien races. Set in the 1990s, Captain Marvel is an all-new adventure from a previously unseen period in the history of the Marvel Cinematic Universe.",2019-03-06,25.7891,6.772,/AtsgWhDnHTq68L0lLsUrCnM7TjG.jpg
Apocalypse Now,movie,"[18, 10752]","At the height of the Vietnam war, Captain Benjamin Willard is sent on a dangerous mission that, officially, ""does not exist, nor will it ever exist."" His goal is to locate - and eliminate - a mysterious Green Beret Colonel named Walter Kurtz, who has been leading his personal army on illegal guerrilla missions into enemy territory.",1979-05-19,28.4458,8.262,/gQB8Y5RCMkv2zwzFHbUJX3kAhvA.jpg
Me Before You,movie,"[18, 10749]","Lou Clark, a directionless 26-year-old from the English countryside, takes a job at the local castle as a caregiver and companion to a wealthy young banker, Will Traynor. Wheelchair-bound from an accident two years prior, the once adventurous Will has all but given up — that is until Lou determines to show him that life is worth living.",2016-06-01,22.4671,7.93,/Ia3dzj5LnCj1ZBdlVeJrbKJQxG.jpg
Bugonia,movie,"[878, 53, 35]","Two conspiracy obsessed young men kidnap the high-powered CEO of a major company, convinced that she is an alien intent on destroying planet Earth.",2025-10-23,28.608,7.294,/rSdOua3wKMEaFWDcKAYWRjXQWOt.jpg
Apocalypse Now,movie,"[18, 10752]","At the height of the Vietnam war, Captain Benjamin Willard is sent on a dangerous mission that, officially, ""does not exist, nor will it ever exist."" His goal is to locate - and eliminate - a mysterious Green Beret Colonel named Walter Kurtz, who has been leading his personal army on illegal guerrilla missions into enemy territory.",1979-05-19,28.4458,8.261,/gQB8Y5RCMkv2zwzFHbUJX3kAhvA.jpg
Me Before You,movie,"[18, 10749]","Lou Clark, a directionless 26-year-old from the English countryside, takes a job at the local castle as a caregiver and companion to a wealthy young banker, Will Traynor. Wheelchair-bound from an accident two years prior, the once adventurous Will has all but given up — that is until Lou determines to show him that life is worth living.",2016-06-01,22.4671,7.93,/Ia3dzj5LnCj1ZBdlVeJrbKJQxG.jpg
Bugonia,movie,"[878, 53, 35]","Two conspiracy obsessed young men kidnap the high-powered CEO of a major company, convinced that she is an alien intent on destroying planet Earth.",2025-10-23,28.608,7.294,/rSdOua3wKMEaFWDcKAYWRjXQWOt.jpg
Scary Movie,movie,[35],"A familiar-looking group of teenagers find themselves being stalked by a more-than-vaguely recognizable masked killer! As the victims begin to pile up and the laughs pile on, none of your favorite scary movies escape the razor-sharp satire of this outrageously funny parody!",2000-07-07,27.1634,6.429,/fVQFPRuw3yWXojYDJvA5EoFjUOY.jpg
Taxi Driver,movie,"[80, 18]","Suffering from insomnia, disturbed loner Travis Bickle takes a job as a New York City cabbie, haunting the streets nightly, growing increasingly detached from reality as he dreams of cleaning up the filthy city.",1976-02-09,29.6759,8.122,/ekstpH614fwDX8DUln1a2Opz0N8.jpg
Star Wars: The Force Awakens,movie,"[12, 28, 878]","Thirty years after defeating the Galactic Empire, Han Solo and his allies face a new threat from the evil Kylo Ren and his army of Stormtroopers.",2015-12-15,24.005,7.242,/wqnLdwVXoBjKibFRR5U3y0aDUhs.jpg
Top Gun,movie,"[28, 18, 10749]","For Lieutenant Pete 'Maverick' Mitchell and his friend and co-pilot Nick 'Goose' Bradshaw, being accepted into an elite training school for fighter pilots is a dream come true. But a tragedy, as well as personal demons, will threaten Pete's dreams of becoming an ace pilot.",1986-05-16,30.6187,7.07,/xUuHj3CgmZQ9P2cMaqQs4J0d4Zc.jpg
Minions: The Rise of Gru,movie,"[16, 35, 878, 80, 10751]","A fanboy of a supervillain supergroup known as the Vicious 6, Gru hatches a plan to become evil enough to join them, with the backup of his followers, the Minions.",2022-06-29,23.8709,7.259,/wKiOkZTN9lUUUNZLmtnwubZYONg.jpg
The Rocky Horror Picture Show,movie,"[35, 878, 27]","After getting a flat tire in the middle of nowhere, newly engaged couple Brad and Janet encounter the eerie mansion of the flamboyant, seductive Dr Frank-N-Furter and a variety of eccentric characters. Through elaborate dance and rock music, the mad scientist unveils his latest creation: a perfect, muscular man.",1975-08-14,26.6248,7.44,/3pyE6ZqDbuJi7zrNzzQzcKTWdmN.jpg
Ant-Man and the Wasp,movie,"[28, 12, 878]","Just when his time under house arrest is about to end, Scott Lang once again puts his freedom at risk to help Hope van Dyne and Dr. Hank Pym dive into the quantum realm and try to accomplish, against time and any chance of success, a very dangerous rescue mission.",2018-07-04,24.5242,6.897,/cFQEO687n1K6umXbInzocxcnAQz.jpg
La La Land,movie,"[35, 18, 10749]","Mia, an aspiring actress, serves lattes to movie stars in between auditions and Sebastian, a jazz musician, scrapes by playing cocktail party gigs in dingy bars, but as success mounts they are faced with decisions that begin to fray the fragile fabric of their love affair, and the dreams they worked so hard to maintain in each other threaten to rip them apart.",2016-12-01,26.886,7.897,/uDO8zWDhfWwoFdKS4fzkUJt0Rf0.jpg
The Prestige,movie,"[18, 9648, 878]","A mysterious story of two magicians whose intense rivalry leads them on a life-long battle for supremacy -- full of obsession, deceit and jealousy with dangerous and deadly consequences.",2006-10-19,25.3116,8.211,/Ag2B2KHKQPukjH7WutmgnnSNurZ.jpg
Debtor’s Wife,movie,[],"Soo-yeong and Hae-soo are college friends stuck in a love tangle: Soo-yeong likes Che-moo, but Che-moo likes Hae-soo. Meanwhile, Hae-soo likes Dae-in, but Dae-in likes Soo-yeong. Despite the mixed-up feelings, they end up in mismatched marriages. Later, Hae-soo wants to have a baby and tries to get closer to her husband, Dae-in. But Dae-in knows he can’t have children, so he secretly makes a surprising proposal to Soo-yeong’s husband, Che-moo.",2024-12-26,20.5412,0.0,/ouXTrnJBimHIhWIUlHARDJH47no.jpg
Fantastic Beasts and Where to Find Them,movie,"[14, 12]","In 1926, Newt Scamander arrives at the Magical Congress of the United States of America with a magically expanded briefcase, which houses a number of dangerous creatures and their habitats. When the creatures escape from the briefcase, it sends the American wizarding authorities after Newt, and threatens to strain even further the state of magical and non-magical relations.",2016-11-16,23.9678,7.309,/fLsaFKExQt05yqjoAvKsmOMYvJR.jpg
A Nightmare on Elm Street,movie,[27],"Teenagers in a small town are dropping like flies, apparently in the grip of mass hysteria causing their suicides. A cop's daughter, Nancy Thompson, traces the cause to child molester Fred Krueger, who was burned alive by angry parents many years before. Krueger has now come back in the dreams of his killers' children, claiming their lives as his revenge. Nancy and her boyfriend, Glen, must devise a plan to lure the monster out of the realm of nightmares and into the real world...",1984-11-09,27.2664,7.351,/wGTpGGRMZmyFCcrY2YoxVTIBlli.jpg
Hungry,movie,"[53, 27]",A group of holidaymakers must fight for their lives against a rampaging hippo on the loose after becoming lost in the Louisiana swamplands.,2026-06-03,23.2016,7.069,/4uNhvGxBDiO0mU5UhxuXBsJwKF3.jpg
Tamil Rockers,movie,"[35, 53]",4 Major characters running for the Money facing more challenges by forgetting the fact that it's not the decision of money to reach human.,2021-12-31,21.0141,4.2,/hOoMQIANxXhRUPkrtSYHYuZaFSm.jpg
The Big Short,movie,"[35, 18]",The men who made millions from a global economic meltdown.,2015-12-11,26.0881,7.371,/scVEaJEwP8zUix8vgmMoJJ9Nq0w.jpg
Insidious Inferno,movie,[27],A secluded cottage is plagued by gruesome murders and unbeknownst to the inhabitants something other worldly lurks within the halls. Can the couple solve the mystery of the cursed grounds in time or will they open the door to the inferno?,2024-11-29,22.3009,4.8,/8kljUAovBatZRYp2ye2RZr239hU.jpg
Flow,movie,"[12, 16, 10751, 14]","A solitary cat, displaced by a great flood, finds refuge on a boat with various species and must navigate the challenges of adapting to a transformed world together.",2024-08-29,28.9881,8.067,/z2sG41PxfL1hnL1mHbxzSREUtOf.jpg
Alice in Wonderland,movie,"[10751, 14, 12]","Alice, now 19 years old, returns to the whimsical world she first entered as a child and embarks on a journey to discover her true destiny.",2010-03-03,23.3419,6.645,/o0kre9wRCZz3jjSjaru7QU0UtFz.jpg
Pressure,movie,"[53, 36, 10752]","In the tense 72 hours before D-Day, and the fate of the free world hanging in the balance, General Dwight D. Eisenhower and Captain James Stagg face an impossible choice—launch the largest and most dangerous seaborne invasion in history or risk losing the war altogether.",2026-05-28,24.5429,7.779,/gFjEggtrejCN79r6SXRjM269OtG.jpg
Shrek the Third,movie,"[14, 12, 16, 35, 10751]","After the King of Far Far Away dies, Shrek and Fiona are to succede. However, Shrek wants to return to his cozy swamp and live in peace and quiet, so when he finds out there is another heir to the throne, he and Donkey set off to bring him back to rule the kingdom.",2007-05-17,24.6653,6.314,/n4SexGGQzI26E269tfpa80MZaGV.jpg
John Wick: Chapter 4,movie,"[28, 53, 80]","With the price on his head ever increasing, John Wick uncovers a path to defeating The High Table. But before he can earn his freedom, Wick must face off against a new enemy with powerful alliances across the globe and forces that turn old friends into foes.",2023-03-21,28.9603,7.714,/vZloFAK7NmvMGKE7VkF5UHaz0I.jpg
Young Washington,movie,"[36, 10752, 18]","Before he led a nation, George Washington was a young soldier thrown into a global conflict. With alliances crumbling and war closing in, he must choose who to trust and confront the leader he's becoming.",2026-07-02,29.2277,7.845,/6CdoTKnRQHJkjRGxTefFGkPQplB.jpg
Beetlejuice Beetlejuice,movie,"[35, 14]","After a family tragedy, three generations of the Deetz family return home to Winter River. Still haunted by Betelgeuse, Lydia's life is turned upside down when her teenage daughter, Astrid, accidentally opens the portal to the Afterlife.",2024-09-04,25.7738,6.919,/kKgQzkUCnQmeTPkyIwHly2t6ZFI.jpg
Jaws,movie,"[27, 53, 12]","When the seaside community of Amity finds itself under attack by a dangerous great white shark, the town's chief of police, a young marine biologist, and a grizzled shark hunter embark on a desperate quest to kill the beast before it strikes again.",1975-06-20,22.5585,7.684,/lxM6kqilAdpdhqUl2biYp5frUxE.jpg
Blue Film,movie,[18],"Drawn by the promise of easy money and anonymous sex, queer camboy Aaron Eagle is shocked to discover a personal connection with the mysterious stranger who has paid for his company.",2026-05-08,22.7254,7.4,/7yqMtaRMPgntGcDtYySv7XfTsDB.jpg
Transformers: Rise of the Beasts,movie,"[878, 12, 28]","When a new threat capable of destroying the entire planet emerges, Optimus Prime and the Autobots must team up with a powerful faction known as the Maximals. With the fate of humanity hanging in the balance, humans Noah and Elena will do whatever it takes to help the Transformers as they engage in the ultimate battle to save Earth.",2023-06-06,24.187,7.165,/gPbM0MK8CP8A174rmUwGsADNYKD.jpg
The Social Network,movie,[18],"In 2003, Harvard undergrad and computer programmer Mark Zuckerberg begins work on a new concept that eventually turns into the global social network known as Facebook. Six years later, Mark is one of the youngest billionaires ever, but his unprecedented success leads to both personal and legal complications when he ends up on the receiving end of two lawsuits, one involving his former friend.",2010-10-01,23.5958,7.376,/n0ybibhJtQ5icDqTp8eRytcIHJx.jpg
Kung Fu Panda,movie,"[28, 16, 35, 10751]","Chosen by prophecy but doubted by all, Po is an unlikely choice for the mystical title of the Dragon Warrior—a clumsy panda thrust into the world of kung fu as a deadly enemy threatens the Valley of Peace. Under reluctant guidance by Master Shifu and the Furious Five, Po must embrace who he is to unlock the power that no scroll can teach.",2008-06-04,27.8755,7.336,/wWt4JYXTg5Wr3xBW2phBrMKgp3x.jpg
Beast Race,movie,"[28, 878, 53]","In future Rio de Janeiro, a young leader of the resistance must enter a deadly parkour-inspired competition in order to save his sister's life.",2026-03-17,23.2732,7.0,/mwmfEqWXZG6HmAUuN5SjO8s7UNV.jpg
Pride & Prejudice,movie,"[18, 10749]","A story of love and life among the landed English gentry during the Georgian era. Mr. Bennet is a gentleman living in Hertfordshire with his overbearing wife and five daughters, but if he dies their house will be inherited by a distant cousin whom they have never met, so the family's future happiness and security is dependent on the daughters making good marriages.",2005-09-16,26.9328,8.054,/o8UhmEbWPHmTUxP0lMuCoqNkbB3.jpg
First Blood,movie,"[28, 53, 18]","When former Green Beret John Rambo is harassed by local law enforcement and arrested for vagrancy, he is forced to flee into the mountains and wage an escalating one-man war against his pursuers.",1982-10-22,24.5163,7.516,/a9sa6ERZCpplbPEO7OMWE763CLD.jpg
Venom,movie,"[878, 28]","Investigative journalist Eddie Brock attempts a comeback following a scandal, but accidentally becomes the host of Venom, a violent, super powerful alien symbiote. Soon, he must rely on his newfound powers to protect the world from a shadowy organization looking for a symbiote of their own.",2018-09-28,23.7719,6.824,/2uNW4WbgBXL25BAbXGLnLqX71Sw.jpg
Ocean's Eleven,movie,"[53, 80]","Less than 24 hours into his parole, charismatic thief Danny Ocean is already rolling out his next plan: In one night, Danny's hand-picked crew of specialists will attempt to steal more than $150 million from three Las Vegas casinos. But to score the cash, Danny risks his chances of reconciling with ex-wife, Tess.",2001-12-07,21.102,7.466,/hQQCdZrsHtZyR6NbKH2YyCqd2fR.jpg
Evil Dead Rise,movie,"[27, 53]","A reunion between two estranged sisters gets cut short by the rise of flesh-possessing demons, thrusting them into a primal battle for survival as they face the most nightmarish version of family imaginable.",2023-04-12,28.3193,6.963,/5ik4ATKmNtmJU6AYD0bLm56BCVM.jpg
The Bad Guys 2,movie,"[10751, 35, 80, 12, 16, 28]","The now-reformed Bad Guys are trying (very, very hard) to be good, but instead find themselves hijacked into a high-stakes, globe-trotting heist, masterminded by a new team of criminals they never saw coming: The Bad Girls.",2025-07-24,20.2855,7.628,/26oSPnq0ct59l07QOXZKyzsiRtN.jpg
Mission: Impossible - Fallout,movie,"[28, 12]","When an IMF mission ends badly, the world is faced with dire consequences. As Ethan Hunt takes it upon himself to fulfill his original briefing, the CIA begin to question his loyalty and his motives. The IMF team find themselves in a race against time, hunted by assassins while trying to prevent a global catastrophe.",2018-07-25,25.5946,7.45,/AkJQpZp9WoNdj7pLYSj1L0RcMMN.jpg
Virgin Territory,movie,"[12, 28, 35, 10749]","In Black Death era Tuscany, as in the Decameron, ten young Florentines take refuge from the plague. But instead of telling stories, they have lusty adventures, bawdy exchanges, romance, swordplay, randy nuns, Saracen pirates, and a sexy cow.",2007-12-17,20.6539,4.987,/zofWP7ZKhoVTh2VUltaDo4LRQXc.jpg
Mission: Impossible - Fallout,movie,"[28, 12]","When an IMF mission ends badly, the world is faced with dire consequences. As Ethan Hunt takes it upon himself to fulfill his original briefing, the CIA begin to question his loyalty and his motives. The IMF team find themselves in a race against time, hunted by assassins while trying to prevent a global catastrophe.",2018-07-25,25.5946,7.45,/AkJQpZp9WoNdj7pLYSj1L0RcMMN.jpg
Virgin Territory,movie,"[12, 28, 35, 10749]","In Black Death era Tuscany, as in the Decameron, ten young Florentines take refuge from the plague. But instead of telling stories, they have lusty adventures, bawdy exchanges, romance, swordplay, randy nuns, Saracen pirates, and a sexy cow.",2007-12-17,20.6539,4.987,/zofWP7ZKhoVTh2VUltaDo4LRQXc.jpg
E.T. the Extra-Terrestrial,movie,"[12, 878, 10751]","An alien is left behind on Earth and saved by the 10-year-old Elliott who decides to keep him hidden in his home. While a task force hunts for the extra-terrestrial, Elliott, his brother, and his little sister Gertie form an emotional bond with their new friend, and try to help him find his way home.",1982-06-11,21.2786,7.518,/an0nD6uq6byfxXCfk6lQBzdL2J1.jpg
It Follows,movie,"[27, 9648]",A young woman is followed by an unknown supernatural force after a sexual encounter.,2015-02-04,28.7379,6.58,/iwnQ1JH1wdWrGYkgWySptJ5284A.jpg
Fall,movie,[53],"For best friends Becky and Hunter, life is all about conquering fears and pushing limits. But after they climb 2,000 feet to the top of a remote, abandoned radio tower, they find themselves stranded with no way down. Now Becky and Hunter's expert climbing skills will be put to the ultimate test as they desperately fight to survive the elements, a lack of supplies, and vertigo-inducing heights.",2022-08-11,27.0858,7.1,/spCAxD99U1A6jsiePFoqdEcY0dG.jpg
The Ugly Stepsister,movie,"[27, 35, 18]","In a fairy-tale kingdom where beauty is a brutal business, Elvira battles to compete with her incredibly beautiful stepsister, Agnes, and she will go to any length to catch the Prince’s eye.",2025-03-07,19.1285,7.323,/rayAREIKtSinuov10GvrZHyXfXH.jpg
Exploits of a Young Don Juan,movie,"[35, 18]","In 1914, sixteen year old Roger returned home from boarding school during vacation to find his puberty hit hard in a house filled with beautiful women. These women have previous engagements with other men who are away, and during this time, Roger impregnates them all, including his aunt and sister, then devises plans to cuckold the men.",1986-11-04,21.4117,6.151,/xvtRgQIRegLjsjaIkKQbh0hk3Qy.jpg
The Lego Movie,movie,"[16, 10751, 12, 35, 14]","An ordinary Lego mini-figure, mistakenly thought to be the extraordinary MasterBuilder, is recruited to join a quest to stop an evil Lego tyrant from conquering the universe.",2014-02-06,37.6297,7.432,/lbctonEnewCYZ4FYoTZhs8cidAl.jpg
The Princess and the Frog,movie,"[16, 10749, 14, 10751]","A waitress, desperate to fulfill her dreams as a restaurant owner, is set on a journey to turn a frog prince back into a human being, but she has to face the same problem after she kisses him.",2009-12-08,21.4637,7.2,/yprv5PbnEksoVj2v6XEnDBg9joR.jpg
Kill Code,movie,"[28, 53, 878]","North America has been divided into four main quadrants. A power-hungry corporation has taken over the conventional prison system and made criminals the new law enforcers.  The owner of that corporation, nanoscientist Eion Prescott, created a nano-virus called Onyx. Which is distributed through deadly watches to criminals. First, infecting them. Then, forcing them into eliminating each other for freedom. Who can topple the corporation's entire system from within?",2026-04-16,20.4341,4.974,/bXvSKLCillha6wxY0yxoRCM2WQl.jpg
Predator,movie,"[878, 28, 12, 53]",A team of elite commandos on a secret mission in a Central American jungle come to find themselves hunted by an extraterrestrial warrior.,1987-06-12,22.6211,7.577,/k3mW4qfJo6SKqe6laRyNGnbB9n5.jpg
9th Company,movie,"[10752, 18, 36]","Russian army recruits complete training and take their posting in late 1980s Afghanistan, where the insurgents are slowly gaining the upper hand.",2005-09-19,22.6943,6.656,/yKPr5DbUZRPsdT1gOhUnTVsnplg.jpg
The Conjuring: The Devil Made Me Do It,movie,"[27, 9648, 53]","Paranormal investigators Ed and Lorraine Warren encounter what would become one of the most sensational cases from their files. The fight for the soul of a young boy takes them beyond anything they'd ever seen before, to mark the first time in U.S. history that a murder suspect would claim demonic possession as a defense.",2021-05-25,24.212,7.338,/xbSuFiJbbBWCkyCCKIMfuDCA4yV.jpg
Guy Ritchie's The Covenant,movie,"[10752, 28, 53]","After an ambush, Afghan interpreter Ahmed goes to Herculean lengths to save US Army Sergeant John Kinley's life. When Kinley learns that Ahmed and his family were not given safe passage to America as promised, he must return to the war zone and repay his debt.",2023-04-19,22.2168,7.717,/kVG8zFFYrpyYLoHChuEeOGAd6Ru.jpg
Snow White,movie,"[10751, 14]","Following the benevolent King's disappearance, the Evil Queen dominated the once fair land with a cruel streak. Princess Snow White flees the castle when the Queen, in her jealousy over Snow White's inner beauty, tries to kill her. Deep into the dark woods, she stumbles upon seven magical dwarves and a young bandit named Jonathan. Together, they strive to survive the Queen's relentless pursuit and aspire to take back the kingdom.",2025-03-19,26.1246,4.273,/oLxWocqheC8XbXbxqJ3x422j9PW.jpg
After We Fell,movie,"[18, 10749]","Just as Tessa's life begins to become unglued, nothing is what she thought it would be. Not her friends nor her family. The only person that she should be able to rely on is Hardin, who is furious when he discovers the massive secret that she's been keeping. Before Tessa makes the biggest decision of her life, everything changes because of revelations about her family.",2021-09-01,27.0393,6.998,/dU4HfnTEJDf9KvxGS9hgO7BVeju.jpg
Ice Age: Dawn of the Dinosaurs,movie,"[16, 35, 10751, 12]","Times are changing for Manny the moody mammoth, Sid the motor mouthed sloth and Diego the crafty saber-toothed tiger. Life heats up for our heroes when they meet some new and none-too-friendly neighbors – the mighty dinosaurs.",2009-06-26,24.1486,6.776,/cXOLaxcNjNAYmEx1trZxOTKhK3Q.jpg
The Magnificent Seven,movie,"[12, 28, 37]","Looking to mine for gold, greedy industrialist Bartholomew Bogue seizes control of the Old West town of Rose Creek. With their lives in jeopardy, Emma Cullen and other desperate residents turn to bounty hunter Sam Chisolm for help. Chisolm recruits an eclectic group of gunslingers to take on Bogue and his ruthless henchmen. With a deadly showdown on the horizon, the seven mercenaries soon find themselves fighting for more than just money once the bullets start to fly.",2016-09-14,24.3737,6.498,/ezcS78TIjgr85pVdaPDd2rSPVNs.jpg
Five Nights at Freddy's 2,movie,"[27, 53]","One year since the supernatural nightmare at Freddy Fazbear's Pizza, the stories about what transpired there have been twisted into a campy local legend, inspiring the town's first ever Fazfest. With the truth kept from her, Abby sneaks out to reconnect with Freddy, Bonnie, Chica, and Foxy, setting into motion a terrifying series of events that will reveal dark secrets about the real origin of Freddy's, and unleash a decades-hidden horror.",2025-12-03,24.1886,6.587,/udAxQEORq2I5wxI97N2TEqdhzBE.jpg
Mean Girls,movie,"[18, 35]","Cady Heron is a hit with The Plastics, the A-list girl clique at her new school, until she makes the mistake of falling for Aaron Samuels, the ex-boyfriend of alpha Plastic Regina George.",2004-04-30,27.9458,7.227,/2ZkuQXvVhh45uSvkBej4S7Ix1NJ.jpg
Your Fault,movie,"[18, 10749]",The love between Noah and Nick seems unwavering despite their parents' attempts to separate them. But his job and her entry into college open up their lives to new relationships that will shake the foundations of both their relationship and the Leister family itself.,2024-12-26,19.4671,7.087,/1sQA7lfcF9yUyoLYC0e6Zo3jmxE.jpg
Spider-Man 2,movie,"[28, 12, 878]","Peter Parker is going through a major identity crisis. Burned out from being Spider-Man, he decides to shelve his superhero alter ego, which leaves the city suffering in the wake of carnage left by the evil Doc Ock. In the meantime, Parker still can't act on his feelings for Mary Jane Watson, a girl he's loved since childhood. A certain anger begins to brew in his best friend Harry Osborn as well...",2004-06-25,22.3772,7.328,/aGuvNAaaZuWXYQQ6N2v7DeuP6mB.jpg
The Handmaiden,movie,"[53, 18, 10749]","1930s Korea, in the period of Japanese occupation, a new girl, Sook-hee, is hired as a handmaiden to a Japanese heiress, Hideko, who lives a secluded life on a large countryside estate with her domineering Uncle Kouzuki. But the maid has a secret. She is a pickpocket recruited by a swindler posing as a Japanese Count to help him seduce the Lady to steal her fortune.",2016-06-01,22.5458,8.175,/dLlH4aNHdnmf62umnInL8xPlPzw.jpg
Free Guy,movie,"[35, 12, 878]","A bank teller discovers he is actually a background player in an open-world video game, and decides to become the hero of his own story. Now, in a world where there are no limits, he is determined to be the guy who saves his world his way before it's too late.",2021-08-11,20.7835,7.437,/dxraF0qPr1OEgJk17ltQTO84kQF.jpg
The Cheating Wife,movie,[18],"Two widows who find solace in each other and eventually fall in love. But when one of their supposedly dead husbands returns home blind, they are forced to hide their forbidden affair, testing the limits of love and loyalty.",2026-06-26,21.931,2.5,/3KVI4XvSTnGeUf5UriMN12uw4qj.jpg
How the Grinch Stole Christmas,movie,"[10751, 35, 14]",The Grinch decides to rob Whoville of Christmas - but a dash of kindness from little Cindy Lou Who and her family may be enough to melt his heart...,2000-11-17,18.3276,6.782,/1WZbbPApEivA421gCOluuzMMKCk.jpg
Resident Evil,movie,"[27, 878]","Bryan, a medical courier, unwittingly finds himself fighting for survival as one fateful, horrifying night collapses around him in chaos.",2026-09-16,28.7186,0.0,/guq5cJ43v0qcMtLqrYHe5P9fgFM.jpg
Zodiac,movie,"[80, 9648, 53]","Over the course of a decade, editors of the San Francisco Chronicle entice themselves in the murders of the Zodiac Killer. However, as time runs its course, interest in the case dwindles in the eyes of the professionals. The Killer stops interacting with the public. However, believing he has the answers, an amateur cartoonist from the initial sightings races against time to prevent what he believes is another murder.",2007-03-02,28.2401,7.532,/6YmeO4pB7XTh8P8F960O1uA14JO.jpg
The Passenger,movie,[53],"Hassan, a Somali-American airport shuttle driver in Minneapolis, is struggling to make ends meet. When Lloyd, a stranded twenty-something at the airport, offers to pay Hassan to take him overland to Chicago, it seems worth the risk. But as the realization grows that his passenger is not what he seems, Hassan finds himself trapped in a terrifying ride that he can’t escape, knowing that saving himself might put countless others in danger.",2026-06-05,19.2966,5.511,/i9XqCdF0jrgqveYUaLjOSiRepIq.jpg
Fifty Shades Freed,movie,"[18, 10749]","Believing they have left behind shadowy figures from their past, newlyweds Christian and Ana fully embrace an inextricable connection and shared life of luxury. But just as she steps into her role as Mrs. Grey and he relaxes into an unfamiliar stability, new threats could jeopardize their happy ending before it even begins.",2018-01-17,21.4156,6.669,/jjPJ4s3DWZZvI4vw8Xfi4Vqa1Q8.jpg
Sing 2,movie,"[16, 35, 10751, 10402]","Buster and his new cast now have their sights set on debuting a new show at the Crystal Tower Theater in glamorous Redshore City. But with no connections, he and his singers must sneak into the Crystal Entertainment offices, run by the ruthless wolf mogul Jimmy Crystal, where the gang pitches the ridiculous idea of casting the lion rock legend Clay Calloway in their show. Buster must embark on a quest to find the now-isolated Clay and persuade him to return to the stage.",2021-12-01,22.2702,7.832,/aWeKITRFbbwY8txG5uCj4rMCfSP.jpg
Sicario: Day of the Soldado,movie,"[28, 80, 53]",Agent Matt Graver teams up with operative Alejandro Gillick to prevent Mexican drug cartels from smuggling terrorists across the United States border.,2018-06-27,25.9367,6.944,/qcLYofEhNh51Sk1jUWjmKHLzkqw.jpg
Here the Whole Time,movie,"[35, 10749]","An insecure teenager's vacation plans are ruined by an unexpected visitor: his neighbor and school crush who will spend two weeks sleeping at his house. The days that promised peace, tranquility and epic series marathons end up bringing a whirlwind of feelings and unresolved issues.",2026-06-18,17.7963,7.429,/y3zqa6qmLz2C2bUImOgYs6JxDNT.jpg
Ready Player One,movie,"[12, 28, 878]","When the creator of a popular video game system dies, a virtual contest is created to compete for his fortune.",2018-03-28,24.5857,7.587,/pU1ULUq8D3iRxl1fdX2lZIzdHuI.jpg
365 Days: This Day,movie,"[10749, 18]","Laura and Massimo are back and hotter than ever. But the reunited couple's new beginning is complicated by Massimo’s family ties and a mysterious man who enters Laura’s life to win her heart and trust, at any cost.",2022-04-26,22.6968,5.946,/7qU0SOVcQ8BTJLodcAlulUAG16C.jpg
Dracula,movie,"[27, 14, 10749]","In late 15th-century Eastern Europe, Prince Vlad II’s bride is brutally murdered. As a result, he renounces God and damns Heaven itself. Cursed with eternal life, Vlad is reborn as Dracula, an immortal warlord who defies fate in a blood-soaked crusade to wrench his lost love back from death.",2025-07-30,20.3446,7.244,/ykyRfv7JDofLxXLAwtLXaSuaFfM.jpg
No Country for Old Men,movie,"[80, 53, 37]","Llewelyn Moss stumbles upon dead bodies, $2 million and a hoard of heroin in a Texas desert, but methodical killer Anton Chigurh comes looking for it, with local sheriff Ed Tom Bell hot on his trail. The roles of prey and predator blur as the violent pursuit of money and justice collide.",2007-11-09,24.2873,7.95,/6d5XOczc226jECq0LIX0siKtgHR.jpg
Over the Hedge,movie,"[12, 16, 35, 10751]","A scheming raccoon fools a mismatched family of forest creatures into helping him repay a debt of food, by invading the new suburban sprawl that popped up while they were hibernating – and learns a lesson about family himself.",2006-05-17,23.492,6.605,/jtZnymorbnHY7mOiBXR14ZDJseM.jpg
John Wick: Chapter 3 - Parabellum,movie,"[28, 53, 80]","Super-assassin John Wick returns with a $14 million price tag on his head and an army of bounty-hunting killers on his trail. After killing a member of the shadowy international assassin’s guild, the High Table, John Wick is excommunicado, but the world’s most ruthless hit men and women await his every turn.",2019-05-15,22.7662,7.439,/ziEuG1essDuWuC5lpWUaw1uXY2O.jpg
Behind the Screens,movie,"[18, 53]","Seven close friends reunite for a dinner gathering and decide to play a seemingly harmless game. Throughout the evening, every message, email, and phone call they receive must be shared openly with the group.",2026-07-23,18.1145,7.0,/5XhXoKGzI2sLjDixWUUzVqDRnzt.jpg
Eternal Sunshine of the Spotless Mind,movie,"[878, 18, 10749]","Joel Barish, heartbroken that his girlfriend underwent a procedure to erase him from her memory, decides to do the same. However, as he watches his memories of her fade away, he realises that he still loves her, and may be too late to correct his mistake.",2004-03-19,25.6236,8.089,/5MwkWH9tYHv3mV9OdYTMR5qreIz.jpg
The Help,movie,[18],"Aibileen Clark is a middle-aged African-American maid who has spent her life raising white children and has recently lost her only son; Minny Jackson is an African-American maid who has often offended her employers despite her family's struggles with money and her desperate need for jobs; and Eugenia ""Skeeter"" Phelan is a young white woman who has recently moved back home after graduating college to find out her childhood maid has mysteriously disappeared. These three stories intertwine to explain how life in Jackson, Mississippi revolves around ""the help""; yet they are always kept at a certain distance because of racial lines.",2011-08-09,23.3677,8.206,/3kmfoWWEc9Vtyuaf9v5VipRgdjx.jpg
Young Hearts,movie,"[18, 10749]","14-year-old Elias increasingly feels like an outsider in his village. When he meets his new neighbour of the same age, Alexander, Elias is confronted with his burgeoning sexuality.",2024-10-26,20.8379,8.6,/iGCtYxfuvXfy0BD5m6p7vKuPOxS.jpg
One Flew Over the Cuckoo's Nest,movie,[18],"A petty criminal fakes insanity to serve his sentence in a mental ward rather than prison. He soon finds himself as a leader to the other patients—and an enemy to the cruel, domineering nurse who runs the ward.",1975-11-19,20.2282,8.406,/kjWsMh72V6d8KRLV4EOoSJLT1H7.jpg
Wrath of Man,movie,"[53, 80, 18]","A cold and mysterious new security guard for a Los Angeles cash truck company surprises his co-workers when he unleashes precision skills during a heist. The crew is left wondering who he is and where he came from. Soon, the marksman's ultimate motive becomes clear as he takes dramatic and irrevocable steps to settle a score.",2021-04-22,22.1183,7.571,/M7SUK85sKjaStg4TKhlAVyGlz3.jpg
72 HOURS,movie,"[35, 80]","To save his career, a 40-year-old ad exec joins a crew of twentysomethings for a wild Miami bachelor party after they mistakenly add him to a group chat.",2026-07-20,20.0811,6.814,/9Bu1PW2R1XayqRqnl0aDOgMcrdS.jpg
Charlie and the Chocolate Factory,movie,"[12, 35, 10751, 14]","A young boy wins a tour through the most magnificent chocolate factory in the world, led by the world's most unusual candy maker.",2005-07-13,24.5432,7.038,/iKP6wg3c6COUe8gYutoGG7qcPnO.jpg
Mourning Wife,movie,"[18, 10749]","Director Daisuke Goto, the master of the cinematic Pink Eiga, is back with this retelling of the classic film noir, The Postman Always Rings Twice. A married woman, tasked with running her handicapped husband’s failing printing business, meets a drifter and they fall in love. Soon a plan to murder the husband is put into motion and the forces of fate begin to show their hand. Featuring bravura filmmaking, fantastic performances and steamy sex, the Mourning Wife is a worthy follow up for any fan of Daisuke Goto’s masterpiece A Lonely Cow Weeps at Dawn.",2001-09-28,18.541,4.5,/4cfd33evWkw8TPq95WkHeU82m8O.jpg
Mickey 17,movie,"[878, 35, 12]","Unlikely hero Mickey Barnes finds himself in the extraordinary circumstance of working for an employer who demands the ultimate commitment to the job… to die, for a living.",2025-02-28,20.2927,6.831,/edKpE9B5qN3e559OuMCLZdW1iBZ.jpg
The Good Dinosaur,movie,"[12, 16, 10751]",An epic journey into the world of dinosaurs where an Apatosaurus named Arlo makes an unlikely human friend.,2015-11-14,22.8055,6.7,/8RSkxOO80btfKjyiC5ZiTaCHIT8.jpg
Seven Snipers,movie,"[28, 53]","When a former elite sniper is hunted down by the ruthless warlord who once held her captive, she must fight to the death to protect the daughter she has raised in hiding, on a remote Australian farm.",2026-04-30,19.3762,6.155,/pK6tGCG6UAgUT5FTq3ylGErHxQQ.jpg
Aladdin,movie,"[16, 10751, 12, 14, 10749]","In the boorish city of Agrabah, kind-hearted street urchin Aladdin and Princess Jasmine fall in love, although she can only marry a prince. He and power-hungry Grand Vizier Jafar vie for a magic lamp that can fulfill their wishes.",1992-11-25,25.9181,7.657,/eLFfl7vS8dkeG1hKp5mwbm37V83.jpg
Constantine,movie,"[14, 28, 27]","John Constantine has literally been to Hell and back. When he teams up with a policewoman to solve the mysterious suicide of her twin sister, their investigation takes them through the world of demons and angels that exists beneath the landscape of contemporary Los Angeles.",2005-02-08,25.2457,7.2,/vPYgvd2MwHlxTamAOjwVQp4qs1W.jpg
2001: A Space Odyssey,movie,"[878, 9648, 12]","Humanity finds a mysterious object buried beneath the lunar surface and sets off to find its origins with the help of HAL 9000, the world's most advanced super computer.",1968-04-02,21.4317,8.045,/ve72VxNqjGM69Uky4WTo2bK6rfq.jpg
Get Out,movie,"[9648, 53, 27]","Chris and his girlfriend Rose go upstate to visit her parents for the weekend. At first, Chris reads the family's overly accommodating behavior as nervous attempts to deal with their daughter's interracial relationship, but as the weekend progresses, a series of increasingly disturbing discoveries lead him to a truth that he never could have imagined.",2017-02-24,22.5564,7.625,/tFXcEccSQMf3lfhfXKSU9iRBpa3.jpg
Poor Things,movie,"[878, 10749, 35]","Brought back to life by an unorthodox scientist, a young woman runs off with a lawyer on a whirlwind adventure across the continents. Free from the prejudices of her times, she grows steadfast in her purpose to stand for equality and liberation.",2023-12-07,24.8924,7.63,/kCGlIMHnOm8JPXq3rXM6c5wMxcT.jpg
Anora,movie,"[18, 35, 10749]","A young sex worker from Brooklyn gets her chance at a Cinderella story when she meets and impulsively marries the son of an oligarch. Once the news reaches Russia, her fairytale is threatened as his parents set out to get the marriage annulled.",2024-10-14,25.19,7.1,/cgXk2tNYhJZLXdBDO5DidAVzQ82.jpg
Life Is Beautiful,movie,"[35, 18]",A touching story of an Italian book seller of Jewish ancestry who lives in his own little fairy tale. His creative and happy life would come to an abrupt halt when his entire family is deported to a concentration camp during World War II. While locked up he tries to convince his son that the whole thing is just a game.,1997-12-20,21.5693,8.437,/74hLDKjD5aGYOotO6esUVaeISa2.jpg
Kill Bill: Vol. 1,movie,"[28, 80]","An assassin is shot by her ruthless employer, Bill, and other members of their assassination circle – but she lives to plot her vengeance.",2003-10-10,22.9055,8.0,/v7TaX8kXMXs5yFFGR41guUDNcnB.jpg
Sicario,movie,"[28, 80, 53]",An idealistic FBI agent is enlisted by a government task force to aid in the escalating war against drugs at the border area between the U.S. and Mexico.,2015-09-17,24.2496,7.427,/lz8vNyXeidqqOdJW9ZjnDAMb5Vr.jpg
PAW Patrol: The Mighty Movie,movie,"[12, 16, 35, 10751, 878]","A magical meteor crash lands in Adventure City and gives the PAW Patrol pups superpowers, transforming them into The Mighty Pups.",2023-09-21,22.3967,6.9,/aTvePCU7exLepwg5hWySjwxojQK.jpg
The Meg,movie,"[28, 878, 27]","A deep sea submersible pilot revisits his past fears in the Mariana Trench, and accidentally unleashes the seventy foot ancestor of the Great White Shark believed to be extinct.",2018-08-08,21.5417,6.252,/eyWICPcxOuTcDDDbTMOZawoOn8d.jpg
Bohemian Rhapsody,movie,"[10402, 18]","Singer Freddie Mercury, guitarist Brian May, drummer Roger Taylor and bass guitarist John Deacon take the music world by storm when they form the rock 'n' roll band Queen in 1970. Hit songs become instant classics. When Mercury's increasingly wild lifestyle starts to spiral out of control, Queen soon faces its greatest challenge yet – finding a way to keep the band together amid the success and excess.",2018-10-24,20.6897,7.951,/lHu1wtNaczFPGFDTrjCSzeLPTKN.jpg
Snatch,movie,"[80, 35]","Unscrupulous boxing promoters, violent bookies, a Russian gangster, incompetent amateur robbers, and supposedly Jewish jewellers fight to track down a priceless stolen diamond.",2000-09-01,22.6959,7.828,/kJZoAHq1SLDdWjeNGtlHAnGpmFV.jpg
The Fifth Element,movie,"[878, 28, 12]","In 2257, a taxi driver is unintentionally given the task of saving a young girl who is part of the key that will ensure the survival of humanity.",1997-05-02,25.3694,7.59,/fPtlCO1yQtnoLHOwKtWz7db6RGU.jpg
Emilia Pérez,movie,"[18, 53]","Rita, an underrated lawyer working for a large law firm more interested in getting criminals out of jail than bringing them to justice, is hired by the leader of a criminal organization.",2024-08-21,16.1419,6.421,/7seqaCaaXDNUHOx4DqwpoOH8pPa.jpg
The Grinch,movie,"[16, 35, 10751, 14]",The Grinch hatches a scheme to ruin Christmas when the residents of Whoville plan their annual holiday celebration. But a certain little who might change things.,2018-11-08,25.3527,6.862,/Al7DMUp8bqUN4JwXVNxfJYyv5cH.jpg
The Exorcist,movie,[27],"When a mysterious entity possesses a young girl, her mother seeks the help of two Catholic priests to save her life.",1973-12-26,17.8841,7.744,/5x0CeVHJI8tcDx8tUUwYHQSNILq.jpg
Zack Snyder's Justice League,movie,"[28, 12, 14]","Determined to ensure Superman's ultimate sacrifice was not in vain, Bruce Wayne aligns forces with Diana Prince with plans to recruit a team of metahumans to protect the world from an approaching threat of catastrophic proportions.",2021-03-18,26.0082,8.079,/tnAuB8q5vv7Ax9UAEje5Xi4BXik.jpg
Birds of Prey (and the Fantabulous Emancipation of One Harley Quinn),movie,"[28, 80]","Harley Quinn joins forces with a singer, an assassin and a police detective to help a young girl who had a hit placed on her after she stole a rare diamond from a crime lord.",2020-02-05,20.379,6.9,/h4VB6m0RwcicVEZvzftYZyKXs6K.jpg
Black Hawk Down,movie,"[28, 10752, 36]","When U.S. Rangers and an elite Delta Force team attempt to kidnap two underlings of a Somali warlord, their Black Hawk helicopters are shot down, and the Americans suffer heavy casualties, facing intense fighting from the militia on the ground.",2001-12-28,20.1316,7.399,/7fU5dSqKRL4XHeEUz62rCKBfYok.jpg
Alien: Romulus,movie,"[27, 878]","While scavenging the deep ends of a derelict space station, a group of young space colonizers come face to face with the most terrifying life form in the universe.",2024-08-13,21.4925,7.163,/2uSWRTtCG336nuBiG8jOTEUKSy8.jpg
Princess Mononoke,movie,"[12, 14, 16]","Ashitaka, a prince of the disappearing Emishi people, is cursed by a demonized boar god and must journey to the west to find a cure. Along the way, he encounters San, a young human woman fighting to protect the forest, and Lady Eboshi, who is trying to destroy it. Ashitaka must find a way to bring balance to this conflict.",1997-07-12,26.7971,8.3,/cMYCDADoLKLbB83g4WnJegaZimC.jpg
Megamind,movie,"[16, 28, 35, 10751, 878]","After Megamind, a highly intelligent alien supervillain, defeats his long-time nemesis Metro Man, Megamind creates a new hero to fight, but must act to save the city when his ""creation"" becomes an even worse villain than he was.",2010-10-28,21.3026,7.037,/uZ9ytt3sPTx62XTfN56ILSuYWRe.jpg
Catch Me If You Can,movie,"[18, 80]","A true story about Frank Abagnale Jr. who, before his 19th birthday, successfully conned millions of dollars worth of checks as a Pan Am pilot, doctor, and legal prosecutor. An FBI agent makes it his mission to put him behind bars. But Frank not only eludes capture, he revels in the pursuit.",2002-12-16,22.3641,7.977,/ctjEj2xM32OvBXCq8zAdK3ZrsAj.jpg
The Wizard of Oz,movie,"[12, 14, 10751]","Young Dorothy finds herself in a magical world where she makes friends with a lion, a scarecrow and a tin man as they make their way along the yellow brick road to talk with the Wizard and ask for the things they miss most in their lives. The Wicked Witch of the West is the only thing that could stop them.",1939-08-21,22.63,7.582,/uCC3j4pV9eOZwzDUWp2ilbcTf1f.jpg
Pacific Rim,movie,"[28, 878, 12]","Using massive piloted robots to combat the alien threat, Earth's survivors take the fight to the invading alien force lurking in the depths of the Pacific Ocean. Nearly defenseless in the face of the relentless enemy, the forces of mankind have no choice but to turn to two unlikely heroes who now stand as Earth's final hope against the mounting apocalypse.",2013-07-11,23.0429,6.945,/8wo4eN8dWKaKlxhSvBz19uvj8gA.jpg
Trolls World Tour,movie,"[10751, 16, 35, 14, 12, 10402]","Queen Poppy and Branch make a surprising discovery — there are other Troll worlds beyond their own, and their distinct differences create big clashes between these various tribes. When a mysterious threat puts all of the Trolls across the land in danger, Poppy, Branch, and their band of friends must embark on an epic quest to create harmony among the feuding Trolls to unite them against certain doom.",2020-03-11,20.1471,7.2,/7W0G3YECgDAfnuiHG91r8WqgIOe.jpg
Maleficent: Mistress of Evil,movie,"[10751, 14, 12]","Maleficent and her goddaughter Aurora begin to question the complex family ties that bind them as they are pulled in different directions by impending nuptials, unexpected allies, and dark new forces at play.",2019-10-16,24.7008,7.294,/vloNTScJ3w7jwNwtNGoG8DbTThv.jpg
Memento,movie,"[9648, 53]","Leonard Shelby is tracking down the man who raped and murdered his wife. The difficulty of locating his wife's killer, however, is compounded by the fact that he suffers from a rare, untreatable form of short-term memory loss. Although he can recall details of life before his accident, Leonard cannot remember what happened fifteen minutes ago, where he's going, or why.",2000-10-11,27.1892,8.174,/nzlv62aC0octS5AklAiWpXLX9Z0.jpg
The Untouchables,movie,"[80, 36, 53]","Elliot Ness, an ambitious prohibition agent, is determined to take down Al Capone. In order to achieve this goal, he forms a group given the nickname “The Untouchables”.",1987-06-03,14.7186,7.753,/tPq0R4jTO4Ey8ZspFaWK9wGA4Ls.jpg
The Pianist,movie,"[18, 10752]","The true story of pianist Władysław Szpilman's experiences in Warsaw during the Nazi occupation. When the Jews of the city find themselves forced into a ghetto, Szpilman finds work playing in a café; and when his family is deported in 1942, he stays behind, works for a while as a laborer, and eventually goes into hiding in the ruins of the war-torn city.",2002-09-17,27.9401,8.371,/2hFvxCCWrTmCYwfy7yum0GKRi3Y.jpg
Mulan,movie,"[16, 10751, 12]","When Imperial China calls one man from every family to defend the empire from invading Huns, a young woman disguises herself as a soldier to take her ailing father’s place. Facing ruthless invaders, brutal training, and the risk of execution if discovered, she must decide who she truly is— and what she’s willing to fight for.",1998-06-18,19.712,7.902,/jAbexAtB0aSfP5Ay4TpWHARyVnG.jpg
Raya and the Last Dragon,movie,"[16, 28, 12, 14, 10751]","Long ago, in the fantasy world of Kumandra, humans and dragons lived together in harmony. But when an evil force threatened the land, the dragons sacrificed themselves to save humanity. Now, 500 years later, that same evil has returned and it’s up to a lone warrior, Raya, to track down the legendary last dragon to restore the fractured land and its divided people.",2021-03-03,20.9759,7.795,/5nVhgCzxKbK47OLIKxCR1syulOn.jpg
Wild Side,movie,[18],A transgender woman returns — with her two male lovers — to her family home in the countryside to look after her dying mother.,2004-02-08,17.1398,5.813,/aZ0ETlO7sFMW5PKBHIt4kxBhldh.jpg
The Nightmare Before Christmas,movie,"[14, 16, 10751]","Tired of scaring humans every October 31 with the same old bag of tricks, Jack Skellington, the spindly king of Halloween Town, kidnaps Santa Claus and plans to deliver shrunken heads and other ghoulish gifts to children on Christmas morning. But as Christmas approaches, Jack's rag-doll girlfriend, Sally, tries to foil his misguided plans.",1993-10-09,20.9498,7.8,/oQffRNjK8e19rF7xVYEN8ew0j7b.jpg
The Bride!,movie,"[878, 27, 14]",A lonely Frankenstein travels to 1930s Chicago to ask groundbreaking scientist Dr. Euphronious to create a companion for him. The two revive a murdered young woman and The Bride is born. But what ensues is beyond what either of them imagined.,2026-03-04,21.2655,6.113,/lV8YHwGkYZsm6EfIqnhaSz2avKt.jpg
Psycho,movie,"[27, 53, 9648]","When larcenous real estate clerk Marion Crane goes on the lam with a wad of cash and hopes of starting a new life, she ends up at the notorious Bates Motel, where manager Norman Bates cares for his housebound mother.",1960-06-22,30.4738,8.408,/yz4QVqPx3h1hD1DfqqQkCq3rmxW.jpg
The Beekeeper,movie,"[28, 80, 53]",One man's campaign for vengeance takes on national stakes after he is revealed to be a former operative of a powerful and clandestine organization known as Beekeepers.,2024-01-08,19.598,7.281,/A7EByudX0eOzlkQ2FIbogzyazm2.jpg
Midnight Matinee,movie,"[27, 9648, 53, 10770]","Even though a devastating murder took place during a small town's horror film festival two years earlier, townspeople want another festival.",1988-10-12,22.4387,5.4,/czam6wq46B9UCZvq85vicElckFq.jpg
Accidental Partners,movie,"[35, 10749]",Two women discover they were both scammed by the same man (who also got them pregnant). They form an alliance to take revenge.,2026-03-12,19.5005,8.874,/j0CIVzeR7hRAPBPGR54qDZoOQpp.jpg
Teenage Mutant Ninja Turtles,movie,"[878, 28, 12, 35]","When a kingpin threatens New York City, a group of mutated turtle warriors must emerge from the shadows to protect their home.",2014-08-07,23.977,5.931,/azL2ThbJMIkts3ZMt3j1YgBUeDB.jpg
Despicable Me 2,movie,"[16, 35, 10751, 878]",Gru is recruited by the Anti-Villain League to help deal with a powerful new super criminal.,2013-06-26,23.2751,6.948,/5Fh4NdoEnCjCK9wLjdJ9DJNFl2b.jpg
City of God,movie,"[18, 80]","In the poverty-stricken favelas of Rio de Janeiro in the 1970s, two young men choose different paths. Rocket is a budding photographer who documents the increasing drug-related violence of his neighborhood, while José “Zé” Pequeno is an ambitious drug dealer diving into a dangerous life of crime.",2002-08-30,24.5461,8.427,/k7eYdWvhYQyRQoU2TB2A2Xu2TfD.jpg
Elemental,movie,"[16, 35, 10751, 10749]","In a city where fire, water, land and air residents live together, a fiery young woman and a go-with-the-flow guy will discover something elemental: how much they have in common.",2023-06-14,27.7777,7.596,/4Y1WNkd88JXmGfhtWR7dmDAo1T2.jpg
1917,movie,"[10752, 18, 36]","At the height of the First World War, two young British soldiers must cross enemy territory and deliver a message that will stop a deadly attack on hundreds of soldiers.",2019-12-25,19.9934,7.984,/iZf0KyrE25z1sage4SYFLCCrMi9.jpg
Mercy,movie,"[878, 28, 53]","In the near future, a detective stands on trial accused of murdering his wife. He has ninety minutes to prove his innocence to the advanced AI Judge he once championed, before it determines his fate.",2026-01-19,21.2301,7.082,/pyok1kZJCfyuFapYXzHcy7BLlQa.jpg
The Get Out,movie,"[28, 53]","A nightclub owner is on the verge of leaving his dangerous past behind for retirement with his girlfriend. When masked gunmen rob him and he finds himself squeezed by ruthless cartels, a mysterious newcomer arrives with an interest in buying the business. With danger closing in from all sides, he must navigate a deadly web of deception, power, and survival  -  where escape may no longer be an option.",2026-06-18,19.0465,6.112,/zlkeH0s7dDxcnuPcHBqAyXFUxqN.jpg
Obsessed,movie,"[18, 10749]","A secret, passionate affair happens in the summer of 1969 between Colonel Jin Pyeong, trapped in a loveless marriage with Soo Jin, and Jong Ga Heun, the Chinese-Korean wife of Captain Kyung Woo Jin.",2014-05-14,20.1473,6.675,/XdVqGnvRqCQXalcJPDGIeDn7Kj.jpg
Nuremberg,movie,"[36, 18]","In postwar Germany, an American psychiatrist must determine whether Nazi prisoners are fit to go on trial for war crimes, and finds himself in a complex battle of intellect and ethics with Hermann Göring, Hitler's right-hand man.",2025-11-06,21.9071,7.604,/xthXNYltOOm80vW5Kxjzxx5gvQ6.jpg
Eternals,movie,"[878, 28, 12]","The Eternals are a team of ancient aliens who have been living on Earth in secret for thousands of years. When an unexpected tragedy forces them out of the shadows, they are forced to reunite against mankind’s most ancient enemy, the Deviants.",2021-11-03,22.6698,6.757,/lFByFSLV5WDJEv3KabbdAF959F2.jpg
World War Z,movie,"[28, 27, 878]","Life for former United Nations investigator Gerry Lane and his family seems content. Suddenly, the world is plagued by a mysterious infection turning whole human populations into rampaging mindless zombies. After barely escaping the chaos, Lane is persuaded to go on a mission to investigate this disease. What follows is a perilous trek around the world where Lane must brave horrific dangers and long odds to find answers before human civilization falls.",2013-06-19,21.8791,6.849,/aCnVdvExw6UWSeQfr0tUH3jr4qG.jpg
Incredibles 2,movie,"[28, 12, 16, 10751]","Elastigirl springs into action to save the day, while Mr. Incredible faces his greatest challenge yet – taking care of the problems of his three children.",2018-06-14,29.308,7.453,/9lFKBtaVIhP7E2Pk0IY1CwTKTMZ.jpg
A Clockwork Orange,movie,"[878, 80]","In a near-future Britain, young Alexander DeLarge and his pals get their kicks beating and raping anyone they please. When not destroying the lives of others, Alex swoons to the music of Beethoven. The state, eager to crack down on juvenile crime, gives an incarcerated Alex the option to undergo an invasive procedure that'll rob him of all personal agency. In a time when conscience is a commodity, can Alex change his tune?",1971-10-28,24.3998,8.17,/4sHeTAp65WrSSuc05nRBKddhBxO.jpg
Subservience,movie,"[27, 878, 53]","With his wife out sick, a struggling father brings home a lifelike AI, only to have his self-aware new help want everything her new family has to offer... Like the affection of her owner and she'll kill to get it.",2024-08-15,19.2346,6.648,/gBenxR01Uy0Ev9RTIw6dVBPoyQU.jpg
The Passion of the Christ,movie,[18],A graphic portrayal of the last twelve hours of Jesus of Nazareth's life.,2004-02-25,28.37,7.539,/rBM5o2HpmCfDejuIPybI09tkY3V.jpg
Nosferatu,movie,"[27, 14]","A gothic tale of obsession between a haunted young woman and the terrifying vampire infatuated with her, causing untold horror in its wake.",2024-12-25,21.4279,6.715,/5qGIxdEO841C0tdY8vOdLoRVrr0.jpg
Mission: Impossible,movie,"[12, 28, 53]","When Ethan Hunt, the leader of a crack espionage team whose perilous operation has gone awry with no explanation, discovers that a mole has penetrated the CIA, he's surprised to learn that he's the prime suspect. To clear his name, Hunt now must ferret out the real double agent and, in the process, even the score.",1996-05-22,27.1068,7.027,/l5uxY5m5OInWpcExIpKG6AR3rgL.jpg
Ice Cream Man,movie,"[27, 35]",An idyllic summer town descends into madness when an ice cream man serves kids sweet delights with horrifying results.,2026-08-03,19.5374,4.7,/c987gxFjXqYOxZEZKcTkS1ONTWH.jpg
Taken 3,movie,"[53, 28]","Ex-government operative Bryan Mills finds his life is shattered when he's falsely accused of a murder that hits close to home. As he's pursued by a savvy police inspector, Mills employs his particular set of skills to track the real killer and exact his unique brand of justice.",2014-12-16,23.0425,6.262,/vzvMXMypMq7ieDofKThsxjHj9hn.jpg
Ralph Breaks the Internet,movie,"[28, 12, 16, 35, 10751, 878]","Video game bad guy Ralph and fellow misfit Vanellope von Schweetz must risk it all by traveling to the World Wide Web in search of a replacement part to save Vanellope's video game, Sugar Rush. In way over their heads, Ralph and Vanellope rely on the citizens of the internet — the netizens — to help navigate their way, including an entrepreneur named Yesss, who is the head algorithm and the heart and soul of trend-making site BuzzzTube.",2018-11-20,22.1494,7.154,/iVCrhBcpDaHGvv7CLYbK6PuXZo1.jpg
Godzilla x Kong: The New Empire,movie,"[28, 12, 878]","Following their explosive showdown, Godzilla and Kong must reunite against a colossal undiscovered threat hidden within our world, challenging their very existence – and our own.",2024-03-27,23.7692,7.039,/z1p34vh7dEOnLDmyCrlUVLuoDzd.jpg
Detective Conan: Fallen Angel of the Highway,movie,"[16, 28, 9648, 80]","When a string of deadly highway incidents begin, Conan Edogawa's investigations point towards an orchestrated plot rather than mere accidents. As he uncovers a conspiracy involving hidden identities and advanced technology, the case escalates into a high-speed race against time to stop a calculating mastermind before more lives are lost.",2026-04-10,19.9826,7.5,/vvOk7a7k7Sp6UdHcqV4baRlK6CC.jpg
Ted,movie,"[35, 14]","John Bennett, a man whose childhood wish of bringing his teddy bear to life came true, now must decide between keeping the relationship with the bear or his girlfriend, Lori.",2012-06-29,22.5622,6.454,/1QVZXQQHCEIj8lyUhdBYd2qOYtq.jpg
They Will Kill You,movie,"[28, 35, 27, 53]","A woman answers a help wanted ad to be a housekeeper in a mysterious New York City high-rise, unaware that she is entering a community that has seen a number of disappearances over the years and may be under the grip of a Satanic cult.",2026-03-25,20.8485,7.0,/6oI4oQKTWMVUlr8Ivqydp28Ruu6.jpg
A Serbian Film,movie,"[80, 27, 53]","Retired porn star Milos leads a normal family life trying to make ends meet. Presented with the opportunity of a lifetime to financially support his family for the rest of their lives, Milos must participate in one last mysterious film. From then on, Milos is drawn into a maelstrom of unbelievable cruelty and mayhem.",2010-01-06,28.7822,5.447,/yIQqiw3Az5QYNHLCUoCTtxXH24G.jpg
American Pie,movie,"[35, 10749]","At a high-school party, four friends find that losing their collective virginity isn't as easy as they had thought. But they still believe that they need to do so before college. To motivate themselves, they enter a pact to all ""score"" by their senior prom.",1999-07-09,21.1383,6.619,/5P68by2Thn8wHAziyWGEw2O7hco.jpg
The Emperor's New Groove,movie,"[12, 16, 35, 10751, 14]","When the self‑absorbed Emperor Kuzco is accidentally transformed into a llama, he must rely on a humble villager to survive the jungle and reclaim his throne.",2000-12-15,26.5155,7.566,/wwbgkXQBEKtnyIJapk6gUgWkVw8.jpg
Godzilla Minus One,movie,"[878, 27, 28]","In postwar Japan, Godzilla brings new devastation to an already scorched landscape. With no military intervention or government help in sight, the survivors must join together in the face of despair and fight back against an unrelenting horror.",2023-11-03,22.9796,7.595,/2E2WTX0TJEflAged6kzErwqX1kt.jpg
Maze Runner: The Death Cure,movie,"[878, 28, 12, 53]","Thomas leads his group of escaped Gladers on their final and most dangerous mission yet. To save their friends, they must break into the legendary Last City, a WCKD-controlled labyrinth that may turn out to be the deadliest maze of all. Anyone who makes it out alive will get answers to the questions the Gladers have been asking since they first arrived in the maze.",2018-01-10,21.6325,7.079,/s8K0US4tUEoOrQ1LDh0eppuwGDx.jpg
Dark Phoenix,movie,"[878, 28, 12]","The X-Men face their most formidable and powerful foe when one of their own, Jean Grey, starts to spiral out of control. During a rescue mission in outer space, Jean is nearly killed when she's hit by a mysterious cosmic force. Once she returns home, this force not only makes her infinitely more powerful, but far more unstable. The X-Men must now band together to save her soul and battle aliens that want to use Grey's new abilities to rule the galaxy.",2019-06-05,24.4652,5.96,/cCTJPelKGLhALq3r51A9uMonxKj.jpg
Eyes Wide Shut,movie,"[18, 53, 9648]","After Dr. Bill Harford's wife, Alice, admits to having sexual fantasies about a man she met, Bill becomes obsessed with having a sexual encounter. He discovers an underground sexual group and attends one of their meetings -- and quickly discovers that he is in over his head.",1999-07-16,23.7985,7.484,/knEIz1eNGl5MQDbrEAVWA7iRqF9.jpg
Jurassic World,movie,"[12, 878, 53, 28]","Twenty-two years after the events of Jurassic Park, Isla Nublar now features a fully functioning dinosaur theme park, Jurassic World, as originally envisioned by John Hammond.",2015-06-06,21.5774,6.703,/rhr4y79GpxQF9IsfJItRXVaoGs4.jpg
Sonic the Hedgehog,movie,"[28, 878, 35, 10751]","Powered with incredible speed, Sonic The Hedgehog embraces his new home on Earth. That is, until Sonic sparks the attention of super-uncool evil genius Dr. Robotnik. Now it’s super-villain vs. super-sonic in an all-out race across the globe to stop Robotnik from using Sonic’s unique power for world domination.",2020-02-12,19.4544,7.3,/aQvJ5WPzZgYVDrxLX4R6cLJCEaQ.jpg
Raiders of the Lost Ark,movie,"[12, 28]","When Dr. Indiana Jones – the tweed-suited professor who just happens to be a celebrated archaeologist – is hired by the government to locate the legendary Ark of the Covenant, he finds himself up against the entire Nazi regime.",1981-06-12,21.1839,7.928,/ceG9VzoRAVGwivFU403Wc3AHRys.jpg
Pretty Lethal,movie,"[28, 53, 27]",A troupe of ballerinas find themselves fighting for survival as they attempt to escape from a remote inn after their bus breaks down on the way to a dance competition.,2026-03-13,21.5158,6.8,/znTPnXCK3lEQJgqXCvP7e5FUz6f.jpg
Remarkably Bright Creatures,movie,"[18, 9648]","Through unlikely bonds formed during night shifts at a local aquarium, Tova, an elderly widow, learns of a life-changing discovery that may bring her joy and wonder once again.",2026-05-07,22.9594,8.435,/9HcEqn3D4J6b2Z0jK54id9nA0fr.jpg
No Time to Die,movie,"[28, 53, 12]","Bond has left active service and is enjoying a tranquil life in Jamaica. His peace is short-lived when his old friend Felix Leiter from the CIA turns up asking for help. The mission to rescue a kidnapped scientist turns out to be far more treacherous than expected, leading Bond onto the trail of a mysterious villain armed with dangerous new technology.",2021-09-29,23.1741,7.338,/iUgygt3fscRoKWCV1d0C7FbM9TP.jpg
Tenet,movie,"[28, 53, 878]","Armed with only one word - Tenet - and fighting for the survival of the entire world, the Protagonist journeys through a twilight world of international espionage on a mission that will unfold in something beyond real time.",2020-08-22,20.1627,7.171,/aCIFMriQh8rvhxpN1IWGgvH0Tlg.jpg
undertone,movie,"[27, 9648]",The host of a popular paranormal podcast becomes haunted by terrifying recordings mysteriously sent her way.,2026-03-12,21.8848,6.035,/2PFgFMnrdCPXWiZl1PUvky7Mo9D.jpg
The Revenant,movie,"[37, 18, 12]","In the 1820s, a frontiersman, Hugh Glass, sets out on a path of vengeance against those who left him for dead after a bear mauling.",2015-12-25,25.0318,7.54,/ji3ecJphATlVgWNY0B0RVXZizdf.jpg
Ghostbusters: Afterlife,movie,"[14, 35, 12]","When single mom Callie and her two kids Trevor and Phoebe arrive in a small Oklahoma town, they begin to discover their connection to the original Ghostbusters and the secret legacy their grandfather left behind.",2021-11-18,20.0341,7.309,/sg4xJaufDiQl7caFEskBtQXfD4x.jpg
Return to Silent Hill,movie,"[27, 9648]","When James receives a mysterious letter from his lost love Mary, he is drawn to Silent Hill—a once-familiar town now consumed by darkness. As he searches for her, James faces monstrous creatures and unravels a terrifying truth that will push him to the edge of his sanity.",2026-01-21,21.513,5.396,/mdw7bSnE11WpwWf3ViXtnavuqiT.jpg
John Wick: Chapter 2,movie,"[28, 53, 80]","John Wick is forced out of retirement by a former associate looking to seize control of a shadowy international assassins’ guild. Bound by a blood oath to aid him, Wick travels to Rome and does battle against some of the world’s most dangerous killers.",2017-02-08,23.7943,7.346,/hXWBc0ioZP3cN4zCu6SN3YHXZVO.jpg
Beast,movie,"[28, 18]","MMA legend Patton James, now a commercial fisherman, is pulled back into the cage when his brother is in danger. Reuniting with his old coach Sammy, he commits to one final fight in one championship against the brutal champion Xavier Grau.",2026-04-10,19.0574,7.4,/7NrvUI3vnW8H3rD7ExKcTL7KRcQ.jpg
Hulk,movie,"[878, 12, 28, 18]","Bruce Banner, a genetics researcher with a tragic past, suffers massive radiation exposure in his laboratory that causes him to transform into a raging green monster when he gets angry.",2003-06-19,23.8571,5.598,/UllIft2jLSBaay3zQyMV4GNdfy.jpg
The Mortuary Assistant,movie,"[27, 9648]","Rebecca Owens, a recent mortuary science graduate takes a night shift job at River Fields Mortuary. Initially, the job seems straightforward — embalming bodies, completing paperwork, and keeping things tidy. But once Rebecca starts working the night shift, things take a dark turn.",2026-02-13,20.6809,5.3,/7k7hY1HqUYryPdRio0fuDMaIq4N.jpg
누나 친구 4,movie,[10749],,2024-12-16,19.1534,0.0,/zzK8AKJywLRwooQNhJOV9iR7mjA.jpg
The Hunger Games: Mockingjay - Part 1,movie,"[878, 12, 53]","After surviving the Quarter Quell, Katniss finds herself in the hidden stronghold of District 13, where the rebellion against the Capitol is gaining momentum. Struggling with the weight of becoming the symbol of resistance, she must navigate fragile alliances while trying to protect those she loves. As propaganda battles rage and Panem moves closer to full-scale war, Katniss is forced to confront the true cost of revolution.",2014-11-19,21.6121,6.816,/4FAA18ZIja70d1Tu5hr5cj2q1sB.jpg
Once Upon a Time... in Hollywood,movie,"[35, 18, 53]","Los Angeles, 1969. TV star Rick Dalton, a struggling actor specializing in westerns, and stuntman Cliff Booth, his best friend, try to survive in a constantly changing movie industry. Dalton is the neighbor of the young and promising actress and model Sharon Tate, who has just married the prestigious Polish director Roman Polanski…",2019-07-24,27.4107,7.42,/8j58iEBw9pOXFD2L0nt0ZXeHviB.jpg
Memories of Murder,movie,"[80, 18, 53]","A sadistic serial rapist and murderer of young women terrorizes a small province in 1980s South Korea. To prevent further crimes, three increasingly desperate detectives with conflicting methods race against time to unravel the violent mind of the killer in a futile effort to solve the case.",2003-04-25,24.8909,8.061,/jcgUjx1QcupGzjntTVlnQ15lHqy.jpg
Terminator Genisys,movie,"[878, 28, 53]","The year is 2029. John Connor, leader of the resistance continues the war against the machines. At the Los Angeles offensive, John's fears of the unknown future begin to emerge when TECOM spies reveal a new plot by SkyNet that will attack him from both fronts; past and future, and will ultimately change warfare forever.",2015-06-23,25.7465,5.958,/oZRVDpNtmHk8M1VYy1aeOWUXgbC.jpg
Virgin,movie,"[18, 10749]","Iris, an 18-year old virgin marries Joaquin, a rich widower, because of money. However, when he learns that Iris is not really a virgin, their honeymoon turns to a bloodbath.",2024-10-29,18.5122,6.3,/iVS3ZiPsKy8Hhc5Dipqgrjmoj2b.jpg
Clue,movie,"[35, 80, 9648]","Clue finds six colorful dinner guests gathered at the mansion of their host, Mr. Boddy -- who turns up dead after his secret is exposed: He was blackmailing all of them. With the killer among them, the guests and Boddy's chatty butler must suss out the culprit before the body count rises.",1985-12-13,17.9744,7.207,/aRxbYOYHS8T73nzR8hsLousoplR.jpg
Babygirl,movie,"[10749, 53]",A high-powered CEO puts her career and family on the line when she begins a torrid affair with her much younger intern.,2024-12-25,25.1044,5.724,/ilwO6elz3mLV9CToT7C8pjVeKX0.jpg
The Mist,movie,"[27, 878, 53]","After a violent storm, a dense cloud of mist envelops a small Maine town, trapping David Drayton and his five-year-old son in a local grocery store with other local residents. They soon discover that the mist conceals deadly horrors that threaten their lives, and worse, their sanity.",2007-11-21,20.2252,6.953,/c4UgUKZjM0Qzy5t4hAXSOFHYsnb.jpg
Nobody 2,movie,"[28, 53, 35, 80]","Former assassin Hutch Mansell takes his family on a nostalgic vacation to a small-town theme park, only to be pulled back into violence when they clash with a corrupt operator, a crooked sheriff, and a ruthless crime boss.",2025-08-13,20.1043,6.923,/svXVRoRSu6zzFtCzkRsjZS7Lqpd.jpg
King Kong,movie,"[12, 18, 28]","In 1933 New York, an overly ambitious movie producer coerces his cast and hired ship crew to travel to mysterious Skull Island, where they encounter Kong, a giant ape who is immediately smitten with the leading lady.",2005-12-12,20.9175,6.901,/6a2HY6UmD7XiDD3NokgaBAXEsD2.jpg
Spa Weekend,movie,[35],"Four lifelong friends realize that somewhere between careers, relationships, families, and everyday responsibilities, they’ve forgotten how to take care of themselves and each other. Burned out and overdue for a break, the women escape to a luxury spa retreat for an unforgettable weekend dedicated to fun, laughter, and a lot of really bad decisions.",2026-08-20,18.0353,6.696,/i3I19SbOyz6AIl0cSYdyVJRucMr.jpg
Unfaithful,movie,"[53, 18, 10749]",A New York suburban couple's marriage goes dangerously awry when the wife indulges in an adulterous fling.,2002-05-10,19.3346,6.721,/bjiHEhuiwhIygzjczbTPAA07cGc.jpg
The Simpsons Movie,movie,"[16, 35, 10751]","After Homer accidentally pollutes the town's water supply, Springfield is encased in a gigantic dome by the EPA and the Simpsons are declared fugitives.",2007-07-25,19.6651,7.023,/s3b8TZWwmkYc2KoJ5zk77qB6PzY.jpg
Mr. & Mrs. Smith,movie,"[28, 35, 18, 53]","A husband and wife struggle to keep their marriage alive until they realize they are both secretly working as assassins. Now, their respective assignments require them to kill each other.",2005-06-07,22.7487,6.693,/kjD700RtyhveN3ZbOnSvUSne0Qj.jpg
The Hobbit: The Desolation of Smaug,movie,"[14, 12, 28]","The Dwarves, Bilbo and Gandalf have successfully escaped the Misty Mountains, and Bilbo has gained the One Ring. They all continue their journey to get their gold back from the Dragon, Smaug.",2013-12-11,24.7529,7.581,/xQYiXsheRCDBA39DOrmaw1aSpbk.jpg
Cannibal Holocaust,movie,[27],A New York University professor returns from a rescue mission to the Amazon rainforest with the footage shot by a lost team of documentarians who were making a film about the area's local cannibal tribes.,1980-02-07,29.1972,6.255,/otxZzMh53TsN7yYFqSZ3rwH1yMd.jpg
The Last Samurai,movie,"[18, 28, 10752]","Nathan Algren is an American hired to instruct the Japanese army in the ways of modern warfare, which finds him learning to respect the samurai and the honorable principles that rule them. Pressed to destroy the samurai's way of life in the name of modernization and open trade, Algren decides to become an ultimate warrior himself and to fight for their right to exist.",2003-12-05,24.6344,7.612,/a8jmJPs5eZBARmnuEEvZwbjwyz4.jpg
Madagascar,movie,"[12, 16, 35, 10751]",Four animal friends get a taste of the wild life when they break out of captivity at the Central Park Zoo and wash ashore on the island of Madagascar.,2005-05-25,19.255,6.929,/zMpJY5CJKUufG9OTw0In4eAFqPX.jpg
Alien: Covenant,movie,"[27, 878]","The crew of the colony ship Covenant, bound for a remote planet on the far side of the galaxy, discovers what they think is an uncharted paradise but is actually a dark, dangerous world.",2017-05-09,22.0671,6.186,/zecMELPbU5YMQpC81Z8ImaaXuf9.jpg
Jurassic World: Fallen Kingdom,movie,"[12, 878, 53, 28]","Three years after Jurassic World was destroyed, Isla Nublar now sits abandoned. When the island's dormant volcano begins roaring to life, Owen and Claire mount a campaign to rescue the remaining dinosaurs from this extinction-level event.",2018-06-06,20.9203,6.526,/x2Us3jR6ToMJjbcPbLimYoxf6xr.jpg
Prisoners,movie,"[18, 53, 80]","After his six-year-old daughter is abducted, a desperate father takes justice into his own hands when he loses faith in the detective leading the investigation, setting both men on a collision course as the search descends into obsession and moral compromise.",2013-09-19,24.6757,8.106,/uhviyknTT5cEQXbn6vWIqfM4vGm.jpg
TRON: Ares,movie,"[878, 12, 28]","A highly sophisticated Program called Ares is sent from the digital world into the real world on a dangerous mission, marking humankind's first encounter with A.I. beings.",2025-10-08,18.021,6.46,/chpWmskl3aKm1aTZqUHRCtviwPy.jpg
Hotel Transylvania,movie,"[16, 35, 10751, 14]","Welcome to Hotel Transylvania, Dracula's lavish five-stake resort, where monsters and their families can live it up and no humans are allowed. One special weekend, Dracula has invited all his best friends to celebrate his beloved daughter Mavis's 118th birthday. For Dracula catering to all of these legendary monsters is no problem but the party really starts when one ordinary guy stumbles into the hotel and changes everything!",2012-09-20,22.9692,6.969,/eJGvzGrsfe2sqTUPv5IwLWXjVuR.jpg
The Devil's Advocate,movie,"[27, 18, 9648]","Aspiring Florida defense lawyer Kevin Lomax accepts a job at a New York law firm. With the stakes getting higher every case, Kevin quickly learns that his boss has something far more evil planned.",1997-10-17,24.2536,7.481,/5ZzBGpxy55OQzHxKVY11IpY6a0o.jpg
Batman v Superman: Dawn of Justice,movie,"[28, 12, 14]","Fearing the actions of a god-like Super Hero left unchecked, Gotham City’s own formidable, forceful vigilante takes on Metropolis’s most revered, modern-day savior, while the world wrestles with what sort of hero it really needs. And with Batman and Superman at war with one another, a new threat quickly arises, putting mankind in greater danger than it’s ever known before.",2016-03-23,20.0232,6.011,/5UsK3grJvtQrtzEgqNlDljJW96w.jpg
Charlie's Angels,movie,"[28, 35, 12]","The captivating crime-fighting trio who are masters of disguise, espionage and martial arts are back! When a devious mastermind embroils them in a plot to destroy individual privacy, the Angels, aided by their loyal sidekick Bosley, set out to bring down the bad guys. But when a terrible secret is revealed, it makes the Angels targets for assassination.",2000-11-02,20.8314,5.853,/paDTaHGLxhacythNZCT86VPanm6.jpg
Wonder Woman,movie,"[28, 12, 14]",An Amazon princess comes to the world of Man in the grips of the First World War to confront the forces of evil and bring an end to human conflict.,2017-05-30,20.0534,7.204,/v4ncgZjG2Zu8ZW5al1vIZTsSjqX.jpg
Brave,movie,"[12, 16, 10751, 14]","In the mystical Scottish Highlands, Merida is the princess of a kingdom ruled by King Fergus and Queen Elinor. An unruly daughter and an accomplished archer, Merida one day defies a sacred custom of the land and inadvertently brings turmoil to the kingdom. In an attempt to set things right, Merida seeks out an eccentric old Wise Woman and is granted an ill-fated wish. Also figuring into Merida's quest — and serving as comic relief — are the kingdom's three lords: the enormous Lord MacGuffin, the surly Lord Macintosh, and the disagreeable Lord Dingwall.",2012-06-21,22.0741,7.034,/1XAuDtMWpL0sYSFK0R6EZate2Ux.jpg
Peaky Blinders: The Immortal Man,movie,"[80, 18]","After his estranged son gets embroiled in a Nazi plot, self-exiled gangster Tommy Shelby must return to Birmingham to save his family — and his nation.",2026-03-05,20.1819,7.179,/gRMalasZEzsZi4w2VFuYusfSfqf.jpg
The Blind Side,movie,[18],"The story of Michael Oher, a homeless and traumatized boy who became an All American football player and first round NFL draft pick with the help of a caring woman and her family.",2009-11-20,18.8052,7.664,/PhpAdRopu0sOWf0BY7vVtxrRD3.jpg
28 Days Later,movie,"[27, 53, 878]","Twenty-eight days after a killer virus was accidentally unleashed from a British research facility, a small group of London survivors are caught in a desperate struggle to protect themselves from the infected. Carried by animals and humans, the virus turns those it infects into homicidal maniacs -- and it's absolutely impossible to contain.",2002-10-31,20.2763,7.246,/sQckQRt17VaWbo39GIu0TMOiszq.jpg
American Psycho,movie,"[53, 18, 80]","A wealthy New York investment banking executive hides his alternate psychopathic ego from his co-workers and friends as he escalates deeper into his illogical, gratuitous fantasies.",2000-04-13,23.3519,7.403,/9uGHEgsiUXjCNq8wdq4r49YL8A1.jpg
Kiki's Delivery Service,movie,"[16, 10751, 14]","A young witch, on her mandatory year of independent life, finds fitting into a new community difficult while she supports herself by running an air courier service.",1989-07-29,26.851,7.84,/Aufa4YdZIv4AXpR9rznwVA5SEfd.jpg
Scream VI,movie,"[27, 53, 80]","Following the latest Ghostface killings, the four survivors leave Woodsboro behind and start a fresh chapter.",2023-03-08,25.7599,6.929,/wDWwtvkRRlgTiUr6TyLSMX8FCuZ.jpg
CODA,movie,"[18, 10402, 10749]","As a CODA (Child of Deaf Adults), Ruby is the only hearing person in her deaf family. When the family's fishing business is threatened, Ruby finds herself torn between pursuing her love of music and her fear of abandoning her parents.",2021-08-13,22.216,7.88,/BzVjmm8l23rPsijLiNLUzuQtyd.jpg
The Marvels,movie,"[878, 12, 28]","When her duties send her to an anomalous wormhole linked to a Kree revolutionary, Carol's powers become entangled with that of Jersey City super-fan Kamala Khan, aka Ms. Marvel, and Carol's estranged niece, now S.A.B.E.R. astronaut Captain Monica Rambeau. Together, this unlikely trio must team up and learn to work in concert to save the universe.",2023-11-08,24.9327,5.914,/9GBhzXMFjgcZ3FdR9w3bUMMTps5.jpg
Ant-Man and the Wasp: Quantumania,movie,"[28, 12, 878]","Super-Hero partners Scott Lang and Hope van Dyne, along with with Hope's parents Janet van Dyne and Hank Pym, and Scott's daughter Cassie Lang, find themselves exploring the Quantum Realm, interacting with strange new creatures and embarking on an adventure that will push them beyond the limits of what they thought possible.",2023-02-15,25.0267,6.223,/qnqGbB22YJ7dSs4o6M7exTpNxPz.jpg
Encanto,movie,"[16, 35, 10751, 14]","The tale of an extraordinary family, the Madrigals, who live hidden in the mountains of Colombia, in a magical house, in a vibrant town, in a wondrous, charmed place called an Encanto. The magic of the Encanto has blessed every child in the family—every child except one, Mirabel. But when she discovers that the magic surrounding the Encanto is in danger, Mirabel decides that she, the only ordinary Madrigal, might just be her exceptional family's last hope.",2021-10-13,21.9134,7.565,/4j0PNHkMr5ax3IA8tjtxcmPU3QT.jpg
Fast & Furious Presents: Hobbs & Shaw,movie,"[28, 12, 35]","Ever since US Diplomatic Security Service Agent Hobbs and lawless outcast Shaw first faced off, they just have traded smack talk and body blows. But when cyber-genetically enhanced anarchist Brixton's ruthless actions threaten the future of humanity, they join forces to defeat him.",2019-07-31,20.4638,6.823,/qRyy2UmjC5ur9bDi3kpNNRCc5nc.jpg
Men in Black,movie,"[28, 12, 35, 878]","After a police chase with an otherworldly being, a New York City cop is recruited as an agent in a top-secret organization established to monitor and police alien activity on Earth: the Men in Black. Agent K and new recruit Agent J find themselves in the middle of a deadly plot by an intergalactic terrorist who has arrived on Earth to assassinate two ambassadors from opposing galaxies.",1997-07-02,17.1041,7.227,/uLOmOF5IzWoyrgIF5MfUnh5pa1X.jpg
Godzilla: King of the Monsters,movie,"[878, 28]","Follows the heroic efforts of the crypto-zoological agency Monarch as its members face off against a battery of god-sized monsters, including the mighty Godzilla, who collides with Mothra, Rodan, and his ultimate nemesis, the three-headed King Ghidorah. When these ancient super-species, thought to be mere myths, rise again, they all vie for supremacy, leaving humanity's very existence hanging in the balance.",2019-05-29,21.5958,6.685,/mzOHg7Q5q9yUmY0b9Esu8Qe6Nnm.jpg
Guardians of the Galaxy,movie,"[28, 878, 12]","Light years from Earth, 26 years after being abducted, Peter Quill finds himself the prime target of a manhunt after discovering an orb wanted by Ronan the Accuser.",2014-07-30,19.5784,7.907,/r7vmZjiyZw9rpJMQJdXpjgiCOk9.jpg
Furious 7,movie,"[28, 80, 53]",Deckard Shaw seeks revenge against Dominic Toretto and his family for his comatose brother.,2015-04-01,17.6927,7.214,/ktofZ9Htrjiy0P6LEowsDaxd3Ri.jpg
Kingdom 5: The Clash of Souls,movie,"[28, 12, 10752]","Except for the state of Qin, the six rival states join forces to form an allied army led by military adviser Riboku. The allied army then targets Qin. Meanwhile, Shin of Qin jumps into the war that will determine the fate of Qin.",2026-07-17,19.2673,8.5,/iSPPbrrkiiT2O8WkLjUL2YafEJw.jpg
Pixels,movie,"[28, 35, 878, 12, 14]",Video game experts are recruited by the military to fight 1980s-era video game characters who've attacked New York.,2015-07-16,24.4097,5.787,/d26S5EfVXLNxRXqyFy1yyl3qRq3.jpg
Cast Away,movie,"[12, 18]","Chuck Noland, a top international manager for FedEx, and Kelly, a Ph.D. student, are in love and heading towards marriage. Then Chuck's plane to Malaysia crashes at sea during a terrible storm. He's the only survivor, and finds himself marooned on a desolate island. With no way to escape, Chuck must find ways to survive in his new home.",2000-12-22,17.2143,7.667,/7lLJgKnAicAcR5UEuo8xhSMj18w.jpg
Mufasa: The Lion King,movie,"[12, 10751, 16]","Mufasa, a cub lost and alone, meets a sympathetic lion named Taka, the heir to a royal bloodline. The chance meeting sets in motion an expansive journey of a group of misfits searching for their destiny.",2024-12-18,19.0772,7.29,/jbOSUAWMGzGL1L4EaUF8K6zYFo7.jpg
Amélie,movie,"[35, 10749]","At a tiny Parisian café, the adorable yet painfully shy Amélie accidentally discovers a gift for helping others. Soon Amelie is spending her days as a matchmaker, guardian angel, and all-around do-gooder. But when she bumps into a handsome stranger, will she find the courage to become the star of her very own love story?",2001-04-25,24.0066,7.919,/nSxDa3M9aMvGVLoItzWTepQ5h5d.jpg
Sonic the Hedgehog 2,movie,"[28, 12, 10751, 35]","After settling in Green Hills, Sonic is eager to prove he has what it takes to be a true hero. His test comes when Dr. Robotnik returns, this time with a new partner, Knuckles, in search for an emerald that has the power to destroy civilizations. Sonic teams up with his own sidekick, Tails, and together they embark on a globe-trotting journey to find the emerald before it falls into the wrong hands.",2022-03-30,18.6043,7.419,/6DrHO1jr3qVrViUO6s6kFiAGM7.jpg
The Bad Guys,movie,"[28, 12, 16, 35, 80, 10751]","When the Bad Guys, a crew of criminal animals, are finally caught after years of heists and being the world’s most-wanted villains, Mr. Wolf brokers a deal to save them all from prison.",2022-03-17,18.0403,7.515,/7qop80YfuO0BwJa1uXk1DXUUEwv.jpg
The Boy and the Heron,movie,"[16, 14, 18]","While the Second World War rages, the teenage Mahito, haunted by his mother's tragic death, is relocated from Tokyo to the serene rural home of his new stepmother Natsuko, a woman who bears a striking resemblance to the boy's mother.  As he tries to adjust, this strange new world grows even stranger following the appearance of a persistent gray heron, who perplexes and bedevils Mahito, dubbing him the ""long-awaited one.""",2023-07-14,20.9157,7.385,/f4oZTcfGrVTXKTWg157AwikXqmP.jpg
Over Your Dead Body,movie,"[28, 35, 53]","A dysfunctional couple head to a remote cabin to ""reconnect"", but each has secret intentions to kill the other.",2026-03-14,21.2939,6.423,/kZCauMzAt9eMAhLMopCqnFw1Q5k.jpg
Captain America: The Winter Soldier,movie,"[28, 12, 878]","After the cataclysmic events in New York with The Avengers, Steve Rogers, aka Captain America is living quietly in Washington, D.C. and trying to adjust to the modern world. But when a S.H.I.E.L.D. colleague comes under attack, Steve becomes embroiled in a web of intrigue that threatens to put the world at risk. Joining forces with the Black Widow, Captain America struggles to expose the ever-widening conspiracy while fighting off professional assassins sent to silence him at every turn. When the full scope of the villainous plot is revealed, Captain America and the Black Widow enlist the help of a new ally, the Falcon. However, they soon find themselves up against an unexpected and formidable enemy—the Winter Soldier.",2014-03-20,20.0862,7.654,/tVFRpFw3xTedgPGqxW0AOI8Qhh0.jpg
The Secret Life of Pets 2,movie,"[16, 35, 10751, 12]","Max the terrier must cope with some major life changes when his owner gets married and has a baby. When the family takes a trip to the countryside, nervous Max has numerous run-ins with canine-intolerant cows, hostile foxes and a scary turkey. Luckily for Max, he soon catches a break when he meets Rooster, a gruff farm dog who tries to cure the lovable pooch of his neuroses.",2019-05-24,20.8609,6.948,/s9xg4V5EDKiphgIksVJ9gewBM11.jpg
Elio,movie,"[16, 12, 878, 10751, 35]","Elio, a space fanatic with an active imagination, finds himself on a cosmic misadventure where he must form new bonds with eccentric alien lifeforms, navigate a crisis of intergalactic proportions and somehow discover who he is truly meant to be.",2025-06-18,22.657,6.92,/7z8jDiTZZco9moIKpTUImFtTy7o.jpg
Madagascar: Escape 2 Africa,movie,"[12, 16, 35, 10751]","Alex, Marty, and other zoo animals find a way to escape from Madagascar when the penguins reassemble a wrecked airplane. The precariously repaired craft stays airborne just long enough to make it to the African continent. There the New Yorkers encounter members of their own species for the first time. Africa proves to be a wild place, but Alex and company wonder if it is better than their Central Park home.",2008-10-30,19.9306,6.532,/agRbLOHgN46TQO4YdKR462iR7To.jpg
Legend,movie,"[12, 14]","Set in a timeless mythical forest inhabited by fairies, goblins, unicorns and mortals, this fantastic story follows a mystical forest dweller, chosen by fate, to undertake a heroic quest. He must save the beautiful Princess  Lili and defeat the demonic Lord of Darkness, or the world will be plunged into a never-ending ice age.",1985-08-28,22.4889,6.258,/6n3PQSYpZRK5YPk2w8JEwED7AZk.jpg
Rise of the Planet of the Apes,movie,"[53, 28, 18, 878]","A highly intelligent chimpanzee named Caesar has been living a peaceful suburban life ever since he was born. But when he gets taken to a cruel primate facility, Caesar decides to revolt against those who have harmed him.",2011-08-03,21.6994,7.353,/oqA45qMyyo1TtrnVEBKxqmTPhbN.jpg
The Thing,movie,"[27, 9648, 878]",A research team in Antarctica is hunted by a shape-shifting alien that assumes the appearance of its victims.,1982-06-25,23.0452,8.073,/tzGY49kseSE9QAKk47uuDGwnSCu.jpg
The Dreamers,movie,"[18, 10749]","When Isabelle and Theo invite Matthew to stay with them, what begins as a casual friendship ripens into a sensual voyage of discovery and desire in which nothing is off limits and everything is possible.",2003-10-10,20.7456,7.179,/gBb7GGaFYPu7nEUYvC8G4LaJJN1.jpg
Jack Reacher,movie,"[80, 18, 53, 28]","One morning in an ordinary town, five people are shot dead in a seemingly random attack. All evidence points to a single suspect: an ex-military sniper who is quickly brought into custody. The interrogation yields one written note: 'Get Jack Reacher!'. Reacher, an enigmatic ex-Army investigator, believes the authorities have the right man but agrees to help the sniper's defense attorney. However, the more Reacher delves into the case, the less clear-cut it appears. So begins an extraordinary chase for the truth, pitting Jack Reacher against an unexpected enemy, with a skill for violence and a secret to keep.",2012-12-20,18.5745,6.677,/uQBbjrLVsUibWxNDGA4Czzo8lwz.jpg
9 Songs,movie,"[18, 10402, 10749]","Matt, a young glaciologist, soars across the vast, silent, icebound immensities of the South Pole as he recalls his love affair with Lisa. They meet at a mobbed rock concert in a vast music hall - London's Brixton Academy. They are in bed at night's end. Together, over a period of several months, they pursue a mutual sexual passion whose inevitable stages unfold in counterpoint to nine live-concert songs.",2004-07-16,19.7499,5.539,/91O7z0vo7MiNWd5xD2BoivwbQsb.jpg
I Am Legend,movie,"[18, 878, 53]","Robert Neville is a scientist who was unable to stop the spread of the terrible virus that was incurable and man-made. Immune, Neville is now the last human survivor in what is left of New York City and perhaps the world. For three years, Neville has faithfully sent out daily radio messages, desperate to find any other survivors who might be out there. But he is not alone.",2007-12-12,20.5936,7.223,/iPDkaSdKk2jRLTM65UOEoKtsIZ8.jpg
THE RIBBON HERO,movie,"[16, 14, 18, 28]","When the monstrous Nergal devastates her kingdom, Princess Sapphire reawakens as the Ribbon Hero and fights to save her new home from the same dark fate.",2026-08-07,19.3044,6.31,/nUCkV0iODxbULZQ5vRN1sDjPrpk.jpg
Cruella,movie,"[35, 80, 18]","In 1970s London amidst the punk rock revolution, a young grifter named Estella is determined to make a name for herself with her designs. She befriends a pair of young thieves who appreciate her appetite for mischief, and together they are able to build a life for themselves on the London streets. One day, Estella’s flair for fashion catches the eye of the Baroness von Hellman, a fashion legend who is devastatingly chic and terrifyingly haute. But their relationship sets in motion a course of events and revelations that will cause Estella to embrace her wicked side and become the raucous, fashionable and revenge-bent Cruella.",2021-05-26,19.5672,7.967,/hjS9mH8KvRiGHgjk6VUZH7OT0Ng.jpg
Halloween,movie,"[27, 53]","Fifteen years after murdering his sister on Halloween Night 1963, Michael Myers escapes from a mental hospital and returns to the small town of Haddonfield, Illinois to kill again.",1978-10-24,19.3508,7.557,/wijlZ3HaYMvlDTPqJoTCWKFkCPU.jpg
Divergent,movie,"[28, 12, 878]","In a world divided into factions based on personality types, Tris learns that she's been classified as Divergent and won't fit in. When she discovers a plot to destroy Divergents, Tris and the mysterious Four must find out what makes Divergents dangerous before it's too late.",2014-03-14,16.6172,6.9,/aNh4Q3iuPKDMPi2SL7GgOpiLukX.jpg
Turning Red,movie,"[16, 10751, 35, 14]","Thirteen-year-old Mei is experiencing the awkwardness of being a teenager with a twist – when she gets too excited, she transforms into a giant red panda.",2022-03-10,19.2081,7.3,/qsdjk9oAKSQMWs0Vt5Pyfh6O4GZ.jpg
The Parent Trap,movie,"[35, 10751, 10749]","Hallie Parker and Annie James are identical twins who were separated at a young age due to their parents' divorce. Unbeknownst to their parents, the girls are sent to the same summer camp, where they meet, discover the truth about their relationship, and come up with a plan to switch places in an effort to reunite their mother and father.",1998-07-28,22.0794,7.216,/p4dGmi8u9W0HHyVXcgWPoiFfKTF.jpg
Scream,movie,"[80, 27, 9648]","A year after the murder of her mother, a teenage girl is terrorized by a masked killer who targets her and her friends by using scary movies as part of a deadly game.",1996-12-20,19.6381,7.432,/lr9ZIrmuwVmZhpZuTCW8D9g0ZJe.jpg
Puss in Boots,movie,"[28, 12, 16, 35, 10751]","Long before he even met Shrek, the notorious fighter, lover and outlaw Puss in Boots becomes a hero when he sets off on an adventure with the tough and street smart Kitty Softpaws and the mastermind Humpty Dumpty to save his town. This is the true story of The Cat, The Myth, The Legend... The Boots.",2011-10-27,21.1502,6.617,/7a5Jzjr9TmffGy76y1SZhn3sCiz.jpg
Pirates of the Caribbean: Dead Men Tell No Tales,movie,"[12, 28, 14]","Thrust into an all-new adventure, a down-on-his-luck Capt. Jack Sparrow feels the winds of ill-fortune blowing even more strongly when deadly ghost sailors led by his old nemesis, the evil Capt. Salazar, escape from the Devil's Triangle. Jack's only hope of survival lies in seeking out the legendary Trident of Poseidon, but to find it, he must forge an uneasy alliance with a brilliant and beautiful astronomer and a headstrong young man in the British navy.",2017-05-23,18.6141,6.664,/6lAPOAFYFWIO3SQRemEY2wInQMC.jpg
A Quiet Place,movie,"[27, 18, 878]",A family is forced to live in silence while hiding from creatures that hunt by sound.,2018-04-03,26.8223,7.395,/nAU74GmpUk7t5iklEp3bufwDq4n.jpg
Aliens,movie,"[28, 53, 878]","Ripley, the sole survivor of the Nostromo's deadly encounter with the monstrous Alien, returns to Earth after drifting through space in hypersleep for 57 years. Although her story is initially met with skepticism, she agrees to accompany a team of Colonial Marines back to LV-426.",1986-07-18,21.5762,7.966,/r1x5JGpyqZU8PYhbs4UcrO1Xb6x.jpg
Event Horizon,movie,"[27, 878, 9648]","In 2047, a group of astronauts are sent to investigate and salvage the starship Event Horizon which disappeared mysteriously seven years before on its maiden voyage. However, it soon becomes evident that something sinister resides in its corridors.",1997-08-15,25.9125,6.593,/qfluaDXv0cIdLwgQWzNB2piHL2q.jpg
Anaconda,movie,"[12, 35, 27]","A group of friends facing mid-life crises head to the rainforest with the intention of remaking their favorite movie from their youth, only to find themselves in a fight for their lives against natural disasters, giant snakes and violent criminals.",2025-12-24,19.9631,5.811,/hBxN6dwrANN1ic3a4G9x6JZcR3C.jpg
Ready or Not,movie,"[27, 35]",A young bride's wedding night turns into her worst nightmare when her ridiculously rich in-laws force her to play a gruesome game of hide-and-seek.,2019-08-21,20.726,7.096,/oJD9KQFoObZmxAS1je56SIFVNJt.jpg
Melancoly Baby,movie,"[10749, 18]","Olga is married to Laurent, who is devoted to his career and often leaves Olga at home alone when he travels away for work.  Whilst she is rich and wants for nothing, she is terribly bored with life.  When Laurent is working away she meets up with his colleague Pierre and through him meets Claude, who is unemployed and fed up of his situation.  Can Olga and Claude help each other to get their lives back on track?",1979-08-29,16.6637,6.333,/uArNywm0DsF9pts3v8QXS9iZ5Yy.jpg
John Wick,movie,"[28, 53]",Ex-hitman John Wick comes out of retirement to track down the gangsters that took everything from him.,2014-10-16,19.2953,7.463,/wXqWR7dHncNRbxoEGybEy7QTe9h.jpg
Akira,movie,"[16, 878, 28]",A secret military project endangers Neo-Tokyo when it turns a biker gang member into a rampaging psychic psychopath that only two teenagers and a group of psychics can stop.,1988-06-10,19.8945,7.94,/neZ0ykEsPqxamsX6o5QNUFILQrz.jpg
Companion,movie,"[27, 878, 53]","During a weekend getaway at a secluded lakeside estate, a group of friends finds themselves entangled in a web of secrets, deception, and advanced technology. As tensions rise and loyalties are tested, they uncover unsettling truths about themselves and the world around them.",2025-01-22,18.3952,7.003,/oCoTgC3UyWGfyQ9thE10ulWR7bn.jpg
The Da Vinci Code,movie,"[53, 9648]","A murder in Paris’ Louvre Museum and cryptic clues in some of Leonardo da Vinci’s most famous paintings lead to the discovery of a religious mystery. For 2,000 years a secret society closely guards information that — should it come to light — could rock the very foundations of Christianity.",2006-05-17,21.4542,6.734,/9ejKfNk0LBhSI9AahH4f9NJNZNM.jpg
Gladiator II,movie,"[28, 12, 18]","Years after witnessing the death of the revered hero Maximus at the hands of his uncle, Lucius is forced to enter the Colosseum after his home is conquered by the tyrannical Emperors who now lead Rome with an iron fist. With rage in his heart and the future of the Empire at stake, Lucius must look to his past to find strength and honor to return the glory of Rome to its people.",2024-11-13,20.6516,6.598,/2cxhvwyEwRlysAmRH4iodkvo0z5.jpg
Captain America: The First Avenger,movie,"[28, 12, 878]","During World War II, Steve Rogers is a sickly man from Brooklyn who's transformed into super-soldier Captain America to aid in the war effort. Rogers must stop the Red Skull – Adolf Hitler's ruthless head of weaponry, and the leader of an organization that intends to use a mysterious device of untold powers for world domination.",2011-07-22,19.6776,7.01,/vSNxAJTlD0r02V9sPYpOjqDZXUK.jpg
Five Nights at Freddy's,movie,"[27, 53]","Recently fired and desperate for work, a troubled young man named Mike agrees to take a position as a night security guard at an abandoned theme restaurant: Freddy Fazbear's Pizzeria. But he soon discovers that nothing at Freddy's is what it seems.",2023-10-25,17.6466,7.28,/7BpNtNfxuocYEVREzVMO75hso1l.jpg
The Grand Budapest Hotel,movie,"[35, 18]","The Grand Budapest Hotel tells of a legendary concierge at a famous European hotel between the wars and his friendship with a young employee who becomes his trusted protégé. The story involves the theft and recovery of a priceless Renaissance painting, the battle for an enormous family fortune and the slow and then sudden upheavals that transformed Europe during the first half of the 20th century.",2014-02-26,22.1709,8.025,/eWdyYQreja6JGCzqHWXpWHDrrPo.jpg
Saw,movie,"[27, 9648, 80]","Two men wake up to find themselves shackled in a grimy, abandoned bathroom. As they struggle to comprehend their predicament, they discover a disturbing tape left behind by the sadistic mastermind known as Jigsaw. With a chilling voice and cryptic instructions, Jigsaw informs them that they must partake in a gruesome game in order to secure their freedom.",2004-10-01,18.1686,7.427,/rLNSOudrayDBo1uqXjrhxcjODIC.jpg
The Menu,movie,"[35, 27]","A young couple travels to a remote island to eat at an exclusive restaurant where the chef has prepared a lavish menu, with some shocking surprises.",2022-11-17,19.5209,7.182,/fPtUgMcLIboqlTlPrq0bQpKK8eq.jpg
The SpongeBob SquarePants Movie,movie,"[12, 16, 35, 10751, 14]","There's trouble brewing in Bikini Bottom. Someone has stolen King Neptune's crown, and it looks like Mr. Krab, SpongeBob's boss, is the culprit. Though he's just been passed over for the promotion of his dreams, SpongeBob stands by his boss, and along with his best pal Patrick, sets out on a treacherous mission to Shell City to reclaim the crown and save Mr. Krab's life.",2004-11-19,18.9114,7.104,/1rvzKV1d18EbDVaEd4VDzK3cgnY.jpg
The Stain,movie,"[27, 53, 10749]","When Malee, a young woman with a dark past, is drawn by fate to an apartment where she must confront haunting memories from her childhood, she encounters Pran, a botanist, a tea blending master, and the founder of a Thai floral tea brand.",2026-02-26,15.9513,4.7,/vPxVvwMduxySggqEyHpwQNtjbx6.jpg
Vixen!,movie,[18],"In a Canadian mountain resort, Vixen Palmer resides with her naive pilot husband Tom. While he's away flying in tourists, she sleeps with practically everybody including a husband and his wife, and even her biker brother. However, the only one she won't bed is her brother's friend... who is Black.",1968-10-15,23.7241,5.523,/9KMZWDA3xTrlgrScqdMisINQmsh.jpg
A Bug's Life,movie,"[12, 16, 35, 10751]","On behalf of ""oppressed bugs everywhere,"" an inventive ant named Flik hires a troupe of warrior bugs to defend his bustling colony from a horde of freeloading grasshoppers led by the evil-minded Hopper.",1998-11-25,19.3964,6.982,/Ah3J9OJVc2CNCuH2zMydXy9fmIC.jpg
The Sixth Sense,movie,"[9648, 53, 18]","Following an unexpected tragedy, child psychologist Malcolm Crowe meets a nine year old boy named Cole Sear, who is hiding a dark secret.",1999-08-06,20.7982,7.954,/vOyfUXNFSnaTk7Vk5AjpsKTUWsu.jpg
Wreck-It Ralph,movie,"[10751, 16, 35, 12]","Wreck-It Ralph is the 9-foot-tall, 643-pound villain of an arcade video game named Fix-It Felix Jr., in which the game's titular hero fixes buildings that Ralph destroys. Wanting to prove he can be a good guy and not just a villain, Ralph escapes his game and lands in Hero's Duty, a first-person shooter where he helps the game's hero battle against alien invaders. He later enters Sugar Rush, a kart racing game set on tracks made of candies, cookies and other sweets. There, Ralph meets Vanellope von Schweetz who has learned that her game is faced with a dire threat that could affect the entire arcade, and one that Ralph may have inadvertently started.",2012-11-01,19.8646,7.361,/nrEupcBwf4O1zihCM34NoXusZDq.jpg
Once Upon a Time in the West,movie,"[18, 37]","As the railroad builders advance unstoppably through the Arizona desert on their way to the sea, Jill arrives in the small town of Flagstone with the intention of starting a new life.",1968-12-21,16.9453,8.268,/qbYgqOczabWNn2XKwgMtVrntD6P.jpg
Transformers: Age of Extinction,movie,"[878, 28, 12]","As humanity picks up the pieces after the battle of Chicago, a shadowy group reveals itself in an attempt to control the direction of history…while an ancient, powerful new menace sets Earth in its crosshairs. With help from Cade Yeager, Optimus Prime and the Autobots rise to meet their most fearsome challenge yet.",2014-06-25,19.3503,5.972,/jyzrfx2WaeY60kYZpPYepSjGz4S.jpg
Total Recall,movie,"[28, 12, 878]","Construction worker Douglas Quaid's obsession with the planet Mars leads him to visit Rekall, a virtual vacation company that manufactures memories. When something goes wrong during Quaid's memory implant procedure, his life turns upside down, leading him to question what is reality and what isn't.",1990-06-01,20.9166,7.328,/wVbeL6fkbTKSmNfalj4VoAUUqJv.jpg
Irreversible,movie,"[18, 53, 80]",A woman’s lover and her ex-boyfriend take justice into their own hands after she becomes the victim of a rapist. Because some acts can’t be undone. Because man is an animal. Because the desire for vengeance is a natural impulse. Because most crimes remain unpunished.,2002-05-22,18.5461,7.17,/rxeDxo8FvZpLu6iplNpxdtAVnfu.jpg
Your Fault: London,movie,"[10749, 18]","Nick and Noah are both embarking on life-changing adventures that are threatening to pull them apart—Nick in business with his father and Noah starting a fresh chapter at Oxford University. Now living separate lives, and meeting new people, they find themselves entangled in temptations, rivalries, and betrayals and their bond is tested like never before. As secrets unravel and temptation rises, they must fight to hold onto each other—or risk losing everything.",2026-06-17,17.6267,7.474,/nLxu237EJAisFCYKK48hN9Plobx.jpg
JUJUTSU KAISEN: Execution,movie,"[16, 28, 14]","A veil abruptly descends over the busy Shibuya area amid the bustling Halloween crowds, trapping countless civilians inside. Satoru Gojo, the strongest jujutsu sorcerer, steps into the chaos. But lying in wait are curse users and spirits scheming to seal him away. Yuji Itadori, accompanied by his classmates and other top-tier jujutsu sorcerers, enters the fray in an unprecedented clash of curses — the Shibuya Incident. In the aftermath, ten colonies across Japan are transformed into dens of curses in a plan orchestrated by Noritoshi Kamo. As the deadly Culling Game starts, Special Grade sorcerer Yuta Okkotsu is assigned to carry out Yuji's execution for his perceived crimes. A compilation movie of Shibuya Incident including the first two episodes of the Culling Games arc.",2025-11-07,18.7025,6.1,/v0s3dx6am0RzfsuK3KdEy8ZoCDs.jpg
Maleficent,movie,"[14, 12, 28, 10751, 10749]","A beautiful, pure-hearted young woman, Maleficent has an idyllic life growing up in a peaceable forest kingdom, until one day when an invading army threatens the harmony of the land. She rises to be the land's fiercest protector, but she ultimately suffers a ruthless betrayal – an act that begins to turn her heart into stone. Bent on revenge, Maleficent faces an epic battle with the invading King's successor and, as a result, places a curse upon his newborn infant Aurora. As the child grows, Maleficent realizes that Aurora holds the key to peace in the kingdom – and to Maleficent's true happiness as well.",2014-05-28,18.6261,7.09,/ik8PugpL41s137RAWEGTAWu0dPo.jpg
Sin City: A Dame to Kill For,movie,"[28, 80, 53]",Some of Sin City's most hard-boiled citizens cross paths with a few of its more reviled inhabitants.,2014-08-20,16.924,6.402,/50kALxDX4mmzIRljbNbPY0u4cie.jpg
The Nun,movie,[27],A priest with a dark past and a novice nearing her final vows are sent by the Vatican to Romania to investigate a nun's death and face a demonic force.,2018-09-05,20.4122,5.908,/sFC1ElvoKGdHJIWRpNB3xWJ9lJA.jpg
Terminator: Dark Fate,movie,"[878, 28, 12, 53]","Decades after Sarah Connor prevented Judgment Day, a lethal new Terminator is sent to eliminate the future leader of the resistance. In a fight to save mankind, battle-hardened Sarah Connor teams up with an unexpected ally and an enhanced super soldier to stop the deadliest Terminator yet.",2019-10-23,17.2392,6.421,/vqzNJRH4YyquRiWxCCOH0aXggHI.jpg
Exchange Wife 2,movie,"[10749, 18]","Kyeong-soo, an art dealer who specializes in painting, goes to evaluate the requested painting and accidentally damages it. Chang-in, the owner of the painting, suggests one thing from Kyung-soo, who was at a loss.",2023-02-03,18.021,6.0,/9ZzZUuMNoCRdPpNrSKYZSvRzc5w.jpg
Practical Magic 2,movie,"[10749, 14, 35]",The Owens sisters must confront the dark curse that threatens to unravel their family once and for all.,2026-09-09,19.6741,0.0,/2lSf1aoZA6UpTEBxVGqnJ7QayIP.jpg
My Neighbor Totoro,movie,"[14, 16, 10751]","Two sisters move to the country with their father in order to be closer to their hospitalized mother, and discover the surrounding trees are inhabited by Totoros, magical spirits of the forest. When the youngest runs away from home, the older sister seeks help from the spirits to find her.",1988-04-16,17.2039,8.067,/rtGDOeG9LzoerkDGZF9dnVeLppL.jpg
Girls Like Girls,movie,"[10749, 18]","After her mother's passing, 17-year-old Coley navigates new feelings of intimacy with Sonya in rural Oregon, where both girls must overcome their mutual uncertainties and self-doubt to embrace their connection.",2026-06-18,23.4833,7.5,/gbP30EOIwUW0HZY9BwQMTRrk8uX.jpg
Dungeons & Dragons: Honor Among Thieves,movie,"[12, 14, 35]","A charming thief and a band of unlikely adventurers undertake an epic heist to retrieve a lost relic, but things go dangerously awry when they run afoul of the wrong people.",2023-03-23,20.7315,7.357,/v7UF7ypAqjsFZFdjksjQ7IUpXdn.jpg
Monsters vs Aliens,movie,"[16, 10751, 12, 878]","When Susan Murphy is unwittingly clobbered by a meteor full of outer space gunk on her wedding day, she mysteriously grows to 49-feet-11-inches. The military jumps into action and captures Susan, secreting her away to a covert government compound. She is renamed Ginormica and placed in confinement with a ragtag group of Monsters...",2009-03-19,15.4259,6.265,/hpHarddVj34j53T7NsoUGdKj4mP.jpg
The Matrix Resurrections,movie,"[878, 28, 12]","Plagued by strange memories, Neo's life takes an unexpected turn when he finds himself back inside the Matrix.",2021-12-16,20.9092,6.309,/8c4a8kE7PizaGQQnditMmI1xbRp.jpg
Lilo & Stitch,movie,"[16, 10751, 35, 878]","As Stitch, a runaway genetic experiment from a faraway planet, wreaks havoc on the Hawaiian Islands, he becomes the mischievous adopted alien ""puppy"" of an independent little girl named Lilo and learns about loyalty, friendship, and ʻohana, the Hawaiian tradition of family.",2002-06-21,19.6915,7.559,/cFuLvQJPoZpuruAtN3rVnMmLIH8.jpg
Wifelike,movie,"[878, 9648, 53]","A grieving detective in the near-future hunts down criminals who trade artificial humans on the black market. In the fight to end AI exploitation, an underground resistance attempts to infiltrate him by sabotaging the programming of the artificial human assigned as his companion to behave like his late wife. She begins to question her reality as memories of a past life begin to surface in a world where nothing is as it seems.",2022-08-12,17.8849,6.592,/tea2gDZPxw0wfKC2S2VRWHagtt4.jpg
Black Swan,movie,"[18, 53, 27]","A committed dancer struggles to maintain her sanity after winning the lead role in a production of Tchaikovsky's ""Swan Lake.""",2010-12-03,24.8964,7.684,/viWheBd44bouiLCHgNMvahLThqx.jpg
Baby Driver,movie,"[28, 80]","After being coerced into working for a crime boss, a young getaway driver finds himself taking part in a heist doomed to fail.",2017-06-28,18.8732,7.444,/tYzFuYXmT8LOYASlFCkaPiAFAl0.jpg
Birdman or (The Unexpected Virtue of Ignorance),movie,"[18, 35]","A fading actor best known for his portrayal of a popular superhero attempts to mount a comeback by appearing in a Broadway play. As opening night approaches, his attempts to become more altruistic, rebuild his career, and reconnect with friends and family prove more difficult than expected.",2014-10-17,21.352,7.436,/rHUg2AuIuLSIYMYFgavVwqt1jtc.jpg
Meg 2: The Trench,movie,"[28, 878, 27]",An exploratory dive into the deepest depths of the ocean of a daring research team spirals into chaos when a malevolent mining operation threatens their mission and forces them into a high-stakes battle for survival.,2023-08-02,18.0603,6.366,/4m1Au3YkjqsxF8iwQy0fPYSxE0h.jpg
Mission: Impossible II,movie,"[12, 28, 53]","With computer genius Luther Stickell at his side and a beautiful thief on his mind, agent Ethan Hunt races across Australia and Spain to stop a former IMF agent from unleashing a genetically engineered biological weapon called Chimera. This mission, should Hunt choose to accept it, plunges him into the center of an international crisis of terrifying magnitude.",2000-05-24,20.5964,6.138,/hfnrual76gPeNFduhD4xzHWpfTw.jpg
The Little Mermaid,movie,"[16, 10751, 14]",This colorful adventure tells the story of an impetuous mermaid princess named Ariel who falls in love with the very human Prince Eric and puts everything on the line for the chance to be with him. Memorable songs and characters -- including the villainous sea witch Ursula.,1989-11-17,18.6867,7.353,/plcZXvI310FkbwIptvd6rqk63LP.jpg
Fuze,movie,"[28, 80, 53]",An unexploded WWII bomb is discovered on a busy construction site in the centre of London. Chaos ensues as the military and police begin a mass evacuation against a ticking clock.,2026-03-23,17.1602,7.258,/oMFdQE5hMJ9JjhNORegwTo0GKmh.jpg
Nobody,movie,"[28, 53]","Hutch Mansell, a suburban dad, overlooked husband, nothing neighbor — a ""nobody."" When two thieves break into his home one night, Hutch's unknown long-simmering rage is ignited and propels him on a brutal path that will uncover dark secrets he fought to leave behind.",2021-03-18,17.6762,7.865,/oBgWY00bEFeZ9N25wWVyuQddbAo.jpg
Jack Reacher: Never Go Back,movie,"[28, 53, 18, 80]","Years after resigning command of an elite military police unit, the nomadic, righter-of-wrongs Reacher is drawn back into the life he left behind when his friend and successor, Major Susan Turner is framed for espionage. Reacher will stop at nothing to prove her innocence and to expose the real perpetrators behind the killings of his former soldiers.",2016-10-19,18.8419,6.032,/cOg3UT2NYWHZxp41vpxAnVCOC4M.jpg
Jack Reacher: Never Go Back,movie,"[28, 53, 18, 80]","Years after resigning command of an elite military police unit, the nomadic, righter-of-wrongs Reacher is drawn back into the life he left behind when his friend and successor, Major Susan Turner is framed for espionage. Reacher will stop at nothing to prove her innocence and to expose the real perpetrators behind the killings of his former soldiers.",2016-10-19,18.8419,6.032,/cOg3UT2NYWHZxp41vpxAnVCOC4M.jpg
Edge of Tomorrow,movie,"[28, 878]","Major Bill Cage is an officer who has never seen a day of combat when he is unceremoniously demoted and dropped into combat. Cage is killed within minutes, managing to take an alpha alien down with him. He awakens back at the beginning of the same day and is forced to fight and die again... and again - as physical contact with the alien has thrown him into a time loop.",2014-05-27,21.1915,7.642,/nBM9MMa2WCwvMG4IJ3eiGUdbPe6.jpg
Kingsman: The Golden Circle,movie,"[28, 12, 35, 80, 878]","When an attack on the Kingsman headquarters takes place and a new villain rises, Eggsy and Merlin are forced to work together with the American agency known as the Statesman to save the world.",2017-09-20,20.189,6.942,/34xBL6BXNYFqtHO9zhcgoakS4aP.jpg
The Hunger Games: Catching Fire,movie,"[12, 28, 878]","After surviving the Hunger Games, Katniss and Peeta struggle with the consequences of their victory as unrest spreads across Panem. Forced back into the spotlight, they become symbols of hope and resistance while the Capitol prepares a new and deadly challenge that will change the future of the nation forever.",2013-11-15,21.4451,7.425,/vrQHDXjVmbYzadOXQ0UaObunoy2.jpg
American Gangster,movie,"[18, 80]","Loosely based on the criminal career of Frank Lucas, a gangster from La Grange, North Carolina, who smuggled heroin into the United States on American service planes returning from the Vietnam War, before being detained by a task force led by Newark Detective Richie Roberts.",2007-11-02,20.9976,7.594,/sX9idXDqRUxE5ffww3n3RV5gL55.jpg
Greenland,movie,"[53, 28, 878]","John Garrity, his estranged wife and their young son embark on a perilous journey to find sanctuary as a planet-killing comet hurtles toward Earth. Amid terrifying accounts of cities getting levelled, the Garritys experience the best and worst in humanity. As the countdown to the global apocalypse approaches zero, their incredible trek culminates in a desperate and last-minute flight to a possible safe haven.",2020-07-29,21.4964,7.123,/bNo2mcvSwIvnx8K6y1euAc1TLVq.jpg
There Will Be Blood,movie,[18],"Ruthless silver miner, turned oil prospector, Daniel Plainview, moves to oil-rich California. Using his son to project a trustworthy, family-man image, Plainview cons local landowners into selling him their valuable properties for a pittance. However, local preacher Eli Sunday suspects Plainview's motives and intentions, starting a slow-burning feud that threatens both their lives.",2007-12-26,20.0589,8.064,/fa0RDkAlCec0STeMNAhPaF89q6U.jpg
Basic Instinct,movie,"[53, 9648]","Catherine, a novelist with an insatiable sexual appetite, becomes a prime suspect when her boyfriend is brutally murdered -- a crime she had described in her latest story.",1992-03-20,18.2937,6.946,/76Ts0yoHk8kVQj9MMnoMixhRWoh.jpg
Cinderella,movie,"[10751, 14, 16, 10749]","Cinderella has faith her dreams of a better life will come true. With help from her loyal mice friends and a wave of her Fairy Godmother's wand, Cinderella's rags are magically turned into a glorious gown and off she goes to the Royal Ball. But when the clock strikes midnight, the spell is broken, leaving a single glass slipper... the only key to the ultimate fairy-tale ending!",1950-02-22,23.5857,7.052,/4nssBcQUBadCTBjrAkX46mVEKts.jpg
Adultery Alumni Association 2,movie,"[18, 10749]","Hye Jin, Hee Kyung, and Han Hee who are among the high school alumni. They met at the alumni meeting and heard that the male alumni who did not have a chance to study during their school days were greatly successful as an investment company. And after seeing the settlement a few days later, I am happy to share my memories, but in fact, their purpose (?) Is separate. They are difficult to afford, and they want to get help from Zhengzhou. Since then, Zhengzhou has been enjoying the love of female alumni.",2019-02-18,17.0908,4.7,/wJHAEuL4ObSAp33T2iADrti0fAM.jpg
Braveheart,movie,"[28, 18, 36, 10752]","Enraged at the slaughter of Murron, his new bride and childhood love, Scottish warrior William Wallace slays a platoon of the local English lord's soldiers. This leads the village to revolt and, eventually, the entire country to rise up against English rule.",1995-05-24,18.5109,7.945,/or1gBugydmjToAEq7OZY0owwFk.jpg
A Quiet Place Part II,movie,"[878, 53, 27]","Following the events at home, the Abbott family now face the terrors of the outside world. Forced to venture into the unknown, they realize that the creatures that hunt by sound are not the only threats that lurk beyond the sand path.",2021-05-21,22.9254,7.428,/4q2hz2m8hubgvijz8Ez0T2Os2Yv.jpg
Apocalypto,movie,"[28, 18, 36]","Set in the Mayan civilization, when a man's idyllic presence is brutally disrupted by a violent invading force, he is taken on a perilous journey to a world ruled by fear and oppression where a harrowing end awaits him. Through a twist of fate and spurred by the power of his love for his woman and his family he will make a desperate break to return home and to ultimately save his way of life.",2006-12-07,23.1496,7.662,/cRY25Q32kDNPFDkFkxAs6bgCq3L.jpg
Her,movie,"[10749, 878, 18]","In the not so distant future, Theodore, a lonely writer, purchases a newly developed operating system designed to meet the user's every need. To Theodore's surprise, a romantic relationship develops between him and his operating system. This unconventional love story blends science fiction and romance in a sweet tale that explores the nature of love and the ways that technology isolates and connects us all.",2013-12-18,20.0934,7.836,/eCOtqtfvn7mxGl6nfmq4b1exJRc.jpg
The Godfather Part III,movie,"[80, 18, 53]","In the midst of trying to legitimize his business dealings in 1979 New York and Italy, aging mafia don, Michael Corleone seeks forgiveness for his sins while taking a young protege under his wing.",1990-12-25,19.405,7.419,/lm3pQ2QoQ16pextRsmnUbG2onES.jpg
Anyone but You,movie,"[10749, 35]","After an amazing first date, Bea and Ben’s fiery attraction turns ice cold — until they find themselves unexpectedly reunited at a destination wedding in Australia. So they do what any two mature adults would do: pretend to be a couple.",2023-12-21,17.3109,6.755,/5qHoazZiaLe7oFBok7XlUhg96f2.jpg
Oldboy,movie,"[53, 9648]","With no clue how he came to be imprisoned, drugged and tortured for 15 years, a desperate man seeks revenge on his captors.",2003-11-21,21.589,8.235,/pWDtjs568ZfOTMbURQBYuT4Qxka.jpg
Play Dirty,movie,"[80, 28, 53]","Expert thief Parker gets a shot at a major heist, but to pull it off he and his team must outsmart a South American dictator, the New York mob, and the world's richest man.",2025-09-30,17.5837,6.596,/ovZ0zq0NwRghtWI1oLaM0lWuoEw.jpg
Green Lantern,movie,"[12, 28, 878]","For centuries, a small but powerful force of warriors called the Green Lantern Corps has sworn to keep intergalactic order. Each Green Lantern wears a ring that grants him superpowers. But when a new enemy called Parallax threatens to destroy the balance of power in the Universe, their fate and the fate of Earth lie in the hands of the first human ever recruited.",2011-06-14,18.0815,5.189,/fj21HwUprqjjwTdkKC1XZurRSpV.jpg
Solo Leveling -ReAwakening-,movie,"[28, 12, 14, 16]","Over a decade after 'gates' connecting worlds appeared, awakening 'hunters' with superpowers, weakest hunter Sung Jinwoo encounters a double dungeon and accepts a mysterious quest, becoming the only one able to level up, changing his fate. A catch-up recap of the first season coupled with an exclusive sneak peek of the first two episodes of the highly anticipated second season in one momentous theatrical fan experience.",2024-11-26,14.8463,7.163,/uzHMp5heVLR68kbbUEXFPsmxYsM.jpg
Una storia ambigua,movie,[35],"Countess Anna Guerrieri, a rich and provocative noblewoman, marries Romano, an important fascist who is very loyal to the party. Sadly his sexual performance is found very lacking by the Countess, and so frustrated, she decides to look elsewhere for satisfaction and ends up setting her sights on Stefano, a naive and inexperienced young nephew undergraduate who has recently arrived from the provinces.",1986-05-15,16.8127,4.375,/xYlgfHR6QwaPvtIa3hyA69MN5Rd.jpg
Pan's Labyrinth,movie,"[14, 18, 10752]","In post–civil war Spain, 10-year-old Ofelia moves with her pregnant mother to live under the control of her cruel stepfather. Drawn into a mysterious labyrinth, she meets a faun who reveals that she may be a lost princess from an underground kingdom. To return to her true father, she must complete a series of surreal and perilous tasks that blur the line between reality and fantasy.",2006-10-11,26.823,7.768,/z7xXihu5wHuSMWymq5VAulPVuvg.jpg
Enola Holmes 3,movie,"[12, 80, 9648]","Adventure follows detective Enola Holmes to Malta, where her plans to tie the knot unravel when Sherlock's disappearance plunges her into a perilous case.",2026-06-30,16.9338,6.766,/7kRYHH9H9PjBFwz1FprbHB2AAjI.jpg
Ford v Ferrari,movie,"[18, 36, 28]","American car designer Carroll Shelby and the British-born driver Ken Miles work together to battle corporate interference, the laws of physics, and their own personal demons to build a revolutionary race car for Ford Motor Company and take on the dominating race cars of Enzo Ferrari at the 24 Hours of Le Mans in France in 1966.",2019-11-13,19.3252,8.006,/dR1Ju50iudrOh3YgfwkAU1g2HZe.jpg
The Little Mermaid,movie,"[12, 10751, 14, 10749]","The youngest of King Triton’s daughters, and the most defiant, Ariel longs to find out more about the world beyond the sea, and while visiting the surface, falls for the dashing Prince Eric. With mermaids forbidden to interact with humans, Ariel makes a deal with the evil sea witch, Ursula, which gives her a chance to experience life on land, but ultimately places her life – and her father’s crown – in jeopardy.",2023-05-18,20.0999,6.252,/ym1dxyOk4jFcSl4Q2zmRrA5BEEN.jpg
Independence Day,movie,"[28, 12, 878]","Strange phenomena surface around the globe. The skies ignite. Terror races through the world's major cities. As these extraordinary events unfold, it becomes increasingly clear that a force of incredible magnitude has arrived. Its mission: total annihilation over the Fourth of July weekend. The last hope to stop the destruction is an unlikely group of people united by fate and unimaginable circumstances.",1996-07-02,22.9565,6.916,/p0BPQGSPoSa8Ml0DAf2mB2kCU0R.jpg
Nando Between Two Worlds - A Sintonia Film,movie,"[80, 53, 18]","Caught between family life and his obligations to the criminal underworld, Nando faces an impossible choice about where his true loyalties lie.",2026-08-12,15.2553,6.159,/lP558W6RgDYaQvs9GKNGPUhVOLU.jpg
Girl in the Basement,movie,"[53, 80, 10770]","Sara is a teen girl who is looking forward to her 18th birthday to move away from her controlling father Don. But before she could even blow out the candles, Don imprisons her in the basement of their home.",2021-02-27,18.6626,7.572,/tPP9n6r5QrIKPnshnJqE7klptj2.jpg
The Evil Dead,movie,[27],"In 1979, a group of college students find a Sumerian Book of the Dead in an old wilderness cabin they've rented for a weekend getaway.",1982-05-25,20.0156,7.264,/54C1qdaiSijIU5NeNb4WsPJdNkG.jpg
Star Wars: The Rise of Skywalker,movie,"[12, 28, 878]","The surviving Resistance faces the First Order once again as the journey of Rey, Finn and Poe Dameron continues. With the power and knowledge of generations behind them, the final battle begins.",2019-12-18,17.7249,6.25,/db32LaOibwEliAmSL2jjDF6oDdj.jpg
Rocky,movie,[18],"Rocky Balboa is a Philadelphia club fighter who seems to be going nowhere. But when a stroke of fate puts him in the ring with a world heavyweight champion, Rocky knows that it's his one shot at the big time — a once-in-a-lifetime opportunity to go the distance and come out a winner!",1976-12-03,20.6267,7.801,/xSI0dbKLDETwhiVUy6hGE8KXUln.jpg
Good Boy,movie,"[53, 18, 9648]","Tommy, a volatile 19-year-old, revels in drugs, parties and violence. After getting separated from his friends on a drunken bender, he is abducted by a shadowy figure. He wakes to find himself imprisoned in the basement of a remote Yorkshire house, inhabited by a very strange family. But what unfolds is not what he could possibly expect.",2026-03-05,16.711,7.301,/eWb841fMkSNly5gfL9J1N0xzVYI.jpg
David,movie,"[16, 10751, 18, 36, 12]","From the songs of his mother’s heart to the whispers of a faithful God, David’s story begins in quiet devotion. When the giant Goliath rises to terrorize a nation, a young shepherd armed with only a sling, a few stones, and unshakable faith steps forward. Pursued by power and driven by purpose, his journey tests the limits of loyalty, love, and courage—culminating in a battle not just for a crown, but for the soul of a kingdom.",2025-12-14,16.9885,8.1,/bESlrLOrsQ9gKzaGQGHXKOyIUtX.jpg
Primate,movie,"[27, 53]","College student Lucy and her friends spend their vacation at her family's home in Hawaii, which includes her pet chimpanzee, Ben. However, when Ben contracts rabies after being bitten by a rabid animal, the group must fight for their lives in order to avoid the now-violent chimp.",2026-01-01,17.85,6.506,/rKleYiEj4pFqxedTRWfujLooi84.jpg
Possible Love,movie,[18],A laid-off worker and his wife cross paths with a documentary filmmaker and her spouse and confront their hidden desires.,2026-09-23,16.9766,0.0,/dLz9yHeLw4x4sD0WTSNi7HuK2ke.jpg
Pretty Woman,movie,"[10749, 35]","Vivian is a carefree, streetwise diamond in the rough when she meets sophisticated billionaire Edward in a chance encounter that turns into a week-long business arrangement. But Vivian's energetic spirit challenges Edward's no-nonsense approach to life, and soon they are teaching each other – and falling in love!",1990-03-23,16.9612,7.443,/hVHUfT801LQATGd26VPzhorIYza.jpg
I Swear,movie,"[18, 36]","Diagnosed with Tourette Syndrome at 15, John Davidson navigates his way against the odds through troubled teenage years and into adulthood, finding inspiration in the kindness of others to discover his true purpose in life.",2025-09-22,20.5821,8.238,/vUwyhNWBKkSwK8ELvEeBRwV724h.jpg
The Greatest Showman,movie,[18],"The story of American showman P.T. Barnum, founder of the circus that became the famous traveling Ringling Bros. and Barnum & Bailey Circus.",2017-12-20,19.4691,7.9,/b9CeobiihCx1uG1tpw8hXmpi7nm.jpg
Atonement,movie,"[18, 10749]",A young girl irrevocably changes the course of several lives when she accuses her older sister's lover of a crime he did not commit.,2007-02-27,16.955,7.633,/hMRIyBjPzxaSXWM06se3OcNjIQa.jpg
Demon Slayer -Kimetsu no Yaiba- The Movie: Mugen Train,movie,"[16, 28, 14]","Tanjiro Kamado, joined with Inosuke Hashibira, a boy raised by boars who wears a boar's head, and Zenitsu Agatsuma, a scared boy who reveals his true power when he sleeps, boards the Infinity Train on a new mission with the Fire Hashira, Kyojuro Rengoku, to defeat a demon who has been tormenting the people and killing the demon slayers who oppose it!",2020-10-16,20.5477,8.227,/h8Rb9gBr48ODIwYUttZNYeMWeUU.jpg
The Phoenician Scheme,movie,"[35, 12, 80]","Wealthy businessman Zsa-zsa Korda appoints his only daughter, a nun, as sole heir to his estate. As Korda embarks on a new enterprise, they soon become the target of scheming tycoons, foreign terrorists, and determined assassins.",2025-05-23,16.2686,6.518,/u2jxeYLXTYfu0bqJmnLGIgZswib.jpg
Law Abiding Citizen,movie,"[18, 80, 53]",A frustrated man decides to take justice into his own hands after a plea bargain sets one of his family's killers free. He targets not only the killer but also the district attorney and others involved in the deal.,2009-10-15,17.291,7.397,/fcEXcip7v0O1ndV4VUdFqJSqbOg.jpg
The Matrix Reloaded,movie,"[12, 28, 53, 878]","The Resistance builds in numbers as humans are freed from the Matrix and brought to the city of Zion. Neo discovers his superpowers, including the ability to see the code inside the Matrix. With machine sentinels digging to Zion in 72 hours, Neo, Morpheus and Trinity must find the Keymaker to ultimately reach the Source.",2003-05-15,19.4641,7.086,/aA5qHS0FbSXO8PxcxUIHbDrJyuh.jpg
X,movie,[27],"In 1979, a group of young filmmakers set out to make an adult film in rural Texas, but when their reclusive, elderly hosts catch them in the act, the cast find themselves fighting for their lives.",2022-03-17,20.802,6.708,/lopZSVtXzhFY603E9OqF7O1YKsh.jpg
I Know Who You Are,movie,"[36, 18]","On 1949 October 1, the day of the founding ceremony of the People's Republic of China, Xiao Dali enters the city and is reorganized as the director of the public security police station. He finds that primary school teacher Feng Jingbo is full of doubts. With the high vigilance of a soldier and the sense of responsibility of a public security official, Dali insists on partnering with Feng and becomes his neighbor. He then spends his whole life carrying out a nearly four-decade pursuit without regrets.",2026-06-19,22.3341,7.2,/ozQe6oNmGHvwk2zdCQilMikUTBZ.jpg
The Long Walk,movie,"[878, 53, 27]","In a dystopian 1970s America, fifty teenage boys take part in a deadly annual walking contest, forced to maintain a minimum pace or be executed, until only one survivor remains.",2025-09-10,20.3293,6.868,/wobVTa99eW0ht6c1rNNzLkazPtR.jpg
Night at the Museum: Secret of the Tomb,movie,"[12, 35, 14, 10751]","When the magic powers of The Tablet of Ahkmenrah begin to die out, Larry Daley spans the globe, uniting favorite and new characters while embarking on an epic quest to save the magic before it is gone forever.",2014-12-17,13.958,6.229,/xwgy305K6qDs3D20xUO4OZu1HPY.jpg
The Empire Strikes Back,movie,"[12, 28, 878]","The epic saga continues as Luke Skywalker, in hopes of defeating the evil Galactic Empire, learns the ways of the Jedi from aging master Yoda. But Darth Vader is more determined than ever to capture Luke. Meanwhile, rebel leader Princess Leia, cocky Han Solo, Chewbacca, and droids C-3PO and R2-D2 are thrown into various stages of capture, betrayal and despair.",1980-05-20,17.4435,8.393,/nNAeTmF4CtdSgMDplXTDPOpYzsX.jpg
Room in Rome,movie,"[18, 10749]","A hotel room in the center of Rome serves as the setting for Alba and Natasha, two sexy and recently acquainted women, to have a physical adventure that touches their very souls.",2010-05-07,19.1475,6.41,/w90ItYf9qagQKVEBr1uFxPomAtf.jpg
Justice League,movie,"[28, 12, 878]","Fuelled by his restored faith in humanity and inspired by Superman's selfless act, Bruce Wayne and Diana Prince assemble a team of metahumans consisting of Barry Allen, Arthur Curry and Victor Stone to face the catastrophic threat of Steppenwolf and the Parademons who are on the hunt for three Mother Boxes on Earth.",2017-11-15,17.8902,6.069,/eifGNCSDuxJeS1loAXil5bIGgvC.jpg
David,movie,"[16, 10751, 18, 36, 12]","From the songs of his mother’s heart to the whispers of a faithful God, David’s story begins in quiet devotion. When the giant Goliath rises to terrorize a nation, a young shepherd armed with only a sling, a few stones, and unshakable faith steps forward. Pursued by power and driven by purpose, his journey tests the limits of loyalty, love, and courage—culminating in a battle not just for a crown, but for the soul of a kingdom.",2025-12-14,16.9885,8.0,/bESlrLOrsQ9gKzaGQGHXKOyIUtX.jpg
Fargo,movie,"[80, 18, 53]","Jerry, a small-town Minnesota car salesman is bursting at the seams with debt... but he's got a plan. He's going to hire two thugs to kidnap his wife in a scheme to collect a hefty ransom from his wealthy father-in-law. It's going to be a snap and nobody's going to get hurt... until people start dying. Enter Police Chief Marge, a coffee-drinking, parka-wearing - and extremely pregnant - investigator who'll stop at nothing to get her man. And if you think her small-time investigative skills will give the crooks a run for their ransom... you betcha!",1996-03-08,19.4909,7.85,/rt7cpEr1uP6RTZykBFhBTcRaKvG.jpg
"Snoopy Presents: There's No Place Like Home, Snoopy",movie,"[16, 10751]","When Snoopy's beloved doghouse goes missing, he tries to track it down, and learns what makes a house feel like home.",2026-07-30,16.8155,8.446,/YbC4SlzE030BgxWdKDdlatMh5W.jpg
Madagascar 3: Europe's Most Wanted,movie,"[16, 10751, 35, 12]","Animal pals Alex, Marty, Melman, and Gloria are still trying to make it back to New York's Central Park Zoo. They are forced to take a detour to Europe to find the penguins and chimps who broke the bank at a Monte Carlo casino. When French animal-control officer Capitaine Chantel DuBois picks up their scent, Alex and company are forced to hide out in a traveling circus.",2012-06-06,17.2813,6.647,/ekraj4ksvIKeuvQVEevEJkuybZd.jpg
The Beloved,movie,[18],"The acclaimed film director Esteban Martínez is a legend both for his films and for his past marked by violence and excess. For his new project, he offers his daughter Emilia a role under the pretext of helping her with her stalled acting career. Living together on set will foster a closeness they haven’t shared for years, but it will also reopen old wounds that never healed.",2026-05-16,16.6148,6.873,/whk02IOeEHz8KCYZGm3fF92zg0v.jpg
Shazam! Fury of the Gods,movie,"[35, 28, 14]","Billy Batson and his foster siblings, who transform into superheroes by saying ""Shazam!"", are forced to get back into action and fight the Daughters of Atlas, who they must stop from using a weapon that could destroy the world.",2023-03-15,16.3138,6.4,/3GrRgt6CiLIUXUtoktcv1g2iwT5.jpg
Casino Royale,movie,"[12, 28, 53]","Le Chiffre, a banker to the world's terrorists, is scheduled to participate in a high-stakes poker game in Montenegro, where he intends to use his winnings to establish his financial grip on the terrorist market. M sends Bond—on his maiden mission as a 00 Agent—to attend this game and prevent Le Chiffre from winning. With the help of Vesper Lynd and Felix Leiter, Bond enters the most important poker game in his already dangerous career.",2006-11-14,27.7109,7.576,/lMrxYKKhd4lqRzwUHAy5gcx9PSO.jpg
Rush Hour,movie,"[28, 35, 80]","When Hong Kong Inspector Lee is summoned to Los Angeles to investigate a kidnapping, the FBI doesn't want any outside help and assigns cocky LAPD Detective James Carter to distract Lee from the case. Not content to watch the action from the sidelines, Lee and Carter form an unlikely partnership and investigate the case themselves.",1998-09-18,19.3495,7.084,/nwPhAsfnb7f46bZkWLG7IRP5HXr.jpg
(500) Days of Summer,movie,"[35, 18, 10749]","Tom, greeting-card writer and hopeless romantic, is caught completely off-guard when his girlfriend, Summer, suddenly dumps him. He reflects on their 500 days together to try to figure out where their love affair went sour, and in doing so, Tom rediscovers his true passions in life.",2009-07-17,22.028,7.304,/qXAuQ9hF30sQRsXf40OfRVl0MJZ.jpg
Civil War,movie,"[10752, 28, 18]","In the near future, a group of war journalists attempt to survive while reporting the truth as the United States stands on the brink of civil war.",2024-04-10,22.9754,6.847,/sh7Rg8Er3tFcN9BpKIPOMvALgZd.jpg
PAW Patrol: The Movie,movie,"[28, 12, 16, 35, 10751]",Ryder and the pups are called to Adventure City to stop Mayor Humdinger from turning the bustling metropolis into a state of chaos.,2021-08-09,20.2416,7.3,/jXavWyam2VPR6bOhLwwuP3K2Hw4.jpg
Shrek Forever After,movie,"[35, 12, 14, 16, 10751]","A midlife-crisis burdened Shrek, longing for the days of when he felt like a real ogre, makes a pact with magic deal-maker Rumpelstiltskin. But when he's duped and sent to a twisted version of Far Far Away—where Rumpelstiltskin is king, ogres are hunted, and he and Fiona have never met—he sets out to restore his world and reclaim his true love.",2010-05-16,20.0155,6.413,/6HrfPZtKcGmX2tUWW3cnciZTaSD.jpg
Minions,movie,"[10751, 16, 12, 35]","Minions Stuart, Kevin and Bob are recruited by Scarlet Overkill, a super-villain who, alongside her inventor husband Herb, hatches a plot to take over the world.",2015-06-17,18.861,6.424,/dr02BdCNAUPVU07aOodwPYv6HCf.jpg
Bullet Train,movie,"[28, 35, 53]","Unlucky assassin Ladybug is determined to do his job peacefully after one too many gigs gone off the rails. Fate, however, may have other plans, as Ladybug's latest mission puts him on a collision course with lethal adversaries from around the globe—all with connected, yet conflicting, objectives—on the world's fastest train.",2022-08-03,18.5931,7.409,/j8szC8OgrejDQjjMKSVXyaAjw3V.jpg
Dilwale Dulhania Le Jayenge,movie,"[35, 18, 10749]","Raj is a rich, carefree, happy-go-lucky second generation NRI. Simran is the daughter of Chaudhary Baldev Singh, who in spite of being an NRI is very strict about adherence to Indian values. Simran has left for India to be married to her childhood fiancé. Raj leaves for India with a mission at his hands, to claim his lady love under the noses of her whole family. Thus begins a saga.",1995-10-20,14.3307,8.504,/lfRkUr7DYdHldAqi3PwdQGBRBPM.jpg
Pokémon Detective Pikachu,movie,"[28, 12, 14]","In a world where people collect pocket-size monsters (Pokémon) to do battle, a boy comes across an intelligent monster who seeks to be a detective.",2019-05-03,19.7726,6.898,/uhWvnFgg3BNlcUz0Re1HfQqIcCD.jpg
The Garfield Movie,movie,"[12, 16, 35, 10751]","Garfield, the world-famous, Monday-hating, lasagna-loving indoor cat, is about to have a wild outdoor adventure! After an unexpected reunion with his long-lost father – scruffy street cat Vic – Garfield and his canine friend Odie are forced from their perfectly pampered life into joining Vic in a hilarious, high-stakes heist.",2024-04-30,18.4927,6.954,/p6AbOJvMQhBmffd0PIv0u8ghWeY.jpg
Love Me Love Me,movie,"[10749, 18]","After her brother's death, June moves to Milan for a fresh start, finding comfort in Will, the perfect honor student at her new international school. But when his troubled best friend James—hiding a dangerous life in clandestine MMA fights—sparks a rivalry that quickly turns into irresistible attraction, June must choose between safety and a love that upends everything she thought she wanted.",2026-02-12,18.3332,6.107,/jfwHKRHRE2X4NTexdzblaioHH51.jpg
Ghostbusters,movie,"[35, 14]","After losing their university jobs, three parapsychologists start a ghost-catching business in New York City and uncover a supernatural threat that could destroy the world.",1984-06-08,19.8365,7.498,/7E8nLijS9AwwUEPu2oFYOVKhdFA.jpg
Back to the Future Part II,movie,"[12, 35, 878]","Marty and Doc are at it again as the time-traveling duo head to 2015 to nip some McFly family woes in the bud. But things go awry thanks to bully Biff Tannen and a pesky sports almanac. In a last-ditch attempt to set things straight, Marty finds himself bound for 1955 and face to face with his teenage parents -- again.",1989-11-22,18.8338,7.784,/hQq8xZe5uLjFzSBt4LanNP7SQjl.jpg
Migration,movie,"[10751, 35, 12, 16]","After a migrating duck family alights on their pond with thrilling tales of far-flung places, the Mallard family embarks on a family road trip, from New England, to New York City, to tropical Jamaica.",2023-12-06,19.2848,7.359,/ldfCF9RhR40mppkzmftxapaHeTo.jpg
Drive,movie,"[18, 53, 80]","Driver is a skilled Hollywood stuntman who moonlights as a getaway driver for criminals. Though he projects an icy exterior, lately he's been warming up to a pretty neighbor named Irene and her young son, Benicio. When Irene's husband gets out of jail, he enlists Driver's help in a million-dollar heist. The job goes horribly wrong, and Driver must risk his life to protect Irene and Benicio from the vengeful masterminds behind the robbery.",2011-09-15,17.5989,7.583,/602vevIURmpDfzbnv5Ubi6wIkQm.jpg
Mission: Impossible - Rogue Nation,movie,"[28, 12]","Ethan and team take on their most impossible mission yet—eradicating 'The Syndicate', an International and highly-skilled rogue organization committed to destroying the IMF.",2015-07-28,20.1178,7.224,/fRJLXQBHK2wyznK5yZbO7vmsuVK.jpg
Once Upon a Time in the Middle East,movie,"[18, 10752]","Xu Fu travels to the Middle East to work as a chef in a Chinese restaurant to pay off family debts, where he meets floor manager Ma Junsheng. Their Dragon Restaurant rises to fame, attracting crowds with authentic‑tasting Chinese food. But war breaks out, and local conditions take a drastic turn for the worse. No one can remain unaffected. What lies ahead for them? And how will the Dragon Restaurant hold on amid the war?",2026-08-08,23.3098,9.174,/wAuGgXjA7GV8NrKfmUKl2AP8vqG.jpg
Ice Road: Vengeance,movie,"[28, 53, 18]","Big rig ice road driver Mike McCann travels to Nepal to scatter his late brother’s ashes on Mt. Everest. While on a packed tour bus traversing the deadly 12,000 ft. terrain of the infamous Road to the Sky, McCann and his mountain guide encounter a group of mercenaries and must fight to save themselves, the busload of innocent travelers, and the local villagers’ homeland.",2025-06-27,15.3647,6.249,/cQN9rZj06rXMVkk76UF1DfBAico.jpg
Lenin,movie,"[28, 18, 10749]","In a village trapped by generations of bloodshed, a determined young man dares to challenge the traditions fueling an endless cycle of violence.",2026-07-10,14.4432,6.167,/rAHQviBq8Fxi20hNtHPGLnr4L0f.jpg
The Usual Suspects,movie,"[18, 80, 53]","Held in an L.A. interrogation room, Verbal Kint attempts to convince the feds that a mythic crime lord, Keyser Soze, not only exists, but was also responsible for drawing him and his four partners into a multi-million dollar heist that ended with an explosion in San Pedro harbor – leaving few survivors. Verbal lures his interrogators with an incredible story of the crime lord's almost supernatural prowess.",1995-07-19,19.3947,8.165,/99X2SgyFunJFXGAYnDv3sb9pnUD.jpg
No Other Choice,movie,"[35, 80, 53]","After being laid off and humiliated by a ruthless job market, a veteran paper mill manager descends into violence in a desperate bid to reclaim his dignity.",2025-09-24,14.8241,7.517,/vc2S0dvgpsM0XfSiXZDMVkRCSSU.jpg
The Lion King,movie,"[12, 18, 10751, 16]","Simba idolizes his father, King Mufasa, and takes to heart his own royal destiny. But not everyone in the kingdom celebrates the new cub's arrival. Scar, Mufasa's brother—and former heir to the throne—has plans of his own. The battle for Pride Rock is ravaged with betrayal, tragedy and drama, ultimately resulting in Simba's exile. With help from a curious pair of newfound friends, Simba will have to figure out how to grow up and take back what is rightfully his.",2019-07-12,22.2348,7.092,/dzBtMocZuJbjLOXvrl4zGYigDzh.jpg
Taken,movie,"[28, 53]","Bryan Mills, a former government operative, is trying to reconnect with his teenage daughter Kim. After reluctantly agreeing with his ex-wife to let Kim go to Paris on vacation with a friend, his worst nightmare comes true. While on the phone with his daughter shortly after she arrives in Paris, she and her friend are abducted by a gang of human traffickers. Working against the clock, Bryan relies on his extensive training and skills to track down the ruthless gang that abducted her and launch a one-man war to rescue his daughter.",2008-02-18,18.1394,7.409,/ognkaUSNgJe1a2pjB4UNdzEo5jT.jpg
Zombieland,movie,"[35, 27]","Columbus has made a habit of running from what scares him. Tallahassee doesn't have fears. If he did, he'd kick their ever-living ass. In a world overrun by zombies, these two are perfectly evolved survivors. But now, they're about to stare down the most terrifying prospect of all: each other.",2009-10-02,17.6527,7.261,/dUkAmAyPVqubSBNRjRqCgHggZcK.jpg
That Time I Got Reincarnated as a Slime the Movie: Tears of the Azure Sea,movie,"[16, 14, 12, 35]","After concluding the opening ceremony of the Demon Kingdom Federation Tempest, Rimuru and his companions are invited by the Celestial Emperor Hermesia of the great elven nation – the Magi Dynasty Salion – to visit her private resort island. As the group enjoys their brief vacation, a mysterious woman named Yura appears. A new incident unfolds against the backdrop of the boundless azure sea.",2026-02-27,18.1661,8.182,/oblkRIWuKTF46CsnLhBiE7Otn3z.jpg
Storm on Sesame Street,movie,"[10751, 16]","In the Storm on Sesame Street special, Elmo and his friends work together to get ready for a big storm, learning how to be prepared, have courage, and calm their bodies and minds when things feel scary. After the storm passes, Sesame Street looks different, and everyone pitches in to help their neighbors rebuild their homes. With the help of the neighborhood, including celebrity guests Post Malone and Michelle Buteau, Elmo and Abby set out to make a difference, and discover that small acts of kindness, and support from friends, can make the biggest difference of all.",2026-08-03,15.9679,5.9,/w4GrHRGgRQOYG95f2oVLYzGJ4Md.jpg
The Proposal,movie,"[35, 10749, 18]","When she learns she's in danger of losing her visa status and being deported, overbearing book editor Margaret Tate forces her put-upon assistant, Andrew Paxton, to marry her.",2009-06-02,19.2547,7.178,/6stnAm1wSek8ZrislwK4xGTyCnt.jpg
American Beauty,movie,[18],"Lester Burnham, a depressed suburban father in a mid-life crisis, decides to turn his hectic life around after developing an infatuation with his daughter's attractive friend.",1999-09-15,17.6073,8.0,/wby9315QzVKdW9BonAefg8jGTTb.jpg
Stop! That! Train!,movie,"[28, 35]","Best friends and train stewardesses Tess and DeeDee trade their dreary shifts on the Stank Rail for the glitzy Glamazonian Express. However, when a catastrophic Stormaganza threatens to crash the high-speed train into Celebration, Florida, the duo in coach must join forces with the snobby first-class attendants, a hot but dimwitted co-conductor, and fabulous US President Judy Gagwell to save the day.",2026-06-12,15.3565,5.2,/7t69fo096Ddre1fEmCitxTdQ89v.jpg
The Lego Batman Movie,movie,"[16, 28, 35, 10751]","A cooler-than-ever Bruce Wayne must deal with the usual suspects as they plan to rule Gotham City, while discovering that he has accidentally adopted a teenage orphan who wishes to become his sidekick.",2017-02-08,17.3213,7.259,/e1TliRWOdXQ73pRunbpFiGst6Kd.jpg
Percy Jackson & the Olympians: The Lightning Thief,movie,"[12, 14, 10751]","Accident prone teenager, Percy discovers he's actually a demi-God, the son of Poseidon, and he is needed when Zeus' lightning is stolen. Percy must master his new found skills in order to prevent a war between the Gods that could devastate the entire world.",2010-02-01,14.8354,6.215,/brzpTyZ5bnM7s53C1KSk1TmrMO6.jpg
Kung Fu Panda 4,movie,"[28, 12, 16, 35, 10751, 14]","Po is gearing up to become the spiritual leader of his Valley of Peace, but also needs someone to take his place as Dragon Warrior. As such, he will train a new kung fu practitioner for the spot and will encounter a villain called the Chameleon who conjures villains from the past.",2024-03-02,19.1709,7.0,/kDp1vUBnMpe8ak4rjgl3cLELqjU.jpg
The Ministry of Ungentlemanly Warfare,movie,"[28, 35, 10752]","During World War II, the British Army assigns a group of competent soldiers to carry out a mission against the Nazi forces behind enemy lines... A true story about a secret British WWII organization — the Special Operations Executive. Founded by Winston Churchill, their irregular warfare against the Germans helped to change the course of the war, and gave birth to modern black operations.",2024-04-18,23.1703,6.997,/8aF0iAKH9MJMYAZdi0Slg77RYa2.jpg
War for the Planet of the Apes,movie,"[18, 878, 10752]","Caesar and his apes are forced into a deadly conflict with an army of humans led by a ruthless Colonel. After the apes suffer unimaginable losses, Caesar wrestles with his darker instincts and begins his own mythic quest to avenge his kind. As the journey finally brings them face to face, Caesar and the Colonel are pitted against each other in an epic battle that will determine the fate of both their species and the future of the planet.",2017-07-11,19.0118,7.225,/3vYhLLxrTtZLysXtIWktmd57Snv.jpg
Superbad,movie,[35],Two co-dependent high school seniors are forced to deal with separation anxiety after their plan to stage a booze-soaked party goes awry.,2007-08-17,26.124,7.3,/ek8e8txUyUwd2BNqj6lFEerJfbq.jpg
Dreamchild,movie,"[18, 10749]","François and Noémie run a sawmill in the mountains not far from the Swiss border. François has taken over his family's business, making him the fourth generation. He dreams of having a child. After years of failed fertility assistance, they give up on having a baby of their own and turn to adoption. But then François meets Patricia, new to the neighborhood. They begin a passionate affair. Soon after, Patricia gets pregnant.",2020-10-07,19.392,5.6,/mdLNmqIehGximKCHZre65hCcYxb.jpg
G.I. Joe: The Rise of Cobra,movie,"[12, 28, 53, 878]","From the Egyptian desert to deep below the polar ice caps, the elite G.I. JOE team uses the latest in next-generation spy and military equipment to fight the corrupt arms dealer Destro and the growing threat of the mysterious Cobra organization to prevent them from plunging the world into chaos.",2009-08-03,19.3193,5.783,/mc9b25IAprHfsaOz0wTshOwGHcY.jpg
母女汽车中心,movie,[10749],"Yeon Ja, a working mother, runs a car center after divorce and is raising her daughter all by herself. Her daughter, Ah Jung, started helping her when she became an adult, however, the customers don't trust weak-looking women to touch machines and the business at the car center is slow. Thanks to Ah Jung's punk boyfriend, Sung Hoon, they came up with an idea to turn the car center into a sexy car center.",2021-01-01,20.5011,4.0,/saca8CL9kk22AS5BfMbwSYgMvdp.jpg
Perfect Blue,movie,"[16, 53]","Rising pop star Mima Kirigoe quits singing to pursue a career as an actress. After she takes up a role on a popular detective show, her handlers and collaborators begin turning up murdered. Harboring feelings of guilt and haunted by visions of her former self, Mima's reality and fantasy meld into a frenzied paranoia.",1998-02-28,15.8929,8.3,/6WTiOCfDPP8XV4jqfloiVWf7KHq.jpg
The Intern,movie,[35],"70-year-old widower Ben Whittaker has discovered that retirement isn't all it's cracked up to be. Seizing an opportunity to get back in the game, he becomes a senior intern at an online fashion site, founded and run by Jules Ostin.",2015-09-23,15.2116,7.226,/u7o3TwUgukRzTIyPwdMVdqmMRMD.jpg
How to Train Your Dragon: The Hidden World,movie,"[16, 10751, 12]","As Hiccup fulfills his dream of creating a peaceful dragon utopia, Toothless’ discovery of an untamed, elusive mate draws the Night Fury away. When danger mounts at home and Hiccup’s reign as village chief is tested, both dragon and rider must make impossible decisions to save their kind.",2019-01-03,21.8146,7.751,/xvx4Yhf0DVH8G4LzNISpMfFBDy2.jpg
Heads of State,movie,"[28, 53, 35]","The UK Prime Minister and US President have a public rivalry that risks their countries' alliance. But when they become targets of a powerful enemy, they're forced to rely on each other as they go on a wild, multinational run. Allied with Noel, a brilliant MI6 agent, they must find a way to thwart a conspiracy that threatens the free world.",2025-06-24,15.2183,6.811,/lVgE5oLzf7ABmzyASEVcjYyHI41.jpg
Kung Fu Panda 2,movie,"[16, 10751, 35, 28]","Po is finally living the dream as the Dragon Warrior—until a shadow from his past comes roaring back. When the ruthless peacock Lord Shen unleashes a devastating new weapon used to wipe out kung fu masters across the land, Po and the Furious Five race across China to put an end to his plans. But if Po is to have any hope of stopping him, he must first confront the truth of his origins—and find inner peace before his past tears him apart.",2011-05-25,21.4219,7.1,/mtqqD00vB4PGRt20gWtGqFhrkd0.jpg
Kung Fu Panda 2,movie,"[16, 10751, 35, 28]","Po is finally living the dream as the Dragon Warrior—until a shadow from his past comes roaring back. When the ruthless peacock Lord Shen unleashes a devastating new weapon used to wipe out kung fu masters across the land, Po and the Furious Five race across China to put an end to his plans. But if Po is to have any hope of stopping him, he must first confront the truth of his origins—and find inner peace before his past tears him apart.",2011-05-25,21.4219,7.084,/mtqqD00vB4PGRt20gWtGqFhrkd0.jpg
Hamnet,movie,"[18, 10749]","The powerful story of love and loss that inspired the creation of Shakespeare's timeless masterpiece, Hamlet.",2025-11-26,20.5037,7.7,/vbeyOZm2bvBXcbgPD3v6o94epPX.jpg
The Legend of Hei 2,movie,"[16, 14, 28, 12]","When an attack shatters the fragile peace between the spirit world and humanity, Hei teams up with Luye, the last disciple of his Shifu Wuxian, to expose a conspiracy that threatens both realms - and the bond they've sworn to protect.",2025-07-18,14.7287,8.976,/dRCUBiTKtsmju3fmSS4MK0ywcqR.jpg
Eternity,movie,"[10749, 35, 18]","In an afterlife where souls have one week to decide where to spend eternity, Joan is faced with the impossible choice between the man she spent her life with and her first love, who died young and has waited decades for her to arrive.",2025-11-10,18.1091,7.082,/yiwGcjfDKXD5PqQnyKUU9kspWQQ.jpg
How to Lose a Guy in 10 Days,movie,"[35, 10749]","It's the battle of wills, as Andie needs to prove she can dump a guy in 10 days, whereas Ben needs to prove he can win a girl in 10 days. Now, the clock is ticking—and the wildly entertaining comedy smash is off and running in this irresistible tale of sex, lies and outrageous romantic fireworks!",2003-02-07,16.6806,6.868,/2dlftyPz7mTYbrsPvTogyFmYd7d.jpg
Kung Fu Hustle,movie,"[28, 35, 80, 14]","It's the 1940s, and the notorious Axe Gang terrorizes Shanghai. Small-time criminals Sing and Bone hope to join, but they only manage to make lots of very dangerous enemies. Fortunately for them, kung fu masters and hidden strength can be found in unlikely places. Now they just have to take on the entire Axe Gang.",2004-02-10,16.0624,7.516,/exbyTbrvRUDKN2mcNEuVor4VFQW.jpg
Back to the Future Part III,movie,"[12, 35, 878]","The final installment finds Marty digging the trusty DeLorean out of a mineshaft and looking for Doc in the Wild West of 1885. But when their time machine breaks down, the travelers are stranded in a land of spurs. More problems arise when Doc falls for pretty schoolteacher Clara Clayton, and Marty tangles with Buford Tannen.",1990-05-25,22.8473,7.496,/crzoVQnMzIrRfHtQw0tLBirNfVg.jpg
Check-In,movie,[18],"VMX hottest star Aliya Raymundo teams up with sexy siren Anya Austria as two receptionists in a cheap motel. Their quiet routine heats up with the arrival of a mysterious regular guest who begins to stir tension, desire, and conflict in their fragile relationship.",2026-05-01,17.0619,6.2,/r7tXZoO3rfkOpYQPCXftwugwny9.jpg
Ghostbusters: Frozen Empire,movie,"[14, 12, 35]","The Spengler family returns to where it all started - the iconic New York City firehouse - to team up with the original Ghostbusters, who've developed a top-secret research lab to take busting ghosts to the next level. But when the discovery of an ancient artifact unleashes an evil force, Ghostbusters new and old must join forces to protect their home and save the world from a second Ice Age.",2024-03-20,18.5442,6.442,/e1J2oNzSBdou01sUvriVuoYp0pJ.jpg
Infiltrate,movie,"[28, 53]","In a city overrun by crime, government Agent Lily Chen is forced to choose between her duty and her family when her husband is kidnapped, and she’s blackmailed into assassinating high-level criminals to save him. As she delves deeper into the criminal underworld, Lily’s relentless pursuit of justice unravels a web of corruption, leading to a final, life-altering decision that will change her world forever.",2026-07-09,15.5878,10.0,/8Cw8GF9wG63kF8pRRXwOx2kXGt.jpg
Helena,movie,[18],"Helena, the only hilot in a small town who secretly has affairs with her patients' husbands. After a pregnant patient dies upon discovering Helena's affair with her own husband, the enraged townsfolk turn against her.",2026-07-03,15.1051,4.0,/mcPq30k75P3kXQDF66NutDyEh64.jpg
The Twilight Saga: New Moon,movie,"[12, 14, 18, 10749]","Forks, Washington resident Bella Swan is reeling from the departure of her vampire love, Edward Cullen, and finds comfort in her friendship with Jacob Black, a werewolf. But before she knows it, she's thrust into a centuries-old conflict, and her desire to be with Edward at any cost leads her to take greater and greater risks.",2009-11-18,17.5237,5.986,/k2qTooPlHffgNABNWxeJdGMglPK.jpg
Now You See Me,movie,"[53, 80]",An FBI agent and an Interpol detective track a team of illusionists who pull off bank heists during their performances and reward their audiences with the money.,2013-05-29,17.6652,7.326,/tWsNYbrqy1p1w6K9zRk0mSchztT.jpg
Primal Fear,movie,"[80, 18, 53]","Defense attorney Martin Vail takes on jobs for money and prestige rather than any sense of the greater good. His latest case involves an altar boy, accused of brutally murdering the archbishop of Chicago. Vail finds himself up against his ex-pupil and ex-lover, but as the case progresses and the Church's dark secrets are revealed, Vail finds that what appeared a simple case takes on a darker, more dangerous aspect.",1996-04-03,19.6838,7.66,/qJf2TzE8nRTFbFMPJNW6c8mI0KU.jpg
The Croods: A New Age,movie,"[16, 10751, 12, 14, 35]","Searching for a safer habitat, the prehistoric Crood family discovers an idyllic, walled-in paradise that meets all of its needs. Unfortunately, they must also learn to live with the Bettermans -- a family that's a couple of steps above the Croods on the evolutionary ladder. As tensions between the new neighbors start to rise, a new threat soon propels both clans on an epic adventure that forces them to embrace their differences, draw strength from one another, and survive together.",2020-11-25,16.1822,7.4,/tbVZ3Sq88dZaCANlUcewQuHQOaE.jpg
Shaolin Soccer,movie,"[28, 35]",A young Shaolin follower reunites with his discouraged brothers to form a soccer team using their martial art skills to their advantage.,2001-07-05,15.0986,7.209,/z6ZQqwoxWy9muIxwUP4K2zWw7BU.jpg
The Naked Gun,movie,"[35, 80, 28]","Only one man has the particular set of skills... to lead Police Squad and save the world: Lt. Frank Drebin Jr. Following in his father's footsteps, he must solve a murder case to prevent Police Squad from closure.",2025-07-30,21.0078,6.354,/rwla9vqzrKVVKVKiOuROTIXGsxj.jpg
Gintama the Movie 2026: Yoshiwara in Flames,movie,"[16, 28, 878, 35]","Upon meeting a young boy named Seita who makes a living as a pickpocket, Gintoki discovers that he is pickpocketing out of a desire to meet his long-lost mother, Hinowa, Yoshiwara's number one courtesan. Gintoki and his friends venture to Yoshiwara to fulfill Seita's wish, but standing in their way is Housen, the Night King who rules Yoshiwara.",2026-02-13,18.036,9.6,/ih3mFlEZzsN9uQT7P4Zvaq4GkSm.jpg
Fast Forever,movie,"[28, 80, 53]",The eleventh and final installment in The Fast Saga. Plot TBA.,2028-03-16,15.586,0.0,/xaRzhQZ3zK5lN6vEetG8PD17KPF.jpg
xXx,movie,"[28, 12, 53, 80, 18]","Xander Cage is your standard adrenaline junkie with no fear and a lousy attitude. When the US Government ""recruits"" him to go on a mission, he's not exactly thrilled. His mission: to gather information on an organization that may just be planning the destruction of the world, led by the nihilistic Yorgi.",2002-08-09,15.8692,5.989,/xeEw3eLeSFmJgXZzmF2Efww0q3s.jpg
Exodus: Gods and Kings,movie,"[12, 18, 28]","The defiant leader Moses rises up against the Egyptian Pharaoh Ramses, setting 400,000 slaves on a monumental journey of escape from Egypt and its terrifying cycle of deadly plagues.",2014-12-03,17.2713,5.884,/uaDj37JtvLan9tihxZ18e6qL33b.jpg
Finding Dory,movie,"[12, 16, 10751]",Dory is reunited with her friends Nemo and Marlin in the search for answers about her past. What can she remember? Who are her parents? And where did she learn to speak Whale?,2016-06-16,15.0701,7.044,/3UVe8NL1E2ZdUZ9EDlKGJY5UzE.jpg
In Time,movie,"[28, 53, 878]","In the not-too-distant future, the aging gene has been switched off. To avoid overpopulation, time has become the currency and the way people pay for luxuries and necessities. The rich can live forever, while the rest struggle to negotiate for their immortality. A poor young man who suddenly comes into a fortune of time finds himself on the run from a corrupt police force known as the ""time keepers"".",2011-10-27,18.4302,6.97,/3Mwj2sIONQckOZP3YwsUXF7U5I4.jpg
Child's Play,movie,[27],"After being shot in a toy store, a serial killer transfers his soul into a Good Guy doll. A mother then gifts it to her six-year-old son Andy, which unleashes terror upon the city.",1988-11-09,20.0665,6.764,/wvpgvcWNkF2HLuTEMIM7K83MvZ.jpg
Perfect Days,movie,[18],"Hirayama is content with his life as a toilet cleaner in Tokyo. Outside of his structured routine, he cherishes music on cassette tapes, books, and taking photos of trees. Through unexpected encounters, he reflects on finding beauty in the world.",2023-11-10,17.2755,7.819,/tvUHVSTJV9ITON3oyHaWp7oaAc8.jpg
Gone with the Wind,movie,"[18, 10752, 10749]",The spoiled daughter of a Georgia plantation owner conducts a tumultuous romance with a cynical profiteer during the American Civil War and Reconstruction Era.,1939-12-15,14.9747,7.905,/lNz2Ow0wGCAvzckW7EOjE03KcYv.jpg
Whistle,movie,"[27, 9648]","When a misfit group of unwitting high school students stumbles upon a cursed Aztec Death Whistle, they discover that blowing it unleashes a terrifying sound that summons their future deaths to hunt them down.",2026-01-20,19.2418,6.328,/vgonf5kGsiijUBjzxKTvechhT28.jpg
The Mask,movie,"[35, 14, 80, 10749]","Timid bank clerk Stanley Ipkiss discovers a magical mask infused with the spirit of the Norse god Loki. Donning it transforms him into an unrestrained, green-faced, cartoon-like wild man. While the mask grants him the confidence to woo a local singer, it also makes him the target of a ruthless mobster.",1994-07-29,20.0179,6.996,/jPC2eYub74zwf2tPGVtzSlBW6Oy.jpg
Ghost Rider,movie,"[53, 28, 14]","In order to save his dying father, young stunt cyclist Johnny Blaze sells his soul to Mephistopheles and sadly parts from the pure-hearted Roxanne Simpson, the love of his life. Years later, Johnny's path crosses again with Roxanne, now a go-getting reporter, and also with Mephistopheles, who offers to release Johnny's soul if Johnny becomes the fabled, fiery 'Ghost Rider'.",2007-01-15,19.0472,5.618,/4quwR1VwZouD0YF9AaD72kQAjxH.jpg
Life of Pi,movie,"[12, 18]","The story of an Indian boy named Pi, a zookeeper's son who finds himself in the company of a hyena, zebra, orangutan, and a Bengal tiger after a shipwreck sets them adrift in the Pacific Ocean.",2012-11-20,16.6992,7.414,/iLgRu4hhSr6V1uManX6ukDriiSc.jpg
Smile 2,movie,"[27, 9648]","About to embark on a new world tour, global pop sensation Skye Riley begins experiencing increasingly terrifying and inexplicable events. Overwhelmed by the escalating horrors and the pressures of fame, Skye is forced to face her dark past to regain control of her life before it spirals out of control.",2024-10-16,21.608,6.583,/ht8Uv9QPv9y7K0RvUyJIaXOZTfd.jpg
Wake Up Dead Man: A Knives Out Mystery,movie,"[53, 9648, 35]","When young priest Jud Duplenticy is sent to assist charismatic firebrand Monsignor Jefferson Wicks, it’s clear that all is not well in the pews. After a sudden and seemingly impossible murder rocks the town, the lack of an obvious suspect prompts local police chief Geraldine Scott to join forces with renowned detective Benoit Blanc to unravel a mystery that defies all logic.",2025-11-26,15.6806,7.209,/iV9LM8aUb83BjCCx2RUnKE5sSQg.jpg
Tony,movie,"[18, 35]","A 19-year-old Anthony Bourdain travels to Provincetown and stumbles into the chaotic world of a restaurant kitchen, setting off a summer that will shape the course of his life.",2026-08-07,18.9199,7.5,/3WN0JWwRI7oGH7Ni2R6poVWej05.jpg
The Others,movie,"[27, 9648, 53]","Grace is a woman who lives in an old house kept dark because her two children, Anne and Nicholas, have a rare sensitivity to light. When the family begins to suspect the house is haunted, Grace fights to protect her children at any cost in the face of strange events and disturbing visions.",2001-08-02,18.6538,7.618,/p8g1vlTvpM6nr2hMMiZ1fUlKF0D.jpg
Transformers: The Last Knight,movie,"[28, 12, 878]","Humans and Transformers are at war. Optimus Prime is gone. The key to saving our future lies buried in the secrets of the past, in the hidden history of Transformers on Earth. Saving our world falls upon the shoulders of an unlikely alliance: Cade Yeager; Bumblebee; an English Lord; and an Oxford Professor.",2017-06-16,16.3825,6.062,/s5HQf2Gb3lIO2cRcFwNL9sn1o1o.jpg
"My Best Friend, His Girlfriend and Me",movie,[35],"Olli and Matze are best friends living, working and planning to travel the world together — until Matze's romance with Rebecca turns it all upside down.",2026-08-14,13.9585,6.129,/aWLshM7DZECutuQVpMfhDiPZUQC.jpg
Tell Me What You Want,movie,"[10749, 18]","After his father's death, Eric Zimmerman travels to Spain to oversee his company's branches. In Madrid, he falls for Judith and engage in an intense, erotic relationship full of exploration. However, Eric fears his secret may end their affair.",2024-11-29,15.0428,6.1,/yZXYCiZQPB7Ui6D5206W1zDKv8P.jpg
Babylon,movie,"[18, 35]","A tale of outsized ambition and outrageous excess, tracing the rise and fall of multiple characters in an era of unbridled decadence and depravity during Hollywood's transition from silent films to sound films in the late 1920s.",2022-12-22,21.2151,7.335,/wjOHjWCUE0YzDiEzKv8AfqHj3ir.jpg
Predator: Killer of Killers,movie,"[16, 28, 878, 53]","While three of the fiercest warriors in human history—a Viking raider, a ninja in feudal Japan, and a WWII pilot—are killers in their own right, they are merely prey for their new opponent: the ultimate killer of killers.",2025-06-05,16.0281,7.781,/2XDQa6EmFHSA37j1t0w88vpWqj9.jpg
Prometheus,movie,"[878, 9648, 27]","A team of explorers discover a clue to the origins of mankind on Earth, leading them on a journey to the darkest corners of the universe. There, they must fight a terrifying battle to save the future of the human race.",2012-05-30,16.8792,6.608,/qsYQflQhOuhDpQ0W2aOcwqgDAeI.jpg
American Sniper,movie,"[10752, 28]","U.S. Navy SEAL Chris Kyle takes his sole mission—protect his comrades—to heart and becomes one of the most lethal snipers in American history. His pinpoint accuracy not only saves countless lives but also makes him a prime target of insurgents. Despite grave danger and his struggle to be a good husband and father to his family back in the States, Kyle serves four tours of duty in Iraq. However, when he finally returns home, he finds that he cannot leave the war behind.",2014-12-25,20.891,7.408,/i1U46OwMc6vlm7OoSUKfqUH615e.jpg
Heart of the Beast,movie,"[12, 53]","After a harrowing plane crash, Special Forces officer James Belmont and his combat dog, Odin, find themselves stranded deep in the Alaskan wilderness. Together, they are forced into a brutal fight for survival against the elements.",2026-09-19,20.1484,0.0,/1ApfSA8JTqeha3GTFEY8syV4auq.jpg
Bad Boys: Ride or Die,movie,"[28, 35, 80]","After their late former Captain is framed, Lowrey and Burnett try to clear his name, only to end up on the run themselves.",2024-06-05,16.283,7.313,/oGythE98MYleE6mZlGs5oBGkux1.jpg
Looper,movie,"[28, 53, 878]","In the year 2044, time travel has not yet been invented but in 30 years it will have been. When the mob wants to get rid of someone, they will send their target into the past where a looper, a hired gun, like Joe is waiting to mop up. Joe is getting rich and life is good until the day the mob decides to close the loop, sending back Joe's future self for assassination.",2012-09-26,15.6109,6.915,/sNjL6SqErDBE8OUZlrDLkexfsCj.jpg
Dear You,movie,"[18, 10751, 35]","Xiaowei travels to Thailand to find his ""billionaire grandfather"" who is out of contact due to debt problems, but unexpectedly find the one who has been corresponding with his grandmother for years is not her husband.",2026-04-30,16.0233,8.892,/rjmhzdVS3Ia535pFawju857e2Na.jpg
Men in Black II,movie,"[28, 35, 878]","Kay and Jay reunite to provide our best, last and only line of defense against a sinister seductress who levels the toughest challenge yet to the MIB's untarnished mission statement – protecting Earth from the scum of the universe. It's been four years since the alien-seeking agents averted an intergalactic disaster of epic proportions. Now it's a race against the clock as Jay must convince Kay – who not only has absolutely no memory of his time spent with the MIB, but is also the only living person left with the expertise to save the galaxy – to reunite with the MIB before the earth submits to ultimate destruction.",2002-07-03,13.5046,6.389,/enA22EPyzc2WQ1VVyY7zxresQQr.jpg
Mike & Nick & Nick & Alice,movie,"[35, 878, 28]","Two gangsters and the woman they love try to survive the most dangerous night of their lives. As if that wasn’t enough, there’s one wild ingredient added to the mix: a time machine.",2026-03-14,16.371,6.702,/7F0jc75HrSkLVcvOXR2FXAIwuEv.jpg
Full Metal Jacket,movie,"[18, 10752]",A pragmatic U.S. Marine observes the dehumanizing effects the U.S.-Vietnam War has on his fellow recruits from their brutal boot camp training to the bloody street fighting in Hue.,1987-06-26,19.5066,8.119,/kMKyx1k8hWWscYFnPbnxxN4Eqo4.jpg
The Fall Guy,movie,"[28, 35, 10749]","Fresh off an almost career-ending accident, stuntman Colt Seavers has to track down a missing movie star, solve a conspiracy and try to win back the love of his life while still doing his day job.",2024-04-24,17.5052,6.954,/e7olqFmzcIX5c23kX4zSmLPJi8c.jpg
It Chapter Two,movie,"[27, 53, 18]","27 years after overcoming the malevolent supernatural entity Pennywise, the former members of the Losers' Club, who have grown up and moved away from Derry, are brought back together by a devastating phone call.",2019-09-04,17.6097,6.831,/zfE0R94v1E8cuKAerbskfD3VfUt.jpg
Cinema Paradiso,movie,"[18, 10749]","A filmmaker recalls his childhood, when he fell in love with the movies at his village's theater and formed a deep friendship with the theater's projectionist.",1988-11-17,19.1776,8.4,/9JhfVOveaY00o8njQu2Xrp4YWud.jpg
The Sound of Music,movie,"[18, 10751, 10402, 10749]","In the years before World War II, a tomboyish postulant at an Austrian abbey is hired as a governess in the home of a widowed naval captain with seven children and brings a new love of life and music into the home.",1965-03-29,19.0161,7.73,/c6CrUZypAsBCaRWX0M3RVRDbhNS.jpg
Madame Web,movie,"[28, 14]","Forced to confront revelations about her past, paramedic Cassandra Webb forges a relationship with three young women destined for powerful futures...if they can all survive a deadly present.",2024-02-14,19.8125,5.28,/rULWuutDcN5NvtiZi4FRPzRYWSh.jpg
Neon Genesis Evangelion: The End of Evangelion,movie,"[16, 878, 18, 14, 28]","SEELE orders an all-out attack on NERV, aiming to destroy the Evas before Gendo can advance his own plans for the Human Instrumentality Project. Shinji is pushed to the limits of his sanity as he is forced to decide the fate of humanity.",1997-07-19,21.8625,8.266,/j6G24dqI4WgUtChhWjfnI4lnmiK.jpg
Now You See Me 2,movie,"[80, 53]","One year after outwitting the FBI and winning the public’s adulation with their mind-bending spectacles, the Four Horsemen resurface only to find themselves face to face with a new enemy who enlists them to pull off their most dangerous heist yet.",2016-06-02,16.4266,6.824,/A81kDB6a1K86YLlcOtZB27jriJh.jpg
A.I. Artificial Intelligence,movie,"[18, 878, 12]","David, a robotic boy—the first of his kind programmed to love—is adopted as a test case by a Cybertronics employee and his wife. Though he gradually becomes their child, a series of unexpected circumstances make this life impossible for David.",2001-06-29,17.3647,7.069,/wnUAcUrMRGPPZUDroLeZhSjLkuu.jpg
Ikatan Darah,movie,"[28, 80, 53]","A former martial arts athlete must face a network of loan sharks to save her younger brother, who is trapped in online gambling debt and risking their family’s safety.",2026-04-30,17.8199,6.2,/lF9amilOGIudUIq6NgDnz2YrPPa.jpg
The Equalizer 3,movie,"[28, 53, 80]","Robert McCall finds himself at home in Southern Italy but he discovers his friends are under the control of local crime bosses. As events turn deadly, McCall knows what he has to do: become his friends' protector by taking on the mafia.",2023-08-30,15.4669,7.296,/b0Ej6fnXAP8fK75hlyi2jKqdhHz.jpg
Blade,movie,"[27, 28]","The Daywalker known as ""Blade"" - a half-vampire, half-mortal man - becomes the protector of humanity against an underground army of vampires.",1998-08-21,17.0964,6.852,/oWT70TvbsmQaqyphCZpsnQR7R32.jpg
Rogue One: A Star Wars Story,movie,"[28, 12, 878]",A rogue band of resistance fighters unite for a mission to steal the Death Star plans and bring a new hope to the galaxy.,2016-12-14,19.7314,7.51,/i0yw1mFbB7sNGHCs7EXZPzFkdA1.jpg
Rogue One: A Star Wars Story,movie,"[28, 12, 878]",A rogue band of resistance fighters unite for a mission to steal the Death Star plans and bring a new hope to the galaxy.,2016-12-14,19.7314,7.51,/i0yw1mFbB7sNGHCs7EXZPzFkdA1.jpg
Smile,movie,"[27, 9648]","After witnessing a bizarre, traumatic incident involving a patient, Dr. Rose Cotter starts experiencing frightening occurrences that she can't explain.",2022-09-23,17.1698,6.671,/aPqcQwu4VGEewPhagWNncDbJ9Xp.jpg
Uncharted,movie,"[28, 12, 9648]","A young street-smart, Nathan Drake and his wisecracking partner Victor “Sully” Sullivan embark on a dangerous pursuit of “the greatest treasure never found” while also tracking clues that may lead to Nathan’s long-lost brother.",2022-02-10,16.2093,6.873,/rJHC1RUORuUhtfNb4Npclx0xnOf.jpg
Die Hard: With a Vengeance,movie,"[28, 53]","New York detective John McClane is back and kicking bad-guy butt in the third installment of this action-packed series, which finds him teaming with civilian Zeus Carver to prevent the loss of innocent lives. McClane thought he'd seen it all, until a genius named Simon engages McClane, his new ""partner"" -- and his beloved city -- in a deadly game that demands their concentration.",1995-05-19,16.6284,7.283,/buqmCdFQEWwEpL3agGgg2GVjN2d.jpg
Maze Runner: The Scorch Trials,movie,"[878, 28, 53, 12]","Thomas and his fellow Gladers face their greatest challenge yet: searching for clues about the mysterious and powerful organization known as WCKD. Their journey takes them to the Scorch, a desolate landscape filled with unimaginable obstacles. Teaming up with resistance fighters, the Gladers take on WCKD’s vastly superior forces and uncover its shocking plans for them all.",2015-09-09,15.7092,6.732,/mYw7ZyejqSCPFlrT2jHZOESZDU3.jpg
Mystic River,movie,"[53, 18, 9648, 80]",The lives of three men who were childhood friends are shattered when one of them suffers a family tragedy.,2003-10-08,22.1018,7.743,/hCHVDbo6XJGj3r2i4hVjKhE0GKF.jpg
Indiana Jones and the Dial of Destiny,movie,"[12, 28]","Finding himself in a new era, and approaching retirement, Indy wrestles with fitting into a world that seems to have outgrown him. But as the tentacles of an all-too-familiar evil return in the form of an old rival, Indy must don his hat and pick up his whip once more to make sure an ancient and powerful artifact doesn't fall into the wrong hands.",2023-06-25,19.8184,6.5,/Af4bXE63pVsb2FtbW8uYIyPBadD.jpg
Before I Go to Sleep,movie,"[53, 9648]","A woman wakes up every day, remembering nothing as a result of a traumatic accident in her past. One day, new terrifying truths emerge that force her to question everyone around her.",2014-09-03,18.2293,6.487,/1sSWpTupVixOanIpZdLGzsKvcZS.jpg
Primitive War,movie,"[28, 27, 10752, 878]","During the Vietnam War, a recon unit ventures to an isolated jungle valley to uncover the fate of a missing platoon. They soon find themselves in a fight for their lives against an unexpected enemy — prehistoric dinosaurs.",2025-08-21,14.1532,6.639,/noujgznyJIaurEinZhcSVzTmkLo.jpg
Skyfall,movie,"[28, 12, 53]","When Bond's latest assignment goes gravely wrong, agents around the world are exposed and MI6 headquarters is attacked. While M faces challenges to her authority and position from Gareth Mallory, the new Chairman of the Intelligence and Security Committee, it's up to Bond, aided only by field agent Eve, to locate the mastermind behind the attack.",2012-10-24,17.2252,7.265,/d0IVecFQvsGdSbnMAHqiYsNYaJT.jpg
The Map That Leads to You,movie,"[10749, 18]","Heather is a young woman traveling Europe with friends before starting her perfectly planned life. A chance meeting with Jack sparks an unexpected romance that leads to deep emotional discovery. As secrets and life choices test their bond, her path changes forever.",2025-08-19,18.31,6.671,/uwvKQIjJpC37IEsEj4ZAn1ITyRy.jpg
The Big Lebowski,movie,"[35, 80]","Jeffrey 'The Dude' Lebowski, a Los Angeles slacker who only wants to bowl and drink White Russians, is mistaken for another Jeffrey Lebowski, a wheelchair-bound millionaire, and finds himself dragged into a strange series of events involving nihilists, adult film producers, ferrets, errant toes, and large sums of money.",1998-03-06,16.5396,7.834,/3bv6WAp6BSxxYvB5ozKFUYuRA8C.jpg
Chompoo: Lost​ &​ Forgotten​,movie,[99],"When a young girl vanishes from a remote village, the frantic police hunt become a media frenzy. But who turned a suspected criminal into a celebrity?",2026-08-20,17.4382,5.2,/hrbzPEGyu33JyepFvSe6EkN35yq.jpg
A Silent Voice: The Movie,movie,"[16, 18, 10749]","Shouya Ishida starts bullying the new girl in class, Shouko Nishimiya, because she is deaf. But as the teasing continues, the rest of the class starts to turn on Shouya for his lack of compassion. When they leave elementary school, Shouko and Shouya do not speak to each other again... until an older, wiser Shouya, tormented by his past behaviour, decides he must see Shouko once more. He wants to atone for his sins, but is it already too late...?",2016-09-17,17.285,8.394,/tuFaWiqX0TXoWu7DGNcmX3UW7sT.jpg
Kissing Is the Easy Part,movie,"[10749, 35]",Sean's gunning for MIT. Flora's ditching the SAT. A secret deal with her tenured parents sparks a romance that challenges everything they believe in.,2026-02-13,15.2228,7.418,/gPxlb7LLqbsKgjltgVrgYdhfxCZ.jpg
Fantastic Four,movie,"[28, 14, 878]","During a space voyage, four scientists are altered by cosmic rays: Reed Richards gains the ability to stretch his body; Sue Storm can become invisible; Johnny Storm controls fire; and Ben Grimm is turned into a super-strong … thing. Together, these ""Fantastic Four"" must now thwart the evil plans of Dr. Doom and save the world from certain destruction.",2005-06-29,18.7003,5.81,/4YMcYEFS8sFuW3soP1HVmgR3cSm.jpg
The Hunger Games: The Ballad of Songbirds & Snakes,movie,"[878, 28]","64 years before he becomes the tyrannical president of Panem, Coriolanus Snow sees a chance for a change in fortunes when he mentors Lucy Gray Baird, the female tribute from District 12.",2023-11-15,18.6406,7.0,/mBaXZ95R2OxueZhvQbcEWy2DqyO.jpg
Alita: Battle Angel,movie,"[28, 878, 12]","When Alita awakens with no memory of who she is in a future world she does not recognize, she is taken in by Ido, a compassionate doctor who realizes that somewhere in this abandoned cyborg shell is the heart and soul of a young woman with an extraordinary past.",2019-01-31,17.9675,7.273,/xRWht48C2V8XNfzvPehyClOvDni.jpg
Look Back,movie,"[16, 18]","Popular, outgoing Fujino is celebrated by her classmates for her funny comics in the class newspaper. One day, her teacher asks her to share the space with Kyomoto, a truant recluse whose beautiful artwork sparks a competitive fervor in Fujino. What starts as jealousy transforms when Fujino realizes their shared passion for drawing.",2024-06-28,15.9691,8.192,/4f2EcNkp1Mvp9wE5w7HKxcmACWg.jpg
Bridge of Spies,movie,"[53, 18]","During the Cold War, the Soviet Union captures U.S. pilot Francis Gary Powers after shooting down his U-2 spy plane. Sentenced to 10 years in prison, Powers' only hope is New York lawyer James Donovan, recruited by a CIA operative to negotiate his release. Donovan boards a plane to Berlin, hoping to win the young man's freedom through a prisoner exchange. If all goes well, the Russians would get Rudolf Abel, the convicted spy who Donovan defended in court.",2015-10-15,17.5553,7.243,/fmOOjHAQzxr0c1sfcY4qkiSRBH6.jpg
The Butterfly Effect,movie,"[878, 53]","A young man struggles to access sublimated childhood memories. He finds a technique that allows him to travel back into the past, to occupy his childhood body and change history. However, he soon finds that every change he makes has unexpected consequences.",2004-01-17,17.8782,7.578,/ea5iv7TWMh18fOKoRGgmtcg85Gx.jpg
Warriors of the Wind,movie,"[12, 16, 14]","After a global war, the seaside kingdom known as the Valley of the Wind remains one of the last strongholds on Earth untouched by a poisonous jungle and the powerful insects that guard it. Led by the courageous Princess Nausicaä, the people of the Valley engage in an epic struggle to restore the bond between humanity and Earth.",1984-03-11,17.9613,7.942,/tcrkfB8SRPQCgwI88hQScua6nxh.jpg
Descendants: The Rise of Red,movie,"[14, 12, 10751, 35]","After the Queen of Hearts incites a coup on Auradon, her rebellious daughter Red and Cinderella's perfectionist daughter Chloe join forces and travel back in time to try to undo the traumatic event that set Red's mother down her villainous path.",2024-07-11,14.4843,6.74,/8fYluTtB3b3HKO7KQa5tzrvGaps.jpg
Mission: Impossible III,movie,"[12, 28, 53]","Retired from active duty, and training recruits for the Impossible Mission Force, agent Ethan Hunt faces the toughest foe of his career: Owen Davian, an international broker of arms and information, who's as cunning as he is ruthless. Davian emerges to threaten Hunt and all that he holds dear – including the woman Hunt loves.",2006-04-25,17.9779,6.766,/vKGYCpmQyV9uHybWDzXuII8Los5.jpg
Hercules,movie,"[16, 10751, 14, 12, 35, 10749]","Bestowed with superhuman strength, a young mortal named Hercules sets out to prove himself a hero in the eyes of his father, the great god Zeus. Along with his friends Pegasus, a flying horse, and Phil, a personal trainer, Hercules is tricked by the hilarious, hotheaded villain Hades, who's plotting to take over Mount Olympus!",1997-06-13,16.6007,7.499,/dK9rNoC97tgX3xXg5zdxFisdfcp.jpg
Kill Bill: Vol. 2,movie,"[28, 80, 53]","The Bride unwaveringly continues on her roaring rampage of revenge against the band of assassins who had tried to kill her and her unborn child. She visits each of her former associates one-by-one, checking off the victims on her Death List Five until there's nothing left to do … but kill Bill.",2004-04-16,15.8277,7.874,/2yhg0mZQMhDyvUQ4rG1IZ4oIA8L.jpg
Boulevard,movie,"[10749, 18]","Hasley, a girl with a list of unfulfilled dreams, and Luke, a complex and vulnerable boy marked by a tragic past, find refuge on the boulevard where they discover if love can conquer all.",2026-04-10,15.8438,7.569,/sQS3zYJznspQwNSCv9LMc5VHQST.jpg
Saccharine,movie,[27],"After succumbing to an obscure weight-loss craze involving the eating of human ashes, lovelorn medical student Hana finds herself haunted by the ghost of the person she's eating.",2026-05-22,17.3302,6.897,/bCHPB5WZy4T0Rerh1GTuQLzU0rF.jpg
Cinderella,movie,"[10749, 14, 10751, 18]","When her father unexpectedly passes away, young Ella finds herself at the mercy of her cruel stepmother and her daughters. Never one to give up hope, Ella's fortunes begin to change after meeting a dashing stranger in the woods.",2015-03-06,17.8132,6.825,/j91LJmcWo16CArFOoapsz84bwxb.jpg
Steel Magnolias,movie,"[18, 35]","A young beautician, newly arrived in a small Louisiana town, finds work at the local salon, where a small group of women share a close bond of friendship and welcome her into the fold.",1989-11-15,15.5975,7.2,/7ExUSN9s9gX9bhVM17zDLEizano.jpg
Lethal Weapon,movie,"[28, 53, 80]",A veteran cop and an unstable detective become partners who must put their differences aside in order to bring down a heroin-smuggling ring run by ex-Special Forces.,1987-03-06,18.9467,7.303,/6gt44oqb4nE8vflPElffeGwsHVl.jpg
Lost in Translation,movie,"[18, 35, 10749]","Two lost souls visiting Tokyo -- the young, neglected wife of a photographer and a washed-up movie star shooting a TV commercial -- find an odd solace and pensive freedom to be real in each other's company, away from their lives in America.",2003-09-18,17.8505,7.38,/3jCLmYDIIiSMPujbwygNpqdpM8N.jpg
The Hunt for Red October,movie,"[28, 53]","A new technologically-superior Soviet nuclear sub, the Red October, is heading for the U.S. coast under the command of Captain Marko Ramius. The American government thinks Ramius is planning to attack. Lone CIA analyst Jack Ryan has a different idea: he thinks Ramius is planning to defect, but he has only a few hours to find him and prove it - because the entire Russian naval and air commands are trying to find Ramius, too. The hunt is on!",1990-03-02,19.6231,7.384,/yVl7zidse4KiWtGMqHFtZCx4X3N.jpg
Ben-Hur,movie,"[36, 18, 12]","In ancient Judea, a Jewish aristocrat opposing Roman occupation of his homeland reunites with his childhood friend, now a Roman commander — setting in motion a saga of betrayal, adventure, tragedy, revenge, and faith.",1959-11-18,17.5992,7.894,/m4WQ1dBIrEIHZNCoAjdpxwSKWyH.jpg
The Hateful Eight,movie,"[18, 9648, 37]",Bounty hunters seek shelter from a raging blizzard and get caught up in a plot of betrayal and deception.,2015-12-25,16.8876,7.757,/jIywvdPjia2t3eKYbjVTcwBQlG8.jpg
Robin Hood: Prince of Thieves,movie,"[28, 12, 18]","Nobleman crusader Robin of Locksley breaks out of a Jerusalem prison with the help of Moorish fellow prisoner Azeem and travels back home to England. But upon arrival he discovers his dead father in the ruins of his family estate, killed by the vicious sheriff of Nottingham, Robin and Azeem join forces with outlaws Little John and Will Scarlett to save the kingdom from the sheriff's villainy.",1991-06-14,14.4269,6.853,/hbRnWUNJkKKVN5mkcuC5ooqjE4e.jpg
Godzilla vs. Kong,movie,"[28, 878, 12]","In a time when monsters walk the Earth, humanity’s fight for its future sets Godzilla and Kong on a collision course that will see the two most powerful forces of nature on the planet collide in a spectacular battle for the ages.",2021-03-24,16.6944,7.524,/pgqgaUx1cJb5oZQQ5v0tNARCeBp.jpg
Reservoir Dogs,movie,"[80, 53]","A botched robbery indicates a police informant, and the pressure mounts in the aftermath at a warehouse. Crime begets violence as the survivors -- veteran Mr. White, newcomer Mr. Orange, psychopathic parolee Mr. Blonde, bickering weasel Mr. Pink and Nice Guy Eddie -- unravel.",1992-09-02,19.0685,8.111,/xi8Iu6qyTfyZVDVy60raIOYJJmk.jpg
Seven Samurai,movie,"[28, 18]","A samurai answers a village's request for protection after he falls on hard times. The town needs protection from bandits, so the samurai gathers six others to help him teach the people how to defend themselves, and the villagers provide the soldiers with food.",1954-04-26,17.5937,8.453,/lOMGc8bnSwQhS4XyE1S99uH8NXf.jpg
Slumdog Millionaire,movie,"[18, 10749]","A teenager reflects on his life after being accused of cheating on the Indian version of ""Who Wants to be a Millionaire?"".",2008-11-12,16.2104,7.728,/5leCCi7ZF0CawAfM5Qo2ECKPprc.jpg
Despicable Me 3,movie,"[28, 16, 35, 10751, 12]",Gru and his wife Lucy must stop former '80s child star Balthazar Bratt from achieving world domination.,2017-06-15,16.5288,6.469,/e72KCMHNkbZ6USRJmABeqwmaJ5n.jpg
Karate Kid: Legends,movie,"[28, 12, 18]","After a family tragedy, kung fu prodigy Li Fong is uprooted from his home in Beijing and forced to move to New York City with his mother. When a new friend needs his help, Li enters a karate competition – but his skills alone aren't enough. Li's kung fu teacher Mr. Han enlists original Karate Kid Daniel LaRusso for help, and Li learns a new way to fight, merging their two styles into one for the ultimate martial arts showdown.",2025-05-08,16.3795,6.972,/c90Lt7OQGsOmhv6x4JoFdoHzw5l.jpg
Lucy,movie,"[28, 878]","A woman, accidentally caught in a dark deal, turns the tables on her captors and transforms into a merciless warrior evolved beyond human logic.",2014-07-25,17.8418,6.476,/kRbpUTRNm6QbLQFPFWUcNC4czEm.jpg
On the Beach,movie,[18],"In a summer in Shonan village, Sumiko is the daughter of an important upper-class Shikishima family, she loves to paint pictures, is going through a cooling-off of an arranged marriage that did not work out. However, she feels attraction for Nishina a rough and obscene man ...  On the other hand, the younger sister, Naomi Sumiko is envious of her sister for her beauty. Naomi feels ugly since all men seem to like Sumiko. Both sisters then become embroiled in a major problem in discovering the real intentions of Nishina, a man who hides behind a mask to rape women.",1985-08-24,13.5626,5.571,/ksl1d50FUHaqNuNnmHSNdPrYyYl.jpg
The Impossible,movie,"[18, 53, 36]","In December 2004, close-knit family Maria, Henry and their three sons begin their winter vacation in Thailand. But the day after Christmas, the idyllic holiday turns into an incomprehensible nightmare when a terrifying roar rises from the depths of the sea, followed by a wall of black water that devours everything in its path. Though Maria and her family face their darkest hour, unexpected displays of kindness and courage ameliorate their terror.",2012-09-09,14.9702,7.375,/k0DLCiDbnYywOHiISALbl2EH2NE.jpg
Luca,movie,"[16, 10751, 14, 18, 35]",Luca and his best friend Alberto experience an unforgettable summer on the Italian Riviera. But all the fun is threatened by a deeply-held secret: they are sea monsters from another world just below the water’s surface.,2021-06-17,18.1713,7.775,/9x4i9uKGXt8IiiIF5Ey0DIoY738.jpg
Midori,movie,"[16, 18, 27]","After losing her parents, young flower selling Midori is put up by a fairground group. She is abused and forced to slavery, until the arrival of an enigmatic magician of short stature, who gives her hope for a better future.",1992-05-02,15.903,6.0,/iv3TU7RAuWnMwhsYd7eaAIJ3NuO.jpg
The Dollmaker,movie,"[80, 53, 27]","In a quiet village, charming young Tomás leads a simple life: caring for his mother, working at the video store and town clinic, and collecting dolls. As women begin disappearing, newly arrived Inspector Porter investigates.",2025-10-11,14.2971,2.0,/s7nDatJ7AiwiyzOd8hh9XXpJDOJ.jpg
Shooter,movie,"[18, 28, 53]","A top Marine sniper, Bob Lee Swagger, leaves the military after a mission goes horribly awry and disappears, living in seclusion. He is coaxed back into service after a high-profile government official convinces him to help thwart a plot to kill the President of the United States. Ultimately double-crossed and framed for the attempt, Swagger becomes the target of a nationwide manhunt. He goes on the run to track the real killer and find out who exactly set him up, and why, eventually seeking revenge against some of the most powerful and corrupt leaders in the free world.",2007-03-22,20.4761,7.13,/2aWGxo1E5polpBjPvtBRkWp7qaS.jpg
Rambo: First Blood Part II,movie,"[28, 12, 53, 10752]",John Rambo is released from prison by the government for a top-secret covert mission to the last place on Earth he'd want to return - the jungles of Vietnam.,1985-05-21,19.7382,6.67,/fVwRtWqEPdsCH21BVDGqgkAQcff.jpg
Meet Joe Black,movie,"[14, 18, 10749]","Bill Parrish has it all - success, wealth and power. Days before his 65th birthday, he receives a visit from a mysterious stranger, Joe Black, who soon reveals himself as Death. In exchange for extra time, Bill agrees to serve as Joe's earthly guide. But will he regret his choice when Joe unexpectedly falls in love with Bill's beautiful daughter Susan?",1998-11-12,17.7354,7.373,/fDPAjvfPMomkKF7cMRmL5Anak61.jpg
Sisu: Road to Revenge,movie,"[28, 10752, 53]","Returning to the house where his family was brutally murdered during the war, ""the man who refuses to die"" dismantles it, loads it on a truck, and is determined to rebuild it somewhere safe in their honor. When the commander who killed his family comes back hellbent on finishing the job, a relentless, eye-popping cross-country chase ensues.",2025-10-21,14.5806,7.313,/roCMOuMQ55Z2TxVx1vZZTevlo0n.jpg
Alice in Wonderland,movie,"[16, 10751, 14, 12]","On a golden afternoon, wildly curious young Alice tumbles into the burrow and enters the merry, madcap world of Wonderland full of whimsical escapades.",1951-08-09,16.4526,7.19,/20cvfwfaFqNbe9Fc3VEHJuPRxmn.jpg
About Time,movie,"[18, 10749, 14]","The night after another unsatisfactory New Year's party, Tim's father reveals to him that the men in their family have the ability to travel through time. They can't change history, but they can change what happens and has happened in their own lives. Thus begins the start of a lesson in learning to appreciate life itself as it is, as it comes, and most importantly, the people living alongside us.",2013-09-04,19.098,7.903,/ls6zswrOZVhCXQBh96DlbnLBajM.jpg
War of the Worlds,movie,"[12, 53, 878]","Ray Ferrier is a divorced dockworker and less-than-perfect father. Soon after his ex-wife and her new husband drop off his teenage son and young daughter for a rare weekend visit, a strange and powerful lightning storm touches down.",2005-06-28,18.0656,6.568,/6Biy7R9LfumYshur3YKhpj56MpB.jpg
That Malicious Age,movie,"[18, 10749]","Gardener Napoleone takes a job in a southern-Italian villa and quickly finds himself embroiled in a menage-a-trois with Paola and her mother, which soon leads to sex, death and mayhem.",1975-03-11,14.4765,6.426,/jClfWhb0D199i02JlIIWy7Fbu9L.jpg
13 Minutes,movie,"[28, 18, 53]","As a new day begins in the small American town of Minninnewah, the residents start their day as ordinary as the next. Mother Nature, however, has other plans for them. Inhabitants have just 13 minutes to seek shelter before the largest tornado on record ravages the town, leaving them struggling to protect their loved ones and fighting for their lives. Left to deal with the aftermath, four families must overcome their differences and find strength in each other in order to survive.",2021-10-29,16.971,5.773,/oKng4fEr4QgS869UuWLSjAsR2rz.jpg
"Red, White & Royal Blue",movie,"[35, 10749]","After an altercation between Alex, the president's son, and Britain's Prince Henry at a royal event becomes tabloid fodder, their long-running feud now threatens to drive a wedge in U.S./British relations. When the rivals are forced into a staged truce, their icy relationship begins to thaw and the friction between them sparks something deeper than they ever expected.",2023-07-27,16.3533,7.934,/dD3vhyDRCCT90hf4rldHU6Wu3Va.jpg
The Cousin,movie,"[35, 18]","Italian coming of age story about two cousins, Enzo and Agata, told in three stages.",1974-07-26,16.2702,5.438,/4EGglGdHpMdDX6w07t6Ns6gidrx.jpg
Ice Age: The Meltdown,movie,"[16, 10751, 35, 12]","Diego, Manny and Sid return in this sequel to the hit animated movie Ice Age. This time around, the deep freeze is over, and the ice-covered earth is starting to melt, which will destroy the trio's cherished valley. The impending disaster prompts them to reunite and warn all the other beasts about the desperate situation.",2006-03-29,14.1309,6.726,/zDduhCHasKQ9YOTvlOreHem7Wbi.jpg
"Red, White & Royal Blue",movie,"[35, 10749]","After an altercation between Alex, the president's son, and Britain's Prince Henry at a royal event becomes tabloid fodder, their long-running feud now threatens to drive a wedge in U.S./British relations. When the rivals are forced into a staged truce, their icy relationship begins to thaw and the friction between them sparks something deeper than they ever expected.",2023-07-27,16.3533,7.934,/dD3vhyDRCCT90hf4rldHU6Wu3Va.jpg
The Cousin,movie,"[35, 18]","Italian coming of age story about two cousins, Enzo and Agata, told in three stages.",1974-07-26,16.2702,5.438,/4EGglGdHpMdDX6w07t6Ns6gidrx.jpg
Ice Age: The Meltdown,movie,"[16, 10751, 35, 12]","Diego, Manny and Sid return in this sequel to the hit animated movie Ice Age. This time around, the deep freeze is over, and the ice-covered earth is starting to melt, which will destroy the trio's cherished valley. The impending disaster prompts them to reunite and warn all the other beasts about the desperate situation.",2006-03-29,14.1309,6.726,/zDduhCHasKQ9YOTvlOreHem7Wbi.jpg
Oblivion,movie,"[28, 878, 12, 9648]","Jack Harper is one of the last few drone repairmen stationed on Earth. Part of a massive operation to extract vital resources after decades of war with a terrifying threat known as the Scavs, Jack’s mission is nearly complete. His existence is brought crashing down when he rescues a beautiful  stranger from a downed spacecraft. Her arrival triggers a chain of events that  forces him to question everything he knows and puts the fate of humanity in his hands.",2013-04-10,15.5856,6.692,/bYLM3GpNUZnoFElPXp1zlhDPdtv.jpg
Tomorrowland,movie,"[12, 10751, 9648, 878]","Bound by a shared destiny, a bright, optimistic teen bursting with scientific curiosity and a former boy-genius inventor jaded by disillusionment embark on a danger-filled mission to unearth the secrets of an enigmatic place somewhere in time and space that exists in their collective memory as ""Tomorrowland.""",2015-05-19,15.9627,6.309,/kziYpr5Nfw60P0My8aj1sgCEqed.jpg
Monsters University,movie,"[16, 10751, 35, 14]",A look at the relationship between Mike and Sulley during their days at Monsters University — when they weren't necessarily the best of friends.,2013-06-19,17.1894,7.057,/y7thwJ7z5Bplv6vwl6RI0yteaDD.jpg
The Jungle Book,movie,"[12, 10751, 14]","After a threat from the tiger Shere Khan, Mowgli, a man-cub fostered by wolves, is forced to flee the jungle, and he embarks on a journey of self-discovery with the help of the panther, Bagheera, and the free-spirited bear, Baloo.",2016-04-07,16.5171,6.879,/2Epx7F9X7DrFptn4seqn4mzBVks.jpg
A Haunted Romance,movie,[27],Hong Kong horror movie from 1985.,1985-05-24,15.851,10.0,/2TqIVoUH71ZwZBFtvG6Y8P2YY8l.jpg
The Voyeurs,movie,[53],"When Pippa and Thomas move into their dream apartment, they notice that their windows look directly into the apartment opposite – inviting them to witness the volatile relationship of the attractive couple across the street. But what starts as a simple curiosity turns into full-blown obsession with increasingly dangerous consequences.",2021-08-25,18.6124,6.545,/8Y4XOIWhpOvSOEn8XrxbkH9yAXO.jpg
Pacific Rim: Uprising,movie,"[28, 14, 878, 12]","It has been ten years since The Battle of the Breach and the oceans are still, but restless. Vindicated by the victory at the Breach, the Jaeger program has evolved into the most powerful global defense force in human history. The PPDC now calls upon the best and brightest to rise up and become the next generation of heroes when the Kaiju threat returns.",2018-03-21,20.4219,6.12,/nFWhttU8PM50t25NPdy7PE7rv3G.jpg
The Fate of the Furious,movie,"[28, 80, 53]","When a mysterious woman seduces Dom into the world of crime and a betrayal of those closest to him, the crew face trials that will test them as never before.",2017-04-12,14.9,6.851,/dImWM7GJqryWJO9LHa3XQ8DD5NH.jpg
The Perks of Being a Wallflower,movie,[18],"Pittsburgh, Pennsylvania, 1991. High school freshman Charlie is a wallflower, always watching life from the sidelines, until two senior students, Sam and her stepbrother Patrick, become his mentors, helping him discover the joys of friendship, music and love.",2012-09-20,18.9758,7.804,/aKCvdFFF5n80P2VdS7d8YBwbCjh.jpg
Anaconda,movie,"[12, 27, 53]","A 'National Geographic' film crew is taken hostage by an insane hunter, who takes them along on his quest to capture the world's largest — and deadliest — snake.",1997-04-11,11.1507,5.281,/33NysOnLpLZY0ewHTcfpalzAsRG.jpg
Aquaman,movie,"[28, 12, 14]","Half-human, half-Atlantean Arthur Curry is taken on the journey of his lifetime to discover if he is worth of being a king.",2018-12-07,19.5326,6.865,/ufl63EFcc5XpByEV2Ecdw6WJZAI.jpg
Mother Mary,movie,"[10402, 18, 53]",Long-buried wounds rise to the surface when iconic pop star Mother Mary reunites with her estranged best friend and former costume designer Sam Anselm on the eve of her comeback performance.,2026-04-16,17.0742,5.65,/uVcsN3yoHh7ZcJ6ecj1FJfv7dLa.jpg
The Ring,movie,"[27, 9648]",Journalist Rachel Keller investigates a strange videotape that may be behind the untimely deaths of four teenagers. There is an urban legend about this tape: the viewer will die seven days after watching it. Rachel tracks down the video... and watches it. Now she has just seven days to unravel the mystery of the Ring in order to save herself and her son.,2002-10-18,13.9146,6.708,/AeRpUynJKDpJveklBJipOYrVxCS.jpg
Grease,movie,"[10749, 35]","Australian good girl Sandy and greaser Danny fell in love over the summer. But when they unexpectedly discover they're now in the same high school, will they be able to rekindle their romance despite their eccentric friends?",1978-06-16,16.1693,7.365,/2rM7fQKpb7cs1Iq7IBqub9LFDzJ.jpg
Dune: Part Three,movie,"[878, 12]",Emperor Paul Atreides faces the fallout from his ascent to power as political plots and a galaxy-wide holy war endanger the future only he can see.,2026-12-15,15.6349,0.0,/d43fvHQsIMa4kpyhKXw0haEJIvI.jpg
Door,movie,"[27, 9648, 53]","Yasuko, a housewife, lives in an urban high-rise apartment with her husband Satoru and her son Takuto.  Annoyed by spam calls and door-to-door salesmen, Yasuko slams the door on a salesman’s hand when he tries to squeeze a flyer through the apartment's chained front door. He leaves, but the next day, her nightmare starts.",1988-05-14,14.2618,6.063,/uNTZ9vp32AYd6kcAcm63jVg6u44.jpg
Annihilation,movie,"[878, 27]","A biologist signs up for a dangerous, secret expedition into a mysterious zone where the laws of nature don't apply.",2018-02-22,18.9526,6.447,/4YRplSk6BhH6PRuE9gfyw9byUJ6.jpg
Peddi,movie,"[28, 18]","In a village that doesn't officially exist, a laborer's unmatched athletic talent becomes his weapon to fight for his people's right to be recognized.",2026-06-03,16.3971,5.831,/kJAJNNBYlbqAcpTDxBNnaILSMTy.jpg
Cavegirl,movie,[35],"On a class excursion to a cave with stone age paintings the clumsy Rex gets lost. A mysterious crystal opens a gateway in time and sets him back to the stone ages, where he meets a group of prehistoric fellows and the gorgeous Eba. While teaching her English and doing some pseudo-research on her fellows, his main goal is to get her sleeping with him. However the curiosity of the clan chief disturbs his attempts.",1985-05-01,16.3226,4.0,/kONbgktPKsm3EMj3MiES0IP8BRr.jpg
Sniper: No Nation,movie,"[28, 53]",Brandon Beckett and Agent Zero lead a rescue mission in Costa Verde when their friends are taken hostage.,2026-03-13,14.7261,6.625,/tUmARo0TZEK1EaSuS6dU35FhDyU.jpg
The Bourne Supremacy,movie,"[28, 18, 53]","A CIA operation to purchase classified Russian documents is blown by a rival agent, who then shows up in the sleepy seaside village where Bourne and Marie have been living. The pair run for their lives and Bourne, who promised retaliation should anyone from his former life attempt contact, is forced to once again take up his life as a trained assassin to survive.",2004-07-23,14.9083,7.335,/jupG9sFT64YwM8PSkwkUD2wHcYD.jpg
Scary Movie 2,movie,[35],"A group of students visit a mansion called ""Hell House,"" and murderous high jinks ensue.",2001-07-04,15.6236,5.846,/7Eb1JWK0Cb0rbfsYjwfc9g0PbQH.jpg
300,movie,"[28, 12, 10752]","A story very loosely based the 480 B.C. Battle of Thermopylae, where the King of Sparta led his army against the advancing Persians.",2007-03-07,16.342,7.208,/h7Lcio0c9ohxPhSZg42eTlKIVVY.jpg
Beverly Hills Cop,movie,"[35, 80, 28]","Fast-talking, quick-thinking Detroit street cop Axel Foley has bent more than a few rules and regs in his time, but when his best friend is murdered, he heads to sunny Beverly Hills to work the case like only he can.",1984-12-05,20.5685,7.211,/eBJEvKkhQ0tUt1dBAcTEYW6kCle.jpg
The Hunchback of Notre Dame,movie,"[18, 16, 10751]","Isolated in the bell tower of Notre Dame, Quasimodo longs to experience the world beyond the cathedral walls, despite the wishes of his stern guardian, the Judge of Paris Claude Frollo. His first venture into the city leads him to Esmeralda, a fearless Romani woman whose defiance of Frollo's tyranny draws her—and Quasimodo—into his dangerous obsession.",1996-06-21,15.3655,7.135,/dmMBtXuFzZzLYgeQXkOkg98w2Ak.jpg
Selena Gomez: My Mind & Me,movie,"[99, 10402]","After years in the limelight, Selena Gomez achieves unimaginable stardom. But just as she reaches a new peak, an unexpected turn pulls her into darkness. This uniquely raw and intimate documentary spans her six-year journey into a new light.",2022-11-04,17.0281,8.452,/oMpsswJv8x4vnOnIKqs4xJs2Kn3.jpg
The Brink of War,movie,"[18, 36]","President Ronald Reagan races against time to salvage a deal with Soviet leader Mikhail Gorbachev that could dismantle nuclear arsenals—or ignite disaster. With pressure mounting on all sides, every word spoken brings the world closer to peace... or destruction.",2026-08-14,14.9399,8.0,/hFborW6HmffKL05GIWlkTFdvVpN.jpg
Evolution,movie,"[16, 10751, 35]","When an alien substance mixes Zoe’s DNA with that of her exotic pets, a hilarious adventure begins where humans turn into animals, animals turn into humans, and everyone must come to an agreement to save the world.",2026-02-06,13.6228,6.4,/8tMZOnlFUa6zxlEF84QfghXnjuD.jpg
The Irishman,movie,"[80, 18, 36]","Pennsylvania, 1956. Frank Sheeran, a war veteran of Irish origin who works as a truck driver, accidentally meets mobster Russell Bufalino. Once Frank becomes his trusted man, Bufalino sends him to Chicago with the task of helping Jimmy Hoffa, a powerful union leader related to organized crime, with whom Frank will maintain a close friendship for nearly twenty years.",2019-11-01,19.4348,7.571,/mbm8k3GFhXS0ROd9AD1gqYbIFbM.jpg
Solo: A Star Wars Story,movie,"[878, 12, 28]","Through a series of daring escapades deep within a dark and dangerous criminal underworld, Han Solo meets his mighty future copilot Chewbacca and encounters the notorious gambler Lando Calrissian.",2018-05-15,15.5338,6.553,/4oD6VEccFkorEBTEDXtpLAaz0Rl.jpg
Dumb and Dumber,movie,[35],"Lloyd and Harry are two men whose stupidity is really indescribable. When Mary, a beautiful woman, loses an important suitcase with money before she leaves for Aspen, the two friends (who have found the suitcase) decide to return it to her. After some ""adventures"" they finally get to Aspen where, using the lost money they live it up and fight for Mary's heart.",1994-12-16,15.5302,6.662,/4LdpBXiCyGKkR8FGHgjKlphrfUc.jpg
The Accountant²,movie,"[9648, 80, 53]","When an old acquaintance is murdered, Wolff is compelled to solve the case. Realizing more extreme measures are necessary, Wolff recruits his estranged and highly lethal brother, Brax, to help. In partnership with Marybeth Medina, they uncover a deadly conspiracy, becoming targets of a ruthless network of killers who will stop at nothing to keep their secrets buried.",2025-04-23,16.9909,7.078,/lUvfTcOZiK0sdcX0WNLPbMyKjGm.jpg
The Prince of Egypt,movie,"[12, 16, 18, 10751]","The strong bond between two Royal Egyptian brothers is challenged when their chosen responsibilities set them at odds, with extraordinary consequences.",1998-12-16,15.2778,7.323,/2xUjYwL6Ol7TLJPPKs7sYW5PWLX.jpg
Collateral,movie,"[18, 80, 53]",Cab driver Max picks up a man who offers him $600 to drive him around. But the promise of easy money sours when Max realizes his fare is an assassin.,2004-08-04,18.7153,7.249,/nV5316WUsVij8sVXLCF1g7TFitg.jpg
The Angry Birds Movie 2,movie,"[16, 12, 35, 10751, 28]","Red, Chuck, Bomb and the rest of their feathered friends are surprised when a green pig suggests that they put aside their differences and unite to fight a common threat. Aggressive birds from an island covered in ice are planning to use an elaborate weapon to destroy the fowl and swine.",2019-08-02,14.3634,7.052,/ebe8hJRCwdflNQbUjRrfmqtUiNi.jpg
Sex and the Single Girl,movie,"[35, 10749]",A womanizing reporter for a sleazy tabloid magazine impersonates his hen-pecked neighbor in order to get an expose on renowned psychologist Helen Gurley Brown.,1964-12-25,17.8717,6.554,/eGGj9foBY4jonHskGq7ysgf2ESR.jpg
Donnie Darko,movie,"[14, 18, 9648]","After narrowly escaping a bizarre accident, a troubled teenager is plagued by visions of a large bunny rabbit that manipulates him to commit a series of crimes.",2001-01-19,18.7133,7.76,/j2AtZFsflxiluaNtajMTI0Avm8C.jpg
Donnie Darko,movie,"[14, 18, 9648]","After narrowly escaping a bizarre accident, a troubled teenager is plagued by visions of a large bunny rabbit that manipulates him to commit a series of crimes.",2001-01-19,18.7133,7.76,/j2AtZFsflxiluaNtajMTI0Avm8C.jpg
Forgotten Island,movie,"[12, 16, 35, 10751, 14]","While celebrating their last night together, high school graduates and best friends Jo and Raissa stumble upon a mysterious portal that transports them to the fantastical island of Nakali. When they discover that the memories of their entire friendship are the price for returning home, Jo and Raissa will race to find a way to leave the island before they forget each other forever.",2026-09-16,14.8938,0.0,/kW1fH2jZZM5tVHwNaDdUOUXJvWU.jpg
Heartstopper Forever,movie,"[10749, 18]","It's a new school year for the Truham-Higgs gang. As Nick and Charlie's relationship deepens, their thoughts turn to life after the last bell rings.",2026-07-14,13.6987,7.2,/r4lVJVO1BeBb11cBcXBdbHc9e9k.jpg
Convent of Sinners,movie,"[18, 27]","Convent of Sinners is the story of Susanna, a young girl who is raped by her own father and sent to a convent for her sins, where she falls in love with a priest. The other nuns, however, are jealous and angry, they want Susanna for themselves, and accuse her of being possessed by the Devil.",1986-08-09,15.6296,5.276,/1L0BEF5ymuJeAW05fSGMB849Fnq.jpg
The Lego Ninjago Movie,movie,"[28, 12, 16, 35, 10751]","Six young ninjas are tasked with defending their island home of Ninjago. By night, they’re gifted warriors using their skill and awesome fleet of vehicles to fight villains and monsters. By day, they’re ordinary teens struggling against their greatest enemy....high school.",2017-09-21,13.0016,6.5,/vUo0pNXGhp2ffTJxiStWt6fHL7F.jpg
San Andreas,movie,"[28, 18, 53]","In the aftermath of a massive earthquake in California, a rescue-chopper pilot makes a dangerous journey across the state in order to rescue his estranged daughter.",2015-05-27,14.3974,6.251,/2Gfjn962aaFSD6eST6QU3oLDZTo.jpg
Talk to Me,movie,[27],"When a group of friends discover how to conjure spirits using an embalmed hand, they become hooked on the new thrill, until one of them goes too far and unleashes terrifying supernatural forces.",2023-07-26,15.9472,7.139,/kdPMUMJzyYAc4roD52qavX0nLIC.jpg
Indiana Jones and the Temple of Doom,movie,"[12, 28]","After arriving in India, Indiana Jones is asked by a desperate village to find a mystical stone. He agrees – and stumbles upon a secret cult plotting a terrible plan in the catacombs of an ancient palace.",1984-05-23,19.267,7.309,/gpdVNUaa4LhRMLfJOPj1AZdhAZ3.jpg
Ghost in the Shell,movie,"[878, 18, 28]","In the near future, Major is the first of her kind: a human saved from a terrible crash, then cyber-enhanced to be a perfect soldier devoted to stopping the world's most dangerous criminals.",2017-03-29,18.2804,6.112,/zCtL3UBgCoZzd7XTVGhvl6XY75E.jpg
Fatherland,movie,"[18, 36]","In 1949, German writer Thomas Mann and his daughter Erika embark on a road trip across a Germany in ruins, from US-dominated Frankfurt to Soviet-controlled Weimar.",2026-06-19,16.1133,6.2,/oNejN1l69nBF8LdQwy5FkAQZT44.jpg
Groundhog Day,movie,"[10749, 14, 35]","A cynical TV weatherman, along with his idealistic producer and his sardonic cameraman, is sent to report on Groundhog Day in the small town of Punxsutawney, where he finds himself repeating the same day over and over.",1993-02-11,16.7721,7.635,/gCgt1WARPZaXnq523ySQEUKinCs.jpg
No Thank You,movie,"[18, 35]","Heli Valkonen is desperately in love with her husband. But Matti is just not in the mood. He is only interested in playing computer games, dressed in worn out fleece pants. For him, a shoulder massage is the highest form of intimacy. When subtle hints, nice words and fetching clothes won't help, Heli resorts in direct, and increasingly direct action - in vain.",2014-01-10,19.4819,4.5,/xdPbM7uvl4s77Llpe38JdkxvtMX.jpg
Don't Look Up,movie,"[35, 878, 18]",Two astronomers go on a media tour to warn humankind of a planet-killing comet hurtling toward Earth. The response from a distracted world: Meh.,2021-12-08,16.072,7.057,/th4E1yqsE8DGpAseLiUrI60Hf8V.jpg
Cold Storage,movie,"[27, 878, 35]","When a mutating, highly contagious fungus escapes a sealed facility, two employees – joined by a grizzled bioterror operative – must survive the wildest night shift ever to save humanity from extinction.",2026-01-22,13.973,6.781,/3HA2iiq982e01EKXJvPFyfMADVM.jpg
Modori River,movie,"[80, 18, 10749]","The story of Takeha, a free-spirited genius poet who lived through Taisho Romanticism, and the women who gave themselves over to his ambitions.",1983-04-16,15.3975,5.7,/4EHBFyeBWN2N1llrZqyddMK8rsN.jpg
Van Helsing,movie,"[27, 12, 28]",Famed monster slayer Gabriel Van Helsing is dispatched to Transylvania to assist the last of the Valerious bloodline in defeating Count Dracula. Anna Valerious reveals that Dracula has formed an unholy alliance with Dr. Frankenstein's monster and is hell-bent on exacting a centuries-old curse on her family.,2004-05-03,13.5057,6.424,/gsFun8nATm52aGHeT8ueAel98nE.jpg
All Quiet on the Western Front,movie,"[10752, 18]","Paul Baumer and his friends Albert and Muller, egged on by romantic dreams of heroism, voluntarily enlist in the German army. Full of excitement and patriotic fervour, the boys enthusiastically march into a war they believe in. But once on the Western Front, they discover the soul-destroying horror of World War I.",2022-10-07,17.6496,7.743,/2IRjbi9cADuDMKmHdLK7LaqQDKA.jpg
The Tomorrow War,movie,"[28, 878, 12]","The world is stunned when a group of time travelers arrive from the year 2051 to deliver an urgent message: Thirty years in the future, mankind is losing a global war against a deadly alien species. The only hope for survival is for soldiers and civilians from the present to be transported to the future and join the fight. Among those recruited is high school teacher and family man Dan Forester. Determined to save the world for his young daughter, Dan teams up with a brilliant scientist and his estranged father in a desperate quest to rewrite the fate of the planet.",2021-09-03,16.2483,7.528,/34nDCQZwaEvsy4CFO5hkGRFDCVU.jpg
The Expendables,movie,"[53, 12, 28]","Barney Ross leads a band of highly skilled mercenaries including knife enthusiast Lee Christmas, a martial arts expert Yin Yang, heavy weapons specialist Hale Caesar, demolitionist Toll Road, and a loose-cannon sniper Gunner Jensen. When the group is commissioned by the mysterious Mr. Church to assassinate the dictator of a small South American island, Barney and Lee visit the remote locale to scout out their opposition and discover the true nature of the conflict engulfing the city.",2010-08-07,20.0097,6.251,/j09ZkH6R4JWVylBcDai1laCmGw7.jpg
Bridge to Terabithia,movie,"[12, 18, 10751]","Jesse Aarons trained all summer to become the fastest runner in school. So he's very upset when newcomer Leslie Burke outruns him and everyone else. Despite this and other differences including that she's rich, he's poor, she's a city girl, and he's a country boy the two become fast friends. Together they create Terabithia, a land of monsters, trolls, ogres, and giants where they rule as king and queen.",2007-02-15,16.3737,7.35,/3xFxGodKPMFLheS8rujFSmLfcq4.jpg
